dataset,model,explainer,metric,n_instances,mean,median,std,q25,q75,ci_low,ci_high,ci_status
german,lightgbm,lime,faithfulness_spearman,50,0.7387186292243064,0.7720138054152442,0.10667635228471292,0.6986572420835244,0.8150110578052092,0.7191122671818243,0.7593542243787966,OK
german,lightgbm,shap,faithfulness_spearman,50,0.5696518604529541,0.5685478733981315,0.167887275337709,0.4597199242312389,0.706757608206349,0.5364466505893428,0.6042104163686103,OK
german,mlp,lime,faithfulness_spearman,50,0.6980317474121394,0.71706132095057,0.1068376674958355,0.6330358450868929,0.7750328716091829,0.6839746875225817,0.712190617945019,OK
german,mlp,shap,faithfulness_spearman,50,0.5517919756458145,0.5812070241936267,0.20267786184181658,0.41996106528631594,0.7172558237417078,0.5198984960675362,0.5843780168767102,OK
german,random_forest,lime,faithfulness_spearman,50,0.7126005248390296,0.7455030657214661,0.11221692938318571,0.6511727262362297,0.7961646083812375,0.692161380218163,0.7338008285418743,OK
german,random_forest,shap,faithfulness_spearman,50,0.5784485389418894,0.5900218459253127,0.1694145987651175,0.47160118570398013,0.716799631625024,0.5442775132012183,0.61363516871904,OK
german,xgboost,lime,faithfulness_spearman,50,0.7378916636434135,0.7793602715680912,0.11723809528348213,0.6900480741677877,0.8188869436089967,0.7165440999382945,0.760734763316652,OK
german,xgboost,shap,faithfulness_spearman,50,0.5767962568128246,0.5736618269339608,0.15587409948863498,0.46474484381628056,0.704317889909863,0.5462269904721545,0.6091329487501018,OK
gmsc,lightgbm,lime,faithfulness_spearman,50,0.502398317453032,0.5460533760344654,0.22589196989907076,0.3555795011093797,0.6689980830488884,0.4602042079693163,0.5466946405149431,OK
gmsc,lightgbm,shap,faithfulness_spearman,50,0.5234826115014161,0.5624621199366552,0.2308685182093385,0.389599880653804,0.6718146489065477,0.47866628880865003,0.5710801016095665,OK
gmsc,mlp,lime,faithfulness_spearman,50,0.25635089869946676,0.2724878626948213,0.2827144710114132,0.0552188807225863,0.45672813347307495,0.20403784552328832,0.30834750040931835,OK
gmsc,mlp,shap,faithfulness_spearman,50,-0.07624617229369278,-0.13393594114536775,0.346299998610933,-0.3640551047291567,0.1739999290694017,-0.14529778117283637,-0.007172620686936959,OK
gmsc,random_forest,lime,faithfulness_spearman,50,0.5758136474223536,0.591729636427859,0.20783961091783193,0.4233447522064956,0.7345761102377698,0.5367343069099787,0.6158042547813117,OK
gmsc,random_forest,shap,faithfulness_spearman,50,0.1125557019983629,0.1563263498701806,0.2756293776657906,-0.0552188807225863,0.291794660966431,0.05664645996794076,0.17071416331468206,OK
gmsc,xgboost,lime,faithfulness_spearman,50,0.5056020585379744,0.5413275843088555,0.22741946932589188,0.3515231430592483,0.6687619998624351,0.4657178316159243,0.5477505666221822,OK
gmsc,xgboost,shap,faithfulness_spearman,50,0.23378411687139203,0.2880028748784307,0.3515829971150599,0.06083520089459825,0.49696278195845284,0.16301411023478146,0.3082355481799584,OK
taiwan,lightgbm,lime,faithfulness_spearman,50,0.46246793123471547,0.5002113507044917,0.2352224598013687,0.276375290288673,0.649266641547713,0.4146703717703057,0.5106519233990962,OK
taiwan,lightgbm,shap,faithfulness_spearman,50,0.483179345759728,0.5107405572526195,0.19624271265160503,0.3707248820138122,0.6373031432503224,0.44445963861636084,0.5228506067671871,OK
taiwan,mlp,lime,faithfulness_spearman,50,0.3106214219096849,0.4016931343506352,0.3969399401580274,-0.03842126595043392,0.6494710001758498,0.2255969665773709,0.39395051660405167,OK
taiwan,mlp,shap,faithfulness_spearman,50,0.3704365085375034,0.4239745200718552,0.2884319418100973,0.18656809487047976,0.5927571167674216,0.3176240982868976,0.42708709777411136,OK
taiwan,random_forest,lime,faithfulness_spearman,50,0.5545470842498269,0.624472617211194,0.24389667812257393,0.47720335235424194,0.7161027321509366,0.5054625268975785,0.6064394070944699,OK
taiwan,random_forest,shap,faithfulness_spearman,50,0.28419134480814207,0.29159293734990244,0.25304468373657707,0.08617641463123307,0.4603231328699099,0.23186473049447462,0.33555845283164604,OK
taiwan,xgboost,lime,faithfulness_spearman,50,0.4983032132148651,0.5263260530847746,0.2293103531833481,0.3353704389121092,0.6751666354610557,0.4525816125689291,0.5437860555058359,OK
taiwan,xgboost,shap,faithfulness_spearman,50,0.4581007497192191,0.5018523641427545,0.21989459470941228,0.30617220797634304,0.6300768069334117,0.4157239328728935,0.5030311095807851,OK
german,lightgbm,lime,topk_minus_random_k1,50,0.0648161001287176,0.01852150633239385,0.12755710422693345,-0.012959176945621799,0.09010614376005052,0.03862723483737473,0.08865650892505315,OK
german,lightgbm,shap,topk_minus_random_k1,50,0.22201419592475866,0.20507573826776282,0.18995542994117676,0.04322531585983215,0.36557960890573815,0.18220700124115172,0.2603986232235304,OK
german,mlp,lime,topk_minus_random_k1,50,0.009402238547271784,-0.006712877653563,0.06656246204179221,-0.018505172499323173,0.012767178035344426,-0.0009408122261098309,0.0189331639337701,OK
german,mlp,shap,topk_minus_random_k1,50,0.13599681816923867,0.0954544934645504,0.1286004550052085,0.05316484368904575,0.19609174319011421,0.12162408484775401,0.14952143197213996,OK
german,random_forest,lime,topk_minus_random_k1,50,0.006415679769823991,-0.00453962393474085,0.031789177696788115,-0.014976479420090725,0.0182514603738262,-7.018969920813154e-06,0.012598893414359507,OK
german,random_forest,shap,topk_minus_random_k1,50,0.11373820390804104,0.1239911738806658,0.08809117037319356,0.0264267834754511,0.17904037365488637,0.09494797635554303,0.13227718367607144,OK
german,xgboost,lime,topk_minus_random_k1,50,0.05709137215651572,0.00659209117293355,0.11343502510145902,-0.011873323936015326,0.08437651023268694,0.03295429199571687,0.07921307664587951,OK
german,xgboost,shap,topk_minus_random_k1,50,0.21349725436791778,0.20031196624040598,0.17157555067005378,0.055113587528467095,0.33757016062736506,0.17884611347625634,0.24765809628227725,OK
gmsc,lightgbm,lime,topk_minus_random_k1,50,-0.011706109477910126,-0.010812196557848649,0.03469449505340651,-0.029146510070497126,0.007912976293585826,-0.018220849264823463,-0.0051130039705722255,OK
gmsc,lightgbm,shap,topk_minus_random_k1,50,0.11618801016304593,0.07432860782342054,0.11427339381900999,0.027188044000203675,0.18873978649627005,0.09015391767176228,0.1406355187036982,OK
gmsc,mlp,lime,topk_minus_random_k1,50,-0.0021631931191447703,-0.00017440716266935,0.024222771617163866,-0.0036433741271636,0.0037322948442836,-0.006724639441683943,0.0028389924098783876,OK
gmsc,mlp,shap,topk_minus_random_k1,50,0.031109017436235602,-0.00067769523557255,0.07382844615233725,-0.0022385952868148253,0.030800151744771076,0.014770686310695606,0.04499588715577453,OK
gmsc,random_forest,lime,topk_minus_random_k1,50,-0.013025933077758234,-0.00650513714275845,0.027301097546029864,-0.026798001622228274,0.005407770246265075,-0.018340628757225374,-0.007412154145223096,OK
gmsc,random_forest,shap,topk_minus_random_k1,50,0.10459898670183544,0.02531739964756355,0.12376764831440208,0.012018850709529275,0.2062617483272167,0.07724932783460425,0.1312555371804361,OK
gmsc,xgboost,lime,topk_minus_random_k1,50,-0.009066819335333993,-0.008063592948019449,0.036577874602648185,-0.0275410963222384,0.00950364372692995,-0.01622937855811322,-0.0018528866329385579,OK
gmsc,xgboost,shap,topk_minus_random_k1,50,0.1024264411460608,0.044610783457756,0.12273674303660795,0.0105628024321049,0.18045618385076517,0.07562717562343252,0.12849719670345072,OK
taiwan,lightgbm,lime,topk_minus_random_k1,50,0.030820466480903627,0.010869431048218199,0.048299950526781654,-0.0051811820101036,0.07126841427464173,0.02119850225267158,0.03998297756495586,OK
taiwan,lightgbm,shap,topk_minus_random_k1,50,0.08910313141912667,0.0823276243791625,0.08755463597512131,0.0305886374372717,0.12383674816840781,0.06952375537023286,0.10628168480251152,OK
taiwan,mlp,lime,topk_minus_random_k1,50,0.021898841032535935,0.011269377340963449,0.037939181248855744,-0.002556340406966125,0.03801127345222713,0.01598207978894083,0.027716068714871367,OK
taiwan,mlp,shap,topk_minus_random_k1,50,0.08358962323796085,0.041904313299872556,0.12802259329078863,-0.0037527373469704497,0.109202057500426,0.056861363055899325,0.10841277674401717,OK
taiwan,random_forest,lime,topk_minus_random_k1,50,0.013751353929265731,0.010411931318548801,0.02207768802394531,-0.0013262392049252251,0.0240374171760246,0.00949777925081814,0.01797080613920778,OK
taiwan,random_forest,shap,topk_minus_random_k1,50,0.03209008661445232,-0.0036210743376220503,0.07976023996974717,-0.0069885411147601,0.045360391485704296,0.014303166020899555,0.04746326986050305,OK
taiwan,xgboost,lime,topk_minus_random_k1,50,0.03628955466579644,0.0223927423357963,0.04646849741328618,-0.0015856595709919752,0.07251253910362718,0.027655214570573475,0.04458491680772884,OK
taiwan,xgboost,shap,topk_minus_random_k1,50,0.07300238516367968,0.0632190704345703,0.09769514753218841,-0.007760028936900126,0.11011251434683796,0.05224195385419372,0.0921964652383758,OK
german,lightgbm,lime,faithfulness_enrichment_k1,50,2.592013049768298,1.740785309459925,2.738494491795922,0.38838911794142655,4.24838583572908,2.0728054813355414,3.094499413511659,OK
german,lightgbm,shap,faithfulness_enrichment_k1,50,8.8425468704583,6.690955555603201,8.075636498075554,3.6627564380704607,12.268084513360527,7.183998128696524,10.33673690386204,OK
german,mlp,lime,faithfulness_enrichment_k1,50,1.309660939636481,0.5872539911809439,2.0453152641312,0.25597580092565186,1.531621542221814,0.9523209474573142,1.6145420233916283,OK
german,mlp,shap,faithfulness_enrichment_k1,50,6.83202179607353,5.491301236004367,5.951359907626619,3.3004536559249944,8.524054540179417,5.944632655312858,7.638332606835774,OK
german,random_forest,lime,faithfulness_enrichment_k1,50,1.8069923231075335,0.6363706960594848,2.9056329396169693,0.1785264555209871,2.3318234540758214,1.2416198288035927,2.2870355005050875,OK
german,random_forest,shap,faithfulness_enrichment_k1,50,8.786906469841666,7.479315902719078,8.33507650198245,3.862726619060255,11.361731349809556,7.0714540373735835,10.361488611479576,OK
german,xgboost,lime,faithfulness_enrichment_k1,50,2.144338914926164,1.2203670144081116,2.309262079857563,0.45498111099004745,3.277750551700592,1.68189557565905,2.59267989028352,OK
german,xgboost,shap,faithfulness_enrichment_k1,50,8.043099120616914,6.65083909034729,6.643525491313523,3.6647986769676213,10.626655101776123,6.6972997183118546,9.278465007231295,OK
gmsc,lightgbm,lime,faithfulness_enrichment_k1,50,0.9723819534328556,0.47893581673768515,1.198783861824677,0.12902670622110138,1.502129670373647,0.7479713652875025,1.1855966404036575,OK
gmsc,lightgbm,shap,faithfulness_enrichment_k1,50,4.7047476595817646,4.129877202970354,3.4675994232371803,2.513133655194019,5.937101416678467,3.9756876446714604,5.388764534382849,OK
gmsc,mlp,lime,faithfulness_enrichment_k1,50,1.85465889035274,0.8752483779995264,2.9219819599589067,0.08341110362739758,2.52905965713535,1.318133805342979,2.3183843840248084,OK
gmsc,mlp,shap,faithfulness_enrichment_k1,50,2.4238308059771763,1.6896597070597723e-06,3.4576047014547084,2.861306450477186e-07,4.485123683247811,1.8414570394693566,3.0261212296787066,OK
gmsc,random_forest,lime,faithfulness_enrichment_k1,50,0.9293079439369619,0.5337193408920848,1.049817109103398,0.09041310781812698,1.5372279545375052,0.731401253179539,1.1203771320109697,OK
gmsc,random_forest,shap,faithfulness_enrichment_k1,50,4.824421830250798,3.9263331681937093,4.550212410684847,1.8727684602370678,6.326503264613931,3.8209188427139007,5.73436069277251,OK
gmsc,xgboost,lime,faithfulness_enrichment_k1,50,1.1287688666004687,0.5468403100967407,1.4658977507762947,0.09118119068443772,1.6706930994987488,0.8548835530652926,1.386520832744692,OK
gmsc,xgboost,shap,faithfulness_enrichment_k1,50,3.9845352884456515,3.355673313140869,3.7521486271771973,1.3612566590309143,5.396249413490295,3.170451872149208,4.734291529247339,OK
taiwan,lightgbm,lime,faithfulness_enrichment_k1,50,3.6495037243442265,1.5866588463232871,4.922146995925872,0.6097886774673233,5.161095892763072,2.652126052074538,4.504493607002906,OK
taiwan,lightgbm,shap,faithfulness_enrichment_k1,50,7.29449852034881,5.680716384644852,8.792387435857428,2.3521623919425165,9.151331478729006,5.362397298684458,8.880755627187773,OK
taiwan,mlp,lime,faithfulness_enrichment_k1,50,3.712358211210622,1.9153204689292918,4.477627495405581,0.7922363675533153,5.107034380886024,2.9624668388517055,4.401721266926961,OK
taiwan,mlp,shap,faithfulness_enrichment_k1,50,4.928799238854858,3.8640172292667785,5.224706637384539,2.4855971551242347e-06,7.647455534572467,3.9718390440516416,5.827554869511554,OK
taiwan,random_forest,lime,faithfulness_enrichment_k1,50,4.798145739326132,2.0994294424846585,10.345897111027934,0.8403051255286135,4.103400208681965,2.7783778282018092,6.363313599445042,OK
taiwan,random_forest,shap,faithfulness_enrichment_k1,50,2.607504516616803,0.17408382546885603,4.59212423362763,1.4817414020213256e-14,3.86534284212909,1.5943676551081976,3.5049887413946106,OK
taiwan,xgboost,lime,faithfulness_enrichment_k1,50,3.66620806360431,2.1936744451522827,4.056554026118242,0.8839279115200043,5.266380429267883,2.8883533452760766,4.358978566690964,OK
taiwan,xgboost,shap,faithfulness_enrichment_k1,50,4.8828605543226,3.8347504138946533,5.576391754606654,0.5007511451840401,7.302219748497009,3.701117785946333,5.934572892362251,OK
german,lightgbm,lime,topk_minus_random_k3,50,0.07170787220823621,0.02033860889052095,0.15606988502089728,-0.04279641316301258,0.1609588257608825,0.042079958540028835,0.10168445344829191,OK
german,lightgbm,shap,topk_minus_random_k3,50,0.2706117972625908,0.22399550532081913,0.22427340370599738,0.0998302821003883,0.453953394911163,0.2242592781886777,0.3169401150736587,OK
german,mlp,lime,topk_minus_random_k3,50,0.04214233337786889,0.0156613535644922,0.11019600526242891,-0.023991932006685097,0.07324840008702517,0.027867330224610482,0.05557205102256698,OK
german,mlp,shap,topk_minus_random_k3,50,0.14462670453782772,0.11116491341672244,0.1775786102151345,0.0132340030830842,0.22994734334753844,0.12540448477985155,0.16312576767738154,OK
german,random_forest,lime,topk_minus_random_k3,50,0.03685638387258426,0.02074974237606855,0.0648437508794579,-0.010628841851434576,0.06677694693282646,0.025039723165703104,0.047992524050868,OK
german,random_forest,shap,topk_minus_random_k3,50,0.14031696582158043,0.14473200996533897,0.11689120720228584,0.03048833871292145,0.21525891264766972,0.11581579497740567,0.1653372813414884,OK
german,xgboost,lime,topk_minus_random_k3,50,0.07455090647563338,0.0289554968476295,0.1628177069583621,-0.041382147930562475,0.1742869913578033,0.04199624873242566,0.10641929673799604,OK
german,xgboost,shap,topk_minus_random_k3,50,0.31341873099282386,0.2654806077480316,0.24908428305540692,0.11531623452901837,0.5480021983385086,0.2610407423754318,0.36561954103466565,OK
gmsc,lightgbm,lime,topk_minus_random_k3,50,0.024482958900470628,0.0063806688455898,0.11016612186104155,-0.025266978471855574,0.04045348645375602,0.001932219096842928,0.046368681407659006,OK
gmsc,lightgbm,shap,topk_minus_random_k3,50,0.1322547376507048,0.083337411724105,0.1420993424396655,0.04099335171859798,0.2089232705886651,0.10165786818079163,0.16128346323628073,OK
gmsc,mlp,lime,topk_minus_random_k3,50,-0.005398154649726464,-0.0012916459237405,0.04062383942174042,-0.006417144972780875,0.0035505992392115496,-0.010702504045756974,0.0006064083125721662,OK
gmsc,mlp,shap,topk_minus_random_k3,50,0.027709426123678837,0.0049760210589763505,0.0779552765699239,-0.00372964848316695,0.018829144338620873,0.01043509385577341,0.0415818398157892,OK
gmsc,random_forest,lime,topk_minus_random_k3,50,0.03842493565572223,0.02406606670485025,0.10278315286420252,-0.012705178758298375,0.05575543658449188,0.01681311239178302,0.059254570556482845,OK
gmsc,random_forest,shap,topk_minus_random_k3,50,0.10266085249728626,0.0554063564780872,0.13613348543392947,0.00027409403694514996,0.17648949619670018,0.07300377689771931,0.13067697432396225,OK
gmsc,xgboost,lime,topk_minus_random_k3,50,0.03142114318162202,0.00985530205070965,0.10441803820170512,-0.019844557158648923,0.05545058567076915,0.01236907931722645,0.04959722331233527,OK
gmsc,xgboost,shap,topk_minus_random_k3,50,0.1053827966414392,0.07181466743350025,0.14376831595869097,-0.00013170577585692498,0.16121125593781466,0.07555300796324695,0.13408597607468348,OK
taiwan,lightgbm,lime,topk_minus_random_k3,50,0.019614682316529596,0.01215446743230835,0.06255219849300886,-0.021389872852375376,0.05201008293369307,0.009891399996744708,0.029296513562629523,OK
taiwan,lightgbm,shap,topk_minus_random_k3,50,0.131723049834766,0.0972056674188258,0.12315890796958677,0.04295269415215172,0.1990888490239361,0.10587327282844428,0.15538017140447563,OK
taiwan,mlp,lime,topk_minus_random_k3,50,0.009434338030608565,0.00772585022156365,0.04528101717739191,-0.01541262658646785,0.03536956649964387,0.0022169269364820973,0.01699991816842437,OK
taiwan,mlp,shap,topk_minus_random_k3,50,0.09628736320418677,0.0432409565286768,0.13038651696497205,0.01007129951335655,0.13538949217974225,0.06944986312823806,0.1209392687622268,OK
taiwan,random_forest,lime,topk_minus_random_k3,50,0.0073038180033352645,0.008782788593062401,0.03158267993249374,-0.0104992580527398,0.02495888797599815,0.001198306140408747,0.013357834432893581,OK
taiwan,random_forest,shap,topk_minus_random_k3,50,0.0642195846591665,0.0286617512848403,0.09920930437257744,0.00611572170574555,0.06660124338845617,0.04238179790056402,0.08373918934969628,OK
taiwan,xgboost,lime,topk_minus_random_k3,50,0.03279874247685073,0.02471415325999255,0.06430231805982109,-0.016590284183621375,0.0752766747027635,0.023101335102604197,0.042339759081782335,OK
taiwan,xgboost,shap,topk_minus_random_k3,50,0.12672696622088553,0.08742895349860186,0.13035118972551468,0.029537645168602425,0.20801292359828943,0.09910296732566475,0.15179427574947477,OK
german,lightgbm,lime,faithfulness_enrichment_k3,50,2.106902394431506,1.2668374688864699,2.4045176682113443,0.4818226835101989,3.060388715442465,1.634612227196768,2.5326500902603755,OK
german,lightgbm,shap,faithfulness_enrichment_k3,50,6.029806980688175,3.3200025089626495,7.546121104563556,1.973702169851926,5.49785116765886,4.450071551610296,7.503863967915097,OK
german,mlp,lime,faithfulness_enrichment_k3,50,1.6219927225581556,1.260008243470698,1.430569689208278,0.5550424022401252,2.2127476624015063,1.4286846491241465,1.8025541291378606,OK
german,mlp,shap,faithfulness_enrichment_k3,50,4.157347323763927,2.9331337724737594,6.388413929900026,1.230111734097071,4.799421375553988,3.3158227934589433,4.892931155642922,OK
german,random_forest,lime,faithfulness_enrichment_k3,50,1.988508976233014,1.6098233555417183,1.5681377576005409,0.8245954878749109,2.823151134084125,1.6839658606000107,2.270432680681396,OK
german,random_forest,shap,faithfulness_enrichment_k3,50,4.048529224476926,4.004825623252159,2.462823459448031,1.9376687689236314,5.53712287496767,3.537370634796578,4.565674233480446,OK
german,xgboost,lime,faithfulness_enrichment_k3,50,2.1112672990746795,1.3971218466758728,2.460424945455452,0.593156173825264,2.79895269870758,1.6229482400776745,2.5607839150485714,OK
german,xgboost,shap,faithfulness_enrichment_k3,50,6.696289382070303,3.4412505626678467,8.600027865301726,2.096086084842682,6.482567071914673,4.920555120414264,8.396339594818476,OK
gmsc,lightgbm,lime,faithfulness_enrichment_k3,50,1.321934932145126,1.161183411656669,0.9311648744341124,0.5273870274323332,2.0418637411368135,1.1327948722378114,1.505624625724384,OK
gmsc,lightgbm,shap,faithfulness_enrichment_k3,50,2.6041078119318324,2.4940477966668944,1.321375850589043,1.8538322329817052,3.3224552461973347,2.3334350025272133,2.8707593067042563,OK
gmsc,mlp,lime,faithfulness_enrichment_k3,50,1.0403374452584035,0.7674089841437397,0.9393520968443917,0.3401713727757319,1.4895156549925725,0.8884573608066334,1.1835303262422214,OK
gmsc,mlp,shap,faithfulness_enrichment_k3,50,1.4470213749312852,1.4194954092085799,1.3053957422262643,3.992782395174111e-07,2.4496468188221794,1.2201787244324593,1.6789622788771457,OK
gmsc,random_forest,lime,faithfulness_enrichment_k3,50,1.6155292718014251,1.6025169334745675,1.0964420881134724,0.5021008760133105,2.43455408795365,1.3972438043191104,1.8331194122358039,OK
gmsc,random_forest,shap,faithfulness_enrichment_k3,50,2.19216751129983,2.150377388745083,1.4420123590709182,1.012036234292011,3.259352434736171,1.8844322070457902,2.479760130236105,OK
gmsc,xgboost,lime,faithfulness_enrichment_k3,50,1.3922721939645708,1.2308501601219177,0.9040948963316698,0.7042565047740936,1.9926502704620361,1.2324202257508947,1.549460223985342,OK
gmsc,xgboost,shap,faithfulness_enrichment_k3,50,2.261060062658042,1.9927200078964233,1.672048190484215,0.9975644201040267,3.205840528011322,1.92155398668646,2.5952159884742283,OK
taiwan,lightgbm,lime,faithfulness_enrichment_k3,50,1.865978155949866,1.3184600583847808,2.1312534555263474,0.3730181570169124,2.4697517788502785,1.4761072203205283,2.201664520392911,OK
taiwan,lightgbm,shap,faithfulness_enrichment_k3,50,4.265841396630891,3.8564946263864925,3.0354986377661883,2.114253922083317,5.384706499367284,3.631941650584575,4.853286726358586,OK
taiwan,mlp,lime,faithfulness_enrichment_k3,50,1.7806630197438604,1.301258462787703,1.6577126382716203,0.47951980585770204,2.587751699845956,1.5011389880329318,2.046114785989311,OK
taiwan,mlp,shap,faithfulness_enrichment_k3,50,3.5818084003176023,2.935470126540096,2.8583383472404913,1.5091905599646742,4.794149542050302,3.0807188138684,4.050569140594003,OK
taiwan,random_forest,lime,faithfulness_enrichment_k3,50,1.7912229408613538,1.3574375156625487,1.5099100865350272,0.520165663893595,2.8595872856742677,1.4999916356874479,2.0622858321850734,OK
taiwan,random_forest,shap,faithfulness_enrichment_k3,50,3.0918201451647516,2.222567410929223,2.4742843814813766,1.3005857155872453,4.53378325018072,2.5784255972218455,3.5762052070918626,OK
taiwan,xgboost,lime,faithfulness_enrichment_k3,50,1.9795398958101869,1.6208375096321106,1.673876332862336,0.6343988478183746,2.8391836285591125,1.677172994046705,2.259313784369359,OK
taiwan,xgboost,shap,faithfulness_enrichment_k3,50,3.9720574977099896,3.170733332633972,3.288236631508438,1.8392094373703,4.830953001976013,3.2760344908581547,4.592443107130626,OK
german,lightgbm,lime,topk_minus_random_k5,50,0.06872162710216023,0.036417999520958644,0.17691753086531217,-0.06462900728965568,0.17452807918377566,0.03546897721232953,0.10248669995282432,OK
german,lightgbm,shap,topk_minus_random_k5,50,0.2719613953744974,0.2662654527810743,0.23595204124424105,0.08194224189967003,0.4495119437742484,0.22469659496772182,0.32098107492029987,OK
german,mlp,lime,topk_minus_random_k5,50,0.06551993810879449,0.0380173247941721,0.1408028194896515,-0.03449569536570605,0.13636484558935225,0.04914292798764726,0.08117078760060119,OK
german,mlp,shap,topk_minus_random_k5,50,0.13221186565659684,0.0977872984274923,0.17205803507480924,0.018423113050059673,0.21792432120100272,0.11083432015355667,0.15395918858162191,OK
german,random_forest,lime,topk_minus_random_k5,50,0.05879490282216893,0.0314813919814965,0.09198623550264047,-0.0129844102670235,0.13693003975733492,0.040551708527013626,0.07562199083730867,OK
german,random_forest,shap,topk_minus_random_k5,50,0.12175646989381703,0.097443203328221,0.11798790449928184,0.01829954211201615,0.20981181814881694,0.0972911150678169,0.14637721629834505,OK
german,xgboost,lime,topk_minus_random_k5,50,0.08369429689645767,0.0691382400691509,0.17140533538962255,-0.04031218215823168,0.18257498368620867,0.051721033419222164,0.11566825647637331,OK
german,xgboost,shap,topk_minus_random_k5,50,0.3342477387189865,0.33459605276584625,0.2689254974495612,0.09214751794934267,0.5532586127519608,0.2792769787304708,0.39067972811359547,OK
gmsc,lightgbm,lime,topk_minus_random_k5,50,0.05390472286523934,0.0290379570954216,0.10759388220365469,-0.011399907150734825,0.09429287860427703,0.03237788312725981,0.07447862204628676,OK
gmsc,lightgbm,shap,topk_minus_random_k5,50,0.0974045151717259,0.05919371630928735,0.11746377517070565,0.019700988704512024,0.1537972999098928,0.07229373766340748,0.12102331757367829,OK
gmsc,mlp,lime,topk_minus_random_k5,50,0.009535429416300195,0.0026458006691726,0.038186669464752146,-0.00234443833787325,0.01126166145846955,0.0025829425422067144,0.014853278739976007,OK
gmsc,mlp,shap,topk_minus_random_k5,50,0.01984416218353916,0.00497397806692365,0.05396333928218457,-0.000360645584915825,0.013970275725777475,0.00767166714165046,0.02940840900109251,OK
gmsc,random_forest,lime,topk_minus_random_k5,50,0.0450518310157171,0.02678402431979185,0.09769671590431156,-0.009021382248022725,0.0864493533735389,0.0249958752249077,0.06444048744220841,OK
gmsc,random_forest,shap,topk_minus_random_k5,50,0.07925735737630006,0.0494996986282581,0.0990675180739943,0.009111137163097374,0.1301383395928276,0.057732157075987396,0.09962496321249294,OK
gmsc,xgboost,lime,topk_minus_random_k5,50,0.056791134856641286,0.0380928330123424,0.10128730052910934,-0.0124223548918962,0.10558344051241866,0.03702805475660013,0.0752404096788282,OK
gmsc,xgboost,shap,topk_minus_random_k5,50,0.0802861899808049,0.05493708513677115,0.10783918486827386,0.0034574782475829,0.14191358909010882,0.05789036148961518,0.10224457099263573,OK
taiwan,lightgbm,lime,topk_minus_random_k5,50,0.012648566236232128,0.00995581781958145,0.06338851199851084,-0.02746559108490785,0.05155479104985732,0.0017754727894018752,0.02367109415919429,OK
taiwan,lightgbm,shap,topk_minus_random_k5,50,0.144118701384071,0.0979531903011644,0.13708772584389756,0.031285810730001175,0.24706720144890898,0.11519741878417492,0.17123763959412092,OK
taiwan,mlp,lime,topk_minus_random_k5,50,-0.003922361964085685,0.00103862645753545,0.06360611371244895,-0.02714462921002835,0.0288389664912882,-0.01484910963252954,0.007889736222048084,OK
taiwan,mlp,shap,topk_minus_random_k5,50,0.0895794902255111,0.04461943337191785,0.1313163984411752,0.006371256617734875,0.12548061290959883,0.062393819802843545,0.11383469521654614,OK
taiwan,random_forest,lime,topk_minus_random_k5,50,-0.0006237260607020478,0.007035849338831951,0.04173341451917106,-0.0233089005078544,0.025392483763289075,-0.008945846163087056,0.008023481100301473,OK
taiwan,random_forest,shap,topk_minus_random_k5,50,0.07452851822001547,0.037867490054975694,0.11303799121652179,0.0037079988951923,0.07950737853319953,0.049841249571112814,0.09723270699177576,OK
taiwan,xgboost,lime,topk_minus_random_k5,50,0.020786283943802105,0.0219205934554338,0.06833266660629815,-0.02125865221023555,0.06974182650446888,0.008852203727826803,0.032868613470618195,OK
taiwan,xgboost,shap,topk_minus_random_k5,50,0.13679829350486397,0.09375311061739916,0.14331511054212306,0.026478067971765974,0.22402550652623174,0.10674866356767938,0.16455796367711115,OK
german,lightgbm,lime,faithfulness_enrichment_k5,50,2.1271084049654267,1.2640175006721432,3.8308868044862323,0.5337948778754225,2.2856433423957485,1.4523839764244286,2.666704300721187,OK
german,lightgbm,shap,faithfulness_enrichment_k5,50,4.114534033697383,2.679886450229533,6.9617131451953504,1.6260058710484877,3.8862509194736687,2.792280017949515,5.144765578067077,OK
german,mlp,lime,faithfulness_enrichment_k5,50,1.85295261983506,1.4437336797445204,1.834700918797547,0.5752977279696836,2.5337005338427687,1.6248288984950434,2.0581475892754537,OK
german,mlp,shap,faithfulness_enrichment_k5,50,2.914903346757642,2.187566790476232,4.2620275165905985,1.1333076195659413,3.456070016043124,2.3364192753208908,3.3861022316393212,OK
german,random_forest,lime,faithfulness_enrichment_k5,50,1.9252483569627652,1.6207733705522864,1.4342187230286443,0.8264589195311134,2.879447568170384,1.6481903638979816,2.1867935650029917,OK
german,random_forest,shap,faithfulness_enrichment_k5,50,2.6305470758110197,2.5822578546785064,1.4475618246476345,1.4749008557861254,3.764136635447839,2.333414413576544,2.923361700986309,OK
german,xgboost,lime,faithfulness_enrichment_k5,50,1.875235446676612,1.5003708600997925,1.7771864008368807,0.6487656235694885,2.4203556180000305,1.5289695360208628,2.1962073616991984,OK
german,xgboost,shap,faithfulness_enrichment_k5,50,4.210002627447247,2.842989206314087,5.465739011825692,1.7506257891654968,4.278820753097534,3.067988209210957,5.162970905855182,OK
gmsc,lightgbm,lime,faithfulness_enrichment_k5,50,1.387371565829551,1.4336596756861255,0.7012461869081027,0.780570918575103,1.8379535730996208,1.2484572702906889,1.5212920533950767,OK
gmsc,lightgbm,shap,faithfulness_enrichment_k5,50,1.707499943123511,1.769298700106956,0.6880496421518286,1.2266668553529798,2.096159132653258,1.5723036410698414,1.8427638813111296,OK
gmsc,mlp,lime,faithfulness_enrichment_k5,50,1.2561989006335148,1.279358933803674,0.7311321443643213,0.6570190784352449,1.6748007059569991,1.1387594544339836,1.3684986221547555,OK
gmsc,mlp,shap,faithfulness_enrichment_k5,50,1.4260121765120488,1.4313580433820383,0.755897559368078,0.9596305544290564,1.8361668970804947,1.3154324468263578,1.5459025932440944,OK
gmsc,random_forest,lime,faithfulness_enrichment_k5,50,1.3885665718970421,1.4924642147715244,0.7428822157723902,0.8084770123769195,1.9914680306570403,1.2461546536743624,1.5406884252284017,OK
gmsc,random_forest,shap,faithfulness_enrichment_k5,50,1.6620903472826032,1.652783441025729,0.716438968014228,1.2783049125896329,2.0814677807545614,1.5161496438876154,1.8065208789920855,OK
gmsc,xgboost,lime,faithfulness_enrichment_k5,50,1.4038675916939973,1.4409036040306091,0.7074914684794318,0.8421851992607117,1.9326290786266327,1.2671015079438301,1.5357721971107283,OK
gmsc,xgboost,shap,faithfulness_enrichment_k5,50,1.5968347315937281,1.6502434611320496,0.8166756779537755,1.0530706942081451,2.076302170753479,1.43614933463512,1.759358989880886,OK
taiwan,lightgbm,lime,faithfulness_enrichment_k5,50,1.3853448442225276,1.1302463986219005,1.023548941875209,0.5767817085656586,2.0995673326580495,1.2162308615987376,1.5545299481595765,OK
taiwan,lightgbm,shap,faithfulness_enrichment_k5,50,3.0550085175525585,2.686227233224659,2.0132344989000126,1.7327358112796791,3.8797329499054536,2.628651368157198,3.432706655442416,OK
taiwan,mlp,lime,faithfulness_enrichment_k5,50,1.3243433164559801,1.0275030074844675,1.136632246928864,0.37137333883317947,1.9596957611965913,1.1295304741855041,1.5142155688528165,OK
taiwan,mlp,shap,faithfulness_enrichment_k5,50,2.5038841190140064,2.3705346908385536,1.671501416092855,1.2457928802390694,3.432541980253555,2.230031134328997,2.763571794342377,OK
taiwan,random_forest,lime,faithfulness_enrichment_k5,50,1.3739686291468556,1.2478224961382576,1.0880687932651163,0.4781847998498905,2.007264901751171,1.1596892454202659,1.5793649103108771,OK
taiwan,random_forest,shap,faithfulness_enrichment_k5,50,2.3856439800448617,2.213421885010087,1.527010549787733,1.1647263117130073,3.4010115037774407,2.060436681037602,2.696716935948185,OK
taiwan,xgboost,lime,faithfulness_enrichment_k5,50,1.5066369899271521,1.4171096086502075,1.0503508324360185,0.5955175012350082,2.3190839886665344,1.319004047182736,1.6923925908366397,OK
taiwan,xgboost,shap,faithfulness_enrichment_k5,50,2.8514296087101103,2.521223783493042,2.0934159116649673,1.6359383463859558,3.6811278462409978,2.4076463504938475,3.245208916239495,OK
german,lightgbm,lime,topk_minus_random_k10,50,0.1083406900516632,0.06158065878983965,0.22926716529047844,-0.05390261009166442,0.2620737947692727,0.06461467168570746,0.15030045751310186,OK
german,lightgbm,shap,topk_minus_random_k10,50,0.17954477541912917,0.1465724795537937,0.20544983584840368,0.020859867877417525,0.3146527268352796,0.13745057164408908,0.22189653817056698,OK
german,mlp,lime,topk_minus_random_k10,50,0.09678401266239764,0.07793447418979174,0.15576641163502053,-0.01104091579084475,0.15839997819079993,0.07595958954620977,0.11835419017710136,OK
german,mlp,shap,topk_minus_random_k10,50,0.08589438067439169,0.06192630292375205,0.14508239862898575,-0.0081277997938815,0.16497641870857366,0.06652315793588638,0.10548224524974058,OK
german,random_forest,lime,topk_minus_random_k10,50,0.07790188114340825,0.0678939424885919,0.09474387616237989,-0.0021086783173752998,0.1474357574221563,0.0594106064391443,0.0968469622065933,OK
german,random_forest,shap,topk_minus_random_k10,50,0.0729095841285035,0.05081661351720655,0.09772938627193009,-0.0017089690631285751,0.13744438131884568,0.05251992309850538,0.09310373784128496,OK
german,xgboost,lime,topk_minus_random_k10,50,0.2077691629230976,0.1952196657657623,0.21205801867194957,0.06234283000230782,0.36920470744371414,0.16558445445246375,0.24837051207492392,OK
german,xgboost,shap,topk_minus_random_k10,50,0.2308285791873932,0.2314565777778625,0.22761975674208634,0.03877483122050758,0.3977726548910141,0.18502472390948485,0.2781278916316166,OK
gmsc,lightgbm,lime,topk_minus_random_k10,50,-7.53563877964325e-18,0.0,8.217305938649676e-17,-1.3877787807814457e-17,1.3877787807814457e-17,-1.6150967207557555e-17,2.0816681711721684e-18,OK
gmsc,lightgbm,shap,topk_minus_random_k10,50,-7.53563877964325e-18,0.0,8.217305938649676e-17,-1.3877787807814457e-17,1.3877787807814457e-17,-1.6150967207557555e-17,2.0816681711721684e-18,OK
gmsc,mlp,lime,topk_minus_random_k10,50,1.7520707107365748e-18,0.0,3.795091800718323e-17,-1.734723475976807e-18,1.734723475976807e-18,-1.865386265066954e-18,4.660807724614228e-18,OK
gmsc,mlp,shap,topk_minus_random_k10,50,1.7520707107365748e-18,0.0,3.795091800718323e-17,-1.734723475976807e-18,1.734723475976807e-18,-1.865386265066954e-18,4.660807724614228e-18,OK
gmsc,random_forest,lime,topk_minus_random_k10,50,-3.37924133120282e-18,0.0,6.733555021927999e-17,-2.775557561562892e-17,1.3877787807814457e-17,-8.774427197367009e-18,2.218395921505976e-18,OK
gmsc,random_forest,shap,topk_minus_random_k10,50,-3.1988300897012324e-18,0.0,6.876098270765461e-17,-2.775557561562892e-17,1.3877787807814457e-17,-1.0558813162889107e-17,3.829112952639455e-18,OK
gmsc,xgboost,lime,topk_minus_random_k10,50,1.367181539535522e-09,0.0,3.999382573618612e-08,-7.450580596923828e-09,1.3969838619232178e-08,-3.036710092079677e-09,5.363434413696991e-09,OK
gmsc,xgboost,shap,topk_minus_random_k10,50,1.367181539535522e-09,0.0,3.999382573618612e-08,-7.450580596923828e-09,1.3969838619232178e-08,-3.036710092079677e-09,5.363434413696991e-09,OK
taiwan,lightgbm,lime,topk_minus_random_k10,50,-0.006406139728802732,0.004493458948358901,0.0814179089851204,-0.046018050917670576,0.048209546490983475,-0.022395305439351827,0.009375030617552144,OK
taiwan,lightgbm,shap,topk_minus_random_k10,50,0.13218301738406202,0.08116444305567394,0.15953410664920054,0.013951757395331325,0.20448294156084224,0.09743040881464156,0.16445271517648968,OK
taiwan,mlp,lime,topk_minus_random_k10,50,-0.028531352687618014,-0.0066441198522042,0.07420540665554186,-0.04796850569159905,0.01751331078230795,-0.042122429088829835,-0.014062872255554037,OK
taiwan,mlp,shap,topk_minus_random_k10,50,0.07914090270961167,0.043960127450041256,0.12258605379491108,0.00693239865627585,0.1099584556242727,0.05454263446387399,0.10161063609183048,OK
taiwan,random_forest,lime,topk_minus_random_k10,50,-0.00337987582549629,0.01245288327939085,0.0726818645538288,-0.016705976856258773,0.04297042997771365,-0.01774295372880555,0.012329677427747356,OK
taiwan,random_forest,shap,topk_minus_random_k10,50,0.07862194525138333,0.04017104417913025,0.11330624480270186,0.00939293333095205,0.08497971051205365,0.053977119070917304,0.1016901925276203,OK
taiwan,xgboost,lime,topk_minus_random_k10,50,-0.004255087867379196,0.0144800748676061,0.0842047458851771,-0.04554257355630395,0.04885030724108218,-0.020234839130134786,0.01228456757053552,OK
taiwan,xgboost,shap,topk_minus_random_k10,50,0.12062487662583589,0.06908998638391489,0.16208670670444567,0.005052981898188549,0.17949523031711573,0.08570724501919078,0.15303257034324544,OK
german,lightgbm,lime,faithfulness_enrichment_k10,50,1.5451450478386104,1.3012914379710954,1.16406508859803,0.7181280913789396,2.0146008156526753,1.3135835902413964,1.7733427773169343,OK
german,lightgbm,shap,faithfulness_enrichment_k10,50,1.8115524326679657,1.5673041974982973,1.237307692850151,1.100048669938367,2.2116203763251727,1.5520229553007032,2.044460956035486,OK
german,mlp,lime,faithfulness_enrichment_k10,50,1.6538367356379344,1.5970443597026884,1.1620489566143668,0.9419616764568436,2.2208746526653007,1.4896299561036095,1.8188537064762935,OK
german,mlp,shap,faithfulness_enrichment_k10,50,1.65178400558269,1.522975105977239,1.0969305046607496,0.9357907812112405,2.1458515281405175,1.485200118825656,1.810492127028723,OK
german,random_forest,lime,faithfulness_enrichment_k10,50,1.5109020825844102,1.6524960304568967,0.7088007715162705,0.9718183406266061,2.0388454745981157,1.3850756615444133,1.6424068225385675,OK
german,random_forest,shap,faithfulness_enrichment_k10,50,1.5102614392431033,1.5639330845823651,0.731826461257097,0.9727524899332921,1.9849753012541673,1.3663322506742066,1.6511341637054266,OK
german,xgboost,lime,faithfulness_enrichment_k10,50,1.795599356994033,1.8153374195098877,0.9465715156668645,1.3054116666316986,2.1882604360580444,1.6108123540907058,1.9769760718776013,OK
german,xgboost,shap,faithfulness_enrichment_k10,50,1.922865545719862,1.7590032815933228,1.2504324730791891,1.205018788576126,2.2574961185455322,1.659935177262869,2.1681551491232476,OK
gmsc,lightgbm,lime,faithfulness_enrichment_k10,50,1.0,1.0,2.684812194820523e-16,0.9999999999999998,1.0000000000000002,1.0,1.0,OK
gmsc,lightgbm,shap,faithfulness_enrichment_k10,50,1.0,1.0,2.684812194820523e-16,0.9999999999999998,1.0000000000000002,1.0,1.0,OK
gmsc,mlp,lime,faithfulness_enrichment_k10,50,1.0,1.0,2.6431703297108167e-16,0.9999999999999998,1.0000000000000002,1.0,1.0,OK
gmsc,mlp,shap,faithfulness_enrichment_k10,50,1.0,1.0,2.6431703297108167e-16,0.9999999999999998,1.0000000000000002,1.0,1.0,OK
gmsc,random_forest,lime,faithfulness_enrichment_k10,50,1.0,1.0,2.634762980980434e-16,0.9999999999999998,1.0000000000000002,1.0,1.0,OK
gmsc,random_forest,shap,faithfulness_enrichment_k10,50,1.0,1.0,2.613154647321774e-16,0.9999999999999998,1.0000000000000002,1.0,1.0,OK
gmsc,xgboost,lime,faithfulness_enrichment_k10,50,0.9999999990463256,1.0,1.2468265946223892e-07,0.9999998807907104,1.0000001192092896,0.9999999858438968,1.000000011920929,OK
gmsc,xgboost,shap,faithfulness_enrichment_k10,50,0.9999999990463256,1.0,1.2468265946223892e-07,0.9999998807907104,1.0000001192092896,0.9999999858438968,1.000000011920929,OK
taiwan,lightgbm,lime,faithfulness_enrichment_k10,50,1.0815702919946555,1.0636928372877168,0.7277487234330741,0.4271635412278487,1.5925581553755164,0.9394597454108095,1.2180424435337949,OK
taiwan,lightgbm,shap,faithfulness_enrichment_k10,50,1.9326395035272412,1.8287881736188547,1.1373265374163728,1.1952042206403193,2.3470230337773392,1.6952423798912981,2.148259352571516,OK
taiwan,mlp,lime,faithfulness_enrichment_k10,50,0.9502931387373278,0.8442240240515362,0.6795790542540087,0.39520384779088935,1.3766715982816196,0.8350848608824235,1.0654247595461896,OK
taiwan,mlp,shap,faithfulness_enrichment_k10,50,1.8440132420573763,1.7944289422279638,1.0603511882693952,1.1845993539851802,2.402812764304148,1.687087144814162,1.9984883708549475,OK
taiwan,random_forest,lime,faithfulness_enrichment_k10,50,1.3152823857773623,1.2618130839501451,0.8519763485872297,0.6717774010058388,1.926048857938722,1.1481371650868846,1.4813555889075511,OK
taiwan,random_forest,shap,faithfulness_enrichment_k10,50,1.8280661415115615,1.751301745271824,0.8951085704063856,1.2479418060511183,2.4955267398163947,1.6537168533065978,2.01154237309931,OK
taiwan,xgboost,lime,faithfulness_enrichment_k10,50,1.1191305251037702,1.1549914479255676,0.7078970509224505,0.5027567446231842,1.6545725762844086,0.9892679124012163,1.2519847091181948,OK
taiwan,xgboost,shap,faithfulness_enrichment_k10,50,1.8316622977014632,1.757674217224121,1.172699896459119,1.0860779583454132,2.3118436932563786,1.585231561873687,2.0555362499591427,OK
