dataset,model,instance_index,category_correlation,category_rank_agreement,category_sign_agreement
german,xgboost,6,-0.8692923142833626,0.696969696969697,0.6
german,xgboost,8,-0.7723476351217907,0.6363636363636364,0.3
german,xgboost,9,0.38930365780379544,0.6727272727272727,0.8
german,xgboost,10,0.5152537103679486,0.7212121212121212,0.5
german,xgboost,12,-0.485693485893524,0.793939393939394,0.4
german,xgboost,15,-0.5596501286923394,0.9212121212121211,0.4
german,xgboost,18,0.2064190518762409,0.4909090909090909,0.5
german,xgboost,21,0.16679423869847484,0.9575757575757575,0.5
german,xgboost,22,-0.782992129362068,0.6181818181818182,0.5
german,xgboost,23,-0.27087178779685267,0.5575757575757576,0.4
german,xgboost,24,-0.3995174479753675,0.4666666666666667,0.6
german,xgboost,27,-0.9266746382092965,0.7696969696969697,0.3
german,xgboost,29,-0.3922569778970459,0.8,0.8
german,xgboost,32,-0.33522856280050606,0.7575757575757576,0.2
german,xgboost,38,-0.951901886388872,0.7515151515151515,0.3
german,xgboost,40,-0.9393484665787717,0.7575757575757576,0.5
german,xgboost,45,0.004036288907980864,0.8606060606060606,0.7
german,xgboost,47,0.5670841509130917,0.9515151515151514,0.3
german,xgboost,51,0.5189511808181155,0.7393939393939394,0.8
german,xgboost,54,0.3773525679613904,0.7818181818181817,0.3
german,xgboost,55,-0.6702529082106846,0.5818181818181818,0.6
german,xgboost,56,-0.2657874862550692,0.9212121212121211,0.6
german,xgboost,57,-0.8325618759051373,0.6787878787878787,0.8
german,xgboost,58,0.5296807716713661,0.806060606060606,0.2
german,xgboost,59,0.10418939171003526,0.8424242424242424,0.5
german,xgboost,60,0.0821592466107531,0.3939393939393939,0.5
german,xgboost,62,-0.4319361472217511,0.8606060606060606,0.5
german,xgboost,65,0.33638687118383326,0.6666666666666666,0.3
german,xgboost,67,-0.5342997784101139,0.6666666666666666,0.7
german,xgboost,70,0.8440002716813177,0.8363636363636363,0.7
german,xgboost,71,-0.6291997517861845,0.8303030303030303,0.6
german,xgboost,74,-0.9078331913213843,0.896969696969697,0.4
german,xgboost,75,-0.7378286523546203,0.7696969696969697,0.7
german,xgboost,77,-0.4084665855843039,0.8363636363636363,0.9
german,xgboost,78,-0.14400344255763245,0.7636363636363637,0.7
german,xgboost,79,0.649210939021542,0.6484848484848484,0.5
german,xgboost,80,-0.11411382487687781,0.8909090909090909,0.5
german,xgboost,81,-0.8672195483010319,0.7333333333333333,0.7
german,xgboost,82,0.2833203187842728,0.4484848484848485,0.7
german,xgboost,83,-0.1848051381081476,0.6484848484848484,0.3
german,xgboost,85,0.12273789548500783,0.6121212121212121,0.3
german,xgboost,86,0.09117292455964986,0.4727272727272727,0.6
german,xgboost,88,-0.37714070255695803,0.7757575757575758,0.6
german,xgboost,91,0.038167872152534345,0.9272727272727272,0.4
german,xgboost,97,-0.568305938548239,0.5393939393939394,0.6
german,xgboost,99,-0.4791504751437362,0.34545454545454546,0.7
german,xgboost,100,0.4231613592316843,0.5818181818181818,0.6
german,xgboost,101,-0.14967512881792974,0.9575757575757575,0.3
german,xgboost,104,0.27255346975248074,0.896969696969697,0.6
german,xgboost,105,-0.2759494054043135,0.8181818181818181,0.6
german,xgboost,106,-0.2829900124346101,0.6909090909090909,0.5
german,xgboost,107,-0.9012154705266782,0.7757575757575758,0.7
german,xgboost,109,-0.3582805700422522,0.7151515151515151,0.4
german,xgboost,114,0.2585739438521823,0.6727272727272727,0.9
german,xgboost,115,-0.433497562689505,0.5575757575757576,0.1
german,xgboost,116,0.09561080081786087,0.6606060606060606,0.4
german,xgboost,117,0.5778444133604685,0.6727272727272727,0.5
german,xgboost,118,-0.01326070328158151,0.703030303030303,0.5
german,xgboost,119,-0.8079210220275579,0.9454545454545454,0.6
german,xgboost,120,-0.5040685257735487,0.5272727272727272,0.4
german,xgboost,121,-0.8285126895530637,0.8181818181818181,0.7
german,xgboost,126,0.43347925935997206,0.49696969696969695,0.6
german,xgboost,130,0.2803193775279796,0.7757575757575758,0.5
german,xgboost,132,-0.12126945633050248,0.3696969696969697,0.3
german,xgboost,135,-0.30119942981711073,0.9393939393939394,0.4
german,xgboost,136,0.15049739358380967,0.7333333333333333,0.4
german,xgboost,137,0.25983981756580143,0.5272727272727272,0.5
german,xgboost,141,0.9574095314217547,0.793939393939394,0.5
german,xgboost,143,-0.1980097829833551,0.696969696969697,0.9
german,xgboost,144,-0.7457671545341068,0.6424242424242425,0.5
german,xgboost,145,0.2818247426579479,0.7757575757575758,0.8
german,xgboost,148,0.22784763551277626,0.806060606060606,0.9
german,xgboost,150,-0.2665135238844225,0.903030303030303,0.5
german,xgboost,151,-0.08372361011648875,0.8848484848484848,0.3
german,xgboost,153,-0.271601431811611,0.33333333333333337,0.4
german,xgboost,154,-0.9805011845837838,0.696969696969697,0.4
german,xgboost,158,-0.6132268752372559,0.5393939393939394,0.8
german,xgboost,159,0.019646489934883844,0.806060606060606,0.5
german,xgboost,161,0.42151631013749796,0.806060606060606,0.8
german,xgboost,162,0.18322813983786707,0.7090909090909091,0.6
german,xgboost,164,0.8052484525359989,0.7272727272727273,0.5
german,xgboost,165,0.4185750514795553,0.9272727272727272,0.7
german,xgboost,166,-0.6991918400770948,0.8424242424242424,0.4
german,xgboost,168,-0.09125435564167726,0.2606060606060606,0.4
german,xgboost,170,0.6358517182116866,0.8909090909090909,0.6
german,xgboost,173,-0.026575067229734024,0.8484848484848484,0.7
german,xgboost,174,-0.8839814880387097,0.7090909090909091,0.7
german,xgboost,175,-0.10833745639584168,0.5878787878787879,0.4
german,xgboost,176,0.38506716981712025,0.8848484848484848,0.6
german,xgboost,178,0.4831565942298231,0.6787878787878787,0.7
german,xgboost,179,0.493898072358125,0.593939393939394,0.8
german,xgboost,181,-0.48467060430784586,0.8484848484848484,0.6
german,xgboost,182,-0.6789002658003125,0.7636363636363637,0.4
german,xgboost,184,0.007183138318544766,0.4121212121212121,0.5
german,xgboost,187,-0.8535171468734665,0.812121212121212,0.6
german,xgboost,189,0.5742600991546499,0.6848484848484848,0.5
german,xgboost,190,0.2690458183641829,0.6,0.5
german,xgboost,192,-0.6109060784287781,0.9272727272727272,0.4
german,xgboost,193,0.3931493307714766,0.5272727272727272,0.6
german,xgboost,194,0.13032002572399615,0.6909090909090909,0.7
german,lightgbm,6,-0.6551461272467237,0.8848484848484848,0.6
german,lightgbm,8,-0.6994062585201708,0.8909090909090909,0.4
german,lightgbm,9,-0.28834451765371605,0.5393939393939394,0.5
german,lightgbm,10,0.8223761100778567,0.806060606060606,0.5
german,lightgbm,12,0.0544180328355582,0.7151515151515151,0.5
german,lightgbm,15,0.28411965061172434,0.8181818181818181,0.4
german,lightgbm,18,0.5603165925074256,0.9090909090909092,0.4
german,lightgbm,21,0.6970770140189819,0.8,0.3
german,lightgbm,22,-0.33784664250923757,0.6727272727272727,0.3
german,lightgbm,23,-0.46717507080468457,0.6909090909090909,0.3
german,lightgbm,24,-0.7800429797903146,0.9272727272727272,0.4
german,lightgbm,27,-0.6726815264164316,0.896969696969697,0.6
german,lightgbm,29,0.27860246183438975,0.7272727272727273,0.6
german,lightgbm,32,0.32641122040322096,0.6181818181818182,0.3
german,lightgbm,38,-0.5134854983465474,0.703030303030303,0.2
german,lightgbm,40,-0.8146164494764271,0.6,0.4
german,lightgbm,45,0.6532302140123426,0.8545454545454545,0.4
german,lightgbm,47,0.004339042964010752,0.5878787878787879,0.4
german,lightgbm,51,0.7068834971552448,0.806060606060606,0.5
german,lightgbm,54,-0.5572604964215516,0.7878787878787878,0.6
german,lightgbm,55,-0.35988391066906966,0.5151515151515151,0.3
german,lightgbm,56,0.5606917907833174,0.6303030303030304,0.5
german,lightgbm,57,-0.7019095697481006,0.8484848484848484,0.2
german,lightgbm,58,0.09870213180117603,0.6303030303030304,0.5
german,lightgbm,59,-0.46997013620318184,0.7878787878787878,0.3
german,lightgbm,60,-0.32863587985814696,0.8545454545454545,0.5
german,lightgbm,62,-0.5230850767150159,0.7454545454545454,0.6
german,lightgbm,65,-0.6161231896594316,0.6666666666666666,0.3
german,lightgbm,67,0.18645411974301357,0.7333333333333333,0.3
german,lightgbm,70,0.7866684052348398,0.8787878787878787,0.8
german,lightgbm,71,-0.7234941941925445,0.6303030303030304,0.2
german,lightgbm,74,-0.6823075401893803,0.8666666666666666,0.2
german,lightgbm,75,-0.6769687218646862,0.6424242424242425,0.5
german,lightgbm,77,0.2083258232800875,0.9696969696969697,0.3
german,lightgbm,78,-0.47398478348049955,0.7818181818181817,0.5
german,lightgbm,79,0.6701265267286394,0.6909090909090909,0.6
german,lightgbm,80,-0.759080941269675,0.8848484848484848,0.4
german,lightgbm,81,-0.5977028532702878,0.793939393939394,0.2
german,lightgbm,82,-0.07660067746695665,0.8,0.4
german,lightgbm,83,0.2936880170175329,0.8787878787878787,0.6
german,lightgbm,85,-0.1170694345297644,0.6181818181818182,0.6
german,lightgbm,86,-0.40780088984805596,0.6787878787878787,0.3
german,lightgbm,88,-0.6769385114082889,0.896969696969697,0.5
german,lightgbm,91,-0.34120606528945113,0.9515151515151514,0.5
german,lightgbm,97,-0.6892155634504025,0.7818181818181817,0.6
german,lightgbm,99,-0.1797340408428657,0.4303030303030303,0.3
german,lightgbm,100,0.7574386950093046,0.8727272727272727,0.5
german,lightgbm,101,0.008646638619512346,0.8909090909090909,0.3
german,lightgbm,104,0.7456843552454178,0.8,0.5
german,lightgbm,105,-0.5841843883856881,0.5757575757575757,0.4
german,lightgbm,106,0.3366707490364959,0.6848484848484848,0.6
german,lightgbm,107,-0.8217814506024534,0.8181818181818181,0.3
german,lightgbm,109,-0.10973913306390858,0.6848484848484848,0.5
german,lightgbm,114,0.845456931773512,0.8,0.6
german,lightgbm,115,-0.8393010096335694,0.5575757575757576,0.5
german,lightgbm,116,-0.4031060126673221,0.6787878787878787,0.3
german,lightgbm,117,0.08135368931876819,0.6545454545454545,0.4
german,lightgbm,118,0.3923465372177801,0.5696969696969697,0.5
german,lightgbm,119,-0.248532165910419,0.7272727272727273,0.4
german,lightgbm,120,-0.4952980525786157,0.7636363636363637,0.3
german,lightgbm,121,-0.6858002592189382,0.6121212121212121,0.5
german,lightgbm,126,0.645707655099273,0.5575757575757576,0.5
german,lightgbm,130,0.0013076579917919125,0.8606060606060606,0.3
german,lightgbm,132,-0.27855896284154474,0.7636363636363637,0.6
german,lightgbm,135,-0.8839894715027755,0.7151515151515151,0.5
german,lightgbm,136,0.9272220756452314,0.7151515151515151,0.7
german,lightgbm,137,0.705915439569086,0.6909090909090909,0.6
german,lightgbm,141,0.6922861567916819,0.8545454545454545,0.4
german,lightgbm,143,-0.6768760252321799,0.8363636363636363,0.5
german,lightgbm,144,-0.7162439743916807,0.7090909090909091,0.4
german,lightgbm,145,-0.6555284864477223,0.703030303030303,0.4
german,lightgbm,148,0.3866385318450382,0.5575757575757576,0.3
german,lightgbm,150,0.4474105118124198,0.7878787878787878,0.4
german,lightgbm,151,0.6432311814309126,0.7272727272727273,0.5
german,lightgbm,153,-0.7060543149189994,0.6121212121212121,0.5
german,lightgbm,154,-0.8675402260225584,0.9272727272727272,0.0
german,lightgbm,158,-0.07459652134181997,0.6666666666666666,0.3
german,lightgbm,159,-0.5196084393066224,0.793939393939394,0.4
german,lightgbm,161,0.7869763297148804,0.6909090909090909,0.5
german,lightgbm,162,-0.17470889424643624,0.7818181818181817,0.5
german,lightgbm,164,0.7656373335892211,0.8424242424242424,0.6
german,lightgbm,165,0.8323225045427335,0.8363636363636363,0.6
german,lightgbm,166,-0.6367649225036597,0.7515151515151515,0.2
german,lightgbm,168,0.27291737638878066,0.4484848484848485,0.7
german,lightgbm,170,0.8373830579544883,0.8787878787878787,0.7
german,lightgbm,173,0.624673895383392,0.8303030303030303,0.6
german,lightgbm,174,-0.7527761737620248,0.7212121212121212,0.3
german,lightgbm,175,-0.6672517315816375,0.593939393939394,0.3
german,lightgbm,176,0.6206574460925175,0.7636363636363637,0.4
german,lightgbm,178,0.0749993457849541,0.806060606060606,0.8
german,lightgbm,179,0.0156956959872823,0.9333333333333332,0.5
german,lightgbm,181,-0.8583271904948545,0.5333333333333333,0.1
german,lightgbm,182,-0.5085813450100798,0.593939393939394,0.2
german,lightgbm,184,-0.0731380227278281,0.6787878787878787,0.2
german,lightgbm,187,-0.22612056999116267,0.6606060606060606,0.3
german,lightgbm,189,0.9121455529197603,0.793939393939394,0.6
german,lightgbm,190,0.7080756801173547,0.7515151515151515,0.8
german,lightgbm,192,-0.7028706757210956,0.7636363636363637,0.3
german,lightgbm,193,0.5899946580024997,0.6545454545454545,0.5
german,lightgbm,194,0.6601262693512436,0.7696969696969697,0.5
german,random_forest,6,-0.5912306890319055,0.806060606060606,0.3
german,random_forest,8,-0.6012530115912396,0.7818181818181817,0.3
german,random_forest,9,-0.6362898914048578,0.8545454545454545,0.5
german,random_forest,10,0.8853093166278475,0.8242424242424242,0.5
german,random_forest,12,0.16891098467909732,0.8727272727272727,0.6
german,random_forest,15,0.006457249472653934,0.7818181818181817,0.5
german,random_forest,18,0.8945759917112532,0.8727272727272727,0.7
german,random_forest,21,0.8661149014324492,0.896969696969697,0.6
german,random_forest,22,-0.0407521782121808,0.8545454545454545,0.6
german,random_forest,23,-0.583223806671536,0.8424242424242424,0.2
german,random_forest,24,-0.6857441700475077,0.593939393939394,0.4
german,random_forest,27,-0.7849314960661126,0.793939393939394,0.3
german,random_forest,29,0.4833360510836388,0.9515151515151514,0.5
german,random_forest,32,0.3669213062759819,0.896969696969697,0.2
german,random_forest,38,-0.7506943639638016,0.8363636363636363,0.4
german,random_forest,40,-0.9701198582498511,0.9212121212121211,0.3
german,random_forest,45,0.762766232214561,0.7272727272727273,0.6
german,random_forest,47,-0.33124301410602397,0.8303030303030303,0.4
german,random_forest,51,0.7029476230311406,0.8545454545454545,0.5
german,random_forest,54,-0.6475602470433098,0.903030303030303,0.2
german,random_forest,55,0.21023938922344912,0.703030303030303,0.6
german,random_forest,56,0.4618886278204455,0.8909090909090909,0.5
german,random_forest,57,-0.756766563845408,0.903030303030303,0.5
german,random_forest,58,-0.49532189638404295,0.9272727272727272,0.7
german,random_forest,59,-0.30881642806628984,0.806060606060606,0.4
german,random_forest,60,-0.8537647695541973,0.8787878787878787,0.2
german,random_forest,62,-0.3059229442291852,0.9393939393939394,0.3
german,random_forest,65,-0.6660342404718682,0.6545454545454545,0.3
german,random_forest,67,0.05466129443348229,0.9393939393939394,0.5
german,random_forest,70,-0.1729428998791876,0.9333333333333332,0.4
german,random_forest,71,-0.6930600936967443,0.6545454545454545,0.3
german,random_forest,74,-0.7667905345949784,0.8909090909090909,0.4
german,random_forest,75,-0.5735181624331079,0.9090909090909092,0.6
german,random_forest,77,0.3794796542774105,0.8727272727272727,0.4
german,random_forest,78,-0.5153611561460055,0.9636363636363636,0.6
german,random_forest,79,0.7669722066212123,0.7333333333333333,0.6
german,random_forest,80,-0.20443845426093105,0.8848484848484848,0.5
german,random_forest,81,0.18157555062959746,0.903030303030303,0.5
german,random_forest,82,-0.12826737699936863,0.8727272727272727,0.6
german,random_forest,83,0.6164125618939708,0.9212121212121211,0.4
german,random_forest,85,0.7364953761716868,0.7212121212121212,0.8
german,random_forest,86,-0.5185566573581236,0.6666666666666666,0.3
german,random_forest,88,-0.7920609507803873,0.9272727272727272,0.4
german,random_forest,91,-0.5327335940379898,0.6424242424242425,0.1
german,random_forest,97,-0.4374003631851164,0.9090909090909092,0.5
german,random_forest,99,-0.21055633638694216,0.6787878787878787,0.6
german,random_forest,100,0.9591788313834617,0.9333333333333332,0.7
german,random_forest,101,0.11557715098845317,0.8424242424242424,0.4
german,random_forest,104,0.9380476665460865,0.8727272727272727,0.8
german,random_forest,105,-0.5017777529111368,0.696969696969697,0.5
german,random_forest,106,0.08768262228365727,0.8303030303030303,0.5
german,random_forest,107,-0.8314584978782852,0.8242424242424242,0.5
german,random_forest,109,0.26619042409228494,0.806060606060606,0.5
german,random_forest,114,0.7832401583836097,0.6363636363636364,0.5
german,random_forest,115,-0.8450117410139041,0.8606060606060606,0.3
german,random_forest,116,-0.32433891696707307,0.7515151515151515,0.3
german,random_forest,117,0.6697987618675372,0.8909090909090909,0.6
german,random_forest,118,0.7555189751824472,0.8424242424242424,0.6
german,random_forest,119,-0.7018598424755378,0.7393939393939394,0.5
german,random_forest,120,-0.6374116276420312,0.7515151515151515,0.4
german,random_forest,121,-0.6499184593386427,0.8848484848484848,0.5
german,random_forest,126,0.7458317699303388,0.7878787878787878,0.5
german,random_forest,130,0.8538413617815684,0.8909090909090909,0.6
german,random_forest,132,-0.05605586781323366,0.8909090909090909,0.7
german,random_forest,135,-0.7894821779830915,0.7636363636363637,0.2
german,random_forest,136,0.7720770264448696,0.7333333333333333,0.7
german,random_forest,137,0.7129201179479324,0.7757575757575758,0.7
german,random_forest,141,0.9240487032270291,0.7212121212121212,0.5
german,random_forest,143,-0.5283506102294812,0.7272727272727273,0.6
german,random_forest,144,-0.9075466803385144,0.8666666666666666,0.3
german,random_forest,145,-0.7752785713055718,0.6727272727272727,0.1
german,random_forest,148,0.8371716574827887,0.8363636363636363,0.7
german,random_forest,150,0.19887892381624456,0.8666666666666666,0.4
german,random_forest,151,0.6966477746382307,0.793939393939394,0.6
german,random_forest,153,-0.731883743018549,0.6424242424242425,0.4
german,random_forest,154,-0.9318545756669051,0.8727272727272727,0.2
german,random_forest,158,0.028436075848897444,0.8909090909090909,0.5
german,random_forest,159,-0.14249973188011997,0.915151515151515,0.6
german,random_forest,161,0.8554105465871401,0.915151515151515,0.7
german,random_forest,162,-0.2296322510332726,0.8181818181818181,0.5
german,random_forest,164,0.8110679353063235,0.8787878787878787,0.6
german,random_forest,165,0.9347869303882896,0.903030303030303,0.6
german,random_forest,166,-0.7291276248576057,0.7454545454545454,0.3
german,random_forest,168,0.3963009325770506,0.793939393939394,0.4
german,random_forest,170,0.7880108941613896,0.8484848484848484,0.6
german,random_forest,173,0.39193247098983247,0.9393939393939394,0.5
german,random_forest,174,-0.8562961400156537,0.7878787878787878,0.4
german,random_forest,175,-0.45835834030425404,0.9757575757575757,0.5
german,random_forest,176,0.9130210947581269,0.9090909090909092,0.8
german,random_forest,178,-0.11961692086732283,0.7393939393939394,0.3
german,random_forest,179,0.1452215538013579,0.8848484848484848,0.7
german,random_forest,181,-0.5131633758093725,0.8787878787878787,0.5
german,random_forest,182,-0.7756373979123679,0.8545454545454545,0.3
german,random_forest,184,-0.1594939604331311,0.703030303030303,0.2
german,random_forest,187,-0.27517905119366326,0.8727272727272727,0.4
german,random_forest,189,0.8292264961863136,0.6606060606060606,0.7
german,random_forest,190,0.7826643903737397,0.7333333333333333,0.6
german,random_forest,192,-0.4643184929126218,0.915151515151515,0.4
german,random_forest,193,0.7370039507122169,0.8787878787878787,0.6
german,random_forest,194,0.52176771152947,0.793939393939394,0.4
german,mlp,6,-0.6206512797298587,0.72510994381306,0.5
german,mlp,8,-0.2718538835178178,0.7300786696774433,0.42857142857142855
german,mlp,9,0.5090345594814419,0.9202770366107964,0.7142857142857143
german,mlp,10,0.7890229195728006,0.7705179669376288,0.5
german,mlp,12,-0.3994137439900768,0.6782120388520059,0.5
german,mlp,15,0.24953286040005335,0.7055369449118494,0.7142857142857143
german,mlp,18,0.1770574775534608,0.72510994381306,0.5
german,mlp,21,0.6860407302446263,0.7344895248052709,0.8333333333333334
german,mlp,22,0.6620176478030488,0.5937436866561092,0.8
german,mlp,23,0.21023210525994346,0.6994015137204508,0.5714285714285714
german,mlp,24,-0.2762268398689761,0.5312652699740361,0.3333333333333333
german,mlp,27,-0.7690718336634004,0.7683008962916229,0.2
german,mlp,29,0.0816994329397775,0.6719589848571986,0.5
german,mlp,32,-0.7042533560557107,0.7607558256344358,0.14285714285714285
german,mlp,38,0.5224478344066352,0.8135564691600894,0.6
german,mlp,40,0.03486554988418146,0.5766928898924811,0.7142857142857143
german,mlp,45,0.7554361017334806,0.5766928898924811,0.42857142857142855
german,mlp,47,0.291644509061176,0.7782609027689215,0.5
german,mlp,51,-0.24154058407609358,0.5214740091698947,0.2857142857142857
german,mlp,54,0.22179055288189173,0.638047201806466,0.5714285714285714
german,mlp,55,0.16053854588146202,0.6458973304832155,0.375
german,mlp,56,0.29456786659244555,0.9264124678021948,0.42857142857142855
german,mlp,57,0.7756673595569494,0.5060790554368007,0.875
german,mlp,58,0.025691788072644942,0.781387429766325,0.5
german,mlp,59,0.12212151578951064,0.8159747063570222,0.5714285714285714
german,mlp,60,0.36864921839313297,0.8834644494624055,0.14285714285714285
german,mlp,62,-0.03823236479869717,0.7607558256344358,0.5714285714285714
german,mlp,65,-0.16252043218952927,0.7178078072946463,0.42857142857142855
german,mlp,67,-0.1743081301040264,0.6823716631040193,0.5
german,mlp,70,0.474453942533755,0.7101151597464517,0.6
german,mlp,71,-0.4074207617678332,0.7300786696774433,0.5714285714285714
german,mlp,74,-0.2687511655656291,0.5812897019324939,0.5
german,mlp,75,0.5524675518013218,0.7310041065984245,0.5
german,mlp,77,0.06716136865011034,0.8595506047014154,0.5
german,mlp,78,-0.48350956774932896,0.72510994381306,0.3333333333333333
german,mlp,79,-0.2841293814765672,0.6319117706150674,0.42857142857142855
german,mlp,80,-0.32535554476796147,0.9064485096624695,0.6666666666666666
german,mlp,81,0.16918890496941363,0.7688813217767106,0.5
german,mlp,82,0.7618332433681072,0.8845628206806442,0.8333333333333334
german,mlp,83,0.7381900451275009,0.8470444967118009,0.8333333333333334
german,mlp,85,-0.011668185965527274,0.5516719712128055,0.625
german,mlp,86,0.24147813644055907,0.7553707326149182,0.8
german,mlp,88,-0.272042487320542,0.9012176588288425,0.5
german,mlp,91,-0.020644827570207896,0.38686106782883367,0.2
german,mlp,97,0.24433581284429517,0.7876404837611324,0.8333333333333334
german,mlp,99,0.5642093531953751,0.7751343757715179,0.6666666666666666
german,mlp,100,0.7814345978219782,0.7239432384860448,0.5714285714285714
german,mlp,101,-0.35018708086364964,0.8845628206806442,0.3333333333333333
german,mlp,104,0.2439946753974452,0.7423495320602402,0.5714285714285714
german,mlp,105,-0.03953514859084881,0.8095261727429576,0.6666666666666666
german,mlp,106,0.4658710964887926,0.6250610798961445,1.0
german,mlp,107,-0.5128791171791502,0.5625305399480722,0.16666666666666666
german,mlp,109,-0.3343315751566232,0.7300786696774433,0.2857142857142857
german,mlp,114,0.31483848903615064,0.25765046793975976,0.7142857142857143
german,mlp,115,0.2959428141144498,0.5406448509662469,0.5
german,mlp,116,0.8823263180020856,0.7484849632516388,0.8571428571428571
german,mlp,117,0.6855299260455948,0.8282455687398191,0.7142857142857143
german,mlp,118,-0.16575677479161796,0.6625889265720599,0.42857142857142855
german,mlp,119,0.19191148823776502,0.8939424016728552,0.5
german,mlp,120,-0.2585797074911622,0.7055369449118494,0.5714285714285714
german,mlp,121,-0.40961925519842085,0.716580241584804,0.6
german,mlp,126,0.49083993952564614,0.8407914427169938,0.6666666666666666
german,mlp,130,-0.026323221996658614,0.7423495320602402,0.2857142857142857
german,mlp,132,0.5357167358375914,0.8282455687398191,0.7142857142857143
german,mlp,135,-0.3592458134823201,0.6748597889548569,0.42857142857142855
german,mlp,136,0.6163234849329994,0.7158064680064229,0.625
german,mlp,137,-0.06801596474019748,0.5334348049024036,0.625
german,mlp,141,0.4292090978387671,0.7595017407844997,0.5
german,mlp,143,0.040403774188742095,0.5844162289298975,0.5
german,mlp,144,-0.3591864596889124,0.6325341776862233,0.4
german,mlp,145,-0.5851250582205964,0.7705179669376288,0.5
german,mlp,148,0.4578804531112492,0.7454545454545454,0.6666666666666666
german,mlp,150,0.14670654299354177,0.3905715550908736,0.6666666666666666
german,mlp,151,0.7361401245745456,0.800913244121632,0.625
german,mlp,153,0.22005903088853299,0.386494522959128,0.7142857142857143
german,mlp,154,0.19576542639251834,0.6441826329978645,0.5714285714285714
german,mlp,158,0.39505748621594705,0.6625889265720599,0.7142857142857143
german,mlp,159,-0.2857232112626557,0.5644220275096841,0.5714285714285714
german,mlp,161,0.44114439264577626,0.8221899381504343,0.625
german,mlp,162,0.3911289909271093,0.6441826329978645,0.7142857142857143
german,mlp,164,0.5274171540301907,0.9080061742279995,0.42857142857142855
german,mlp,165,0.6236639187627638,0.9141416054193979,0.5714285714285714
german,mlp,166,-0.8396577828272259,0.601234614658075,0.42857142857142855
german,mlp,168,0.5466156771122651,0.8501710237092045,0.5
german,mlp,170,0.878354991636919,0.8439179697143973,0.8333333333333334
german,mlp,173,-0.08645869987225717,0.8135564691600894,0.4
german,mlp,174,-0.33589927040503725,0.8313085213056353,0.375
german,mlp,175,-0.04282724004412926,0.878309766685837,0.5
german,mlp,176,0.7855939701117541,0.8001465917507468,0.6666666666666666
german,mlp,178,0.40878588407533867,0.9141416054193979,0.7142857142857143
german,mlp,179,0.22512430153915683,0.8032731187481503,0.6666666666666666
german,mlp,181,-0.3224842855388762,0.7553203283456271,0.5
german,mlp,182,0.004834409621795955,0.7791621192086312,0.7142857142857143
german,mlp,184,0.35336074403309675,0.5743484411410521,0.8
german,mlp,187,0.3203789017976729,0.9658525226131381,0.3333333333333333
german,mlp,189,0.6585333500309878,0.650318064189263,0.5714285714285714
german,mlp,190,-0.3775429221321039,0.5092031467870978,0.2857142857142857
german,mlp,192,-0.29973077387831687,0.4785259908301053,0.42857142857142855
german,mlp,193,0.32566736259690526,0.5889637522752781,0.5714285714285714
german,mlp,194,0.7150215255669384,0.6932660825290524,0.8571428571428571
taiwan,xgboost,260,-0.2806841045463088,0.75,0.2
taiwan,xgboost,378,-0.12317993736902094,0.8999999999999999,0.4
taiwan,xgboost,403,0.7399735813379338,0.85,0.4
taiwan,xgboost,455,-0.46280367166698794,0.45,0.2
taiwan,xgboost,507,0.6538208545273958,0.8999999999999999,0.8
taiwan,xgboost,526,-0.6473960660472602,0.55,0.2
taiwan,xgboost,545,0.6255322962154434,0.85,0.6
taiwan,xgboost,555,0.5689848235557444,0.65,0.6
taiwan,xgboost,581,-0.7532901674694371,0.6,0.2
taiwan,xgboost,757,-0.5115332595177374,0.35,0.2
taiwan,xgboost,775,0.4088391784278075,0.8999999999999999,0.4
taiwan,xgboost,837,-0.8740382755819943,0.85,0.4
taiwan,xgboost,918,0.476673865246664,0.95,0.4
taiwan,xgboost,960,0.9691604131173632,0.65,0.6
taiwan,xgboost,980,-0.4422627350194037,0.7,0.6
taiwan,xgboost,1079,0.8045479388681807,0.8,1.0
taiwan,xgboost,1130,0.6195137781270587,0.95,0.8
taiwan,xgboost,1157,0.07811871147832337,0.85,0.2
taiwan,xgboost,1189,0.4720822721456283,0.65,0.4
taiwan,xgboost,1346,-0.6785445238637516,0.7,0.0
taiwan,xgboost,1354,0.5561311668081996,0.7,0.4
taiwan,xgboost,1434,0.6109014016140212,0.95,0.6
taiwan,xgboost,1641,0.4629681428600694,0.5,0.2
taiwan,xgboost,1726,-0.2600627216357914,0.6,0.4
taiwan,xgboost,1868,-0.753782226450624,0.85,0.6
taiwan,xgboost,1941,0.5679748168574813,0.75,0.6
taiwan,xgboost,1971,-0.6082253865328603,0.45,0.2
taiwan,xgboost,2104,0.048123209517026026,0.85,0.4
taiwan,xgboost,2163,-0.00011061380546227651,0.95,0.6
taiwan,xgboost,2183,-0.977754236590168,0.95,0.0
taiwan,xgboost,2193,0.04175396310002792,0.65,0.4
taiwan,xgboost,2208,-0.11045629813422135,0.75,0.4
taiwan,xgboost,2319,0.49164886972181593,1.0,0.4
taiwan,xgboost,2382,-0.3012678989076349,0.35,0.6
taiwan,xgboost,2447,-0.02259049379116891,0.8,0.6
taiwan,xgboost,2553,-0.9325688370339682,0.65,0.2
taiwan,xgboost,2588,0.8896688339994812,0.85,0.8
taiwan,xgboost,2604,0.05920639427804838,0.75,0.2
taiwan,xgboost,2611,-0.1681737919547246,0.8,0.6
taiwan,xgboost,2626,0.2363681140339857,0.95,0.6
taiwan,xgboost,2647,0.21075410786456508,1.0,0.2
taiwan,xgboost,2663,0.4138047485331286,0.85,0.8
taiwan,xgboost,2668,-0.6096283880957815,0.35,0.4
taiwan,xgboost,2761,0.43641676765297543,1.0,0.6
taiwan,xgboost,2775,-0.12843584781485523,0.8999999999999999,0.4
taiwan,xgboost,2799,0.5733544105492702,0.75,0.4
taiwan,xgboost,2839,0.597304420673314,0.55,0.6
taiwan,xgboost,2959,0.4540478242548504,0.95,0.6
taiwan,xgboost,2960,0.5807915146308319,0.4,0.6
taiwan,xgboost,3033,-0.23699996253545288,0.35,0.4
taiwan,xgboost,3108,-0.8911009769558913,0.8,0.4
taiwan,xgboost,3230,0.1269329238684144,0.55,0.6
taiwan,xgboost,3252,-0.6987004879776395,0.25,0.2
taiwan,xgboost,3287,0.011307025449489966,0.75,0.6
taiwan,xgboost,3371,0.40897884808475976,0.85,0.6
taiwan,xgboost,3747,-0.43206689471821796,0.65,0.2
taiwan,xgboost,3764,-0.5049541972236242,0.35,0.2
taiwan,xgboost,3811,0.498634705280845,0.4,0.6
taiwan,xgboost,3815,-0.026310610111663704,0.8999999999999999,0.6
taiwan,xgboost,3859,0.40083137830718785,0.8999999999999999,0.6
taiwan,xgboost,4000,0.29273378321696114,0.5,0.2
taiwan,xgboost,4028,0.13654173520667612,0.45,0.8
taiwan,xgboost,4066,-0.3334268365346681,0.85,0.4
taiwan,xgboost,4088,-0.5652820460481885,0.45,0.4
taiwan,xgboost,4096,-0.5100582785604432,0.5,0.0
taiwan,xgboost,4115,-0.6743657885817104,0.65,0.6
taiwan,xgboost,4158,-0.3031439551111413,0.65,0.6
taiwan,xgboost,4186,0.5012066992799526,0.85,0.4
taiwan,xgboost,4238,0.5306085895206942,0.75,0.4
taiwan,xgboost,4345,-0.8679086647378409,0.8,0.2
taiwan,xgboost,4424,-0.5255694471166731,0.55,0.4
taiwan,xgboost,4435,-0.8951549049963949,0.85,0.2
taiwan,xgboost,4496,-0.5446129968747717,0.95,0.6
taiwan,xgboost,4499,0.20326420717552274,0.8999999999999999,0.6
taiwan,xgboost,4516,0.6193432008913439,1.0,0.4
taiwan,xgboost,4562,0.6985743246661064,1.0,0.8
taiwan,xgboost,4593,0.5606848752655303,0.8999999999999999,0.4
taiwan,xgboost,4625,-0.07781607558044787,0.8,0.6
taiwan,xgboost,4644,0.2323559145099711,0.55,0.2
taiwan,xgboost,4745,-0.41355992416453574,0.45,0.4
taiwan,xgboost,4816,0.18957910635229613,0.6,0.4
taiwan,xgboost,4871,0.0940339265861301,0.25,0.8
taiwan,xgboost,4908,0.6226633110524719,0.75,0.6
taiwan,xgboost,4964,-0.6757393359445346,0.5,0.4
taiwan,xgboost,4976,0.24972657075201482,0.95,0.2
taiwan,xgboost,4979,-0.8914763204957576,0.55,0.2
taiwan,xgboost,5038,-0.3709342397497501,0.45,0.6
taiwan,xgboost,5064,0.5634277263678298,0.8999999999999999,0.6
taiwan,xgboost,5089,0.576949013513701,0.7,0.4
taiwan,xgboost,5263,0.11988139406087019,0.8999999999999999,0.6
taiwan,xgboost,5306,0.5822809919946672,0.75,0.6
taiwan,xgboost,5377,-0.6337361976593384,0.8,0.4
taiwan,xgboost,5396,0.8498789535033721,0.85,0.4
taiwan,xgboost,5483,0.6971749368146013,0.75,0.4
taiwan,xgboost,5492,-0.26373758044961165,0.45,0.4
taiwan,xgboost,5617,0.5102386595711558,0.65,0.4
taiwan,xgboost,5761,-0.8109762611609264,0.8999999999999999,0.2
taiwan,xgboost,5763,0.4686782065486977,1.0,0.4
taiwan,xgboost,5764,-0.8517096069249359,0.7,0.2
taiwan,xgboost,5942,-0.5658291139462781,0.6,0.6
taiwan,lightgbm,260,-0.45942166140964324,0.65,0.4
taiwan,lightgbm,378,-0.4539104207171902,0.95,0.6
taiwan,lightgbm,403,0.4662675154650436,0.85,0.4
taiwan,lightgbm,455,-0.8233996216773388,0.95,0.4
taiwan,lightgbm,507,0.3524846306616197,0.8,0.6
taiwan,lightgbm,526,-0.8688680463063699,0.7,0.2
taiwan,lightgbm,545,0.2940815276599872,0.85,0.4
taiwan,lightgbm,555,0.6042747595732427,0.95,0.8
taiwan,lightgbm,581,-0.9311872570686831,0.65,0.2
taiwan,lightgbm,757,-0.8361673626159422,0.45,0.0
taiwan,lightgbm,775,0.5315156722437997,0.95,0.2
taiwan,lightgbm,837,-0.9699734103784484,0.95,0.4
taiwan,lightgbm,918,0.6327863602145726,1.0,0.4
taiwan,lightgbm,960,0.733810111595849,0.8,0.8
taiwan,lightgbm,980,-0.8416710355914797,0.7,0.2
taiwan,lightgbm,1079,0.9421993063914432,0.75,1.0
taiwan,lightgbm,1130,0.33706261890120187,0.85,0.6
taiwan,lightgbm,1157,0.5440803578939244,0.75,0.2
taiwan,lightgbm,1189,0.6160182979107968,0.75,0.4
taiwan,lightgbm,1346,-0.8570806015440106,0.8,0.2
taiwan,lightgbm,1354,0.6996222334797696,0.75,0.2
taiwan,lightgbm,1434,0.2581767988528001,1.0,0.4
taiwan,lightgbm,1641,0.7084358683425633,0.95,0.4
taiwan,lightgbm,1726,-0.5698068957529843,0.25,0.2
taiwan,lightgbm,1868,-0.6504623220450706,0.95,0.6
taiwan,lightgbm,1941,0.17812614763885148,0.85,0.6
taiwan,lightgbm,1971,-0.6791859187430356,0.45,0.0
taiwan,lightgbm,2104,-0.17156304560346558,0.85,0.4
taiwan,lightgbm,2163,-0.5210375893312391,0.65,0.4
taiwan,lightgbm,2183,-0.850288705593108,0.85,0.2
taiwan,lightgbm,2193,-0.22548913482678273,0.55,0.6
taiwan,lightgbm,2208,-0.4635302131957807,0.65,0.6
taiwan,lightgbm,2319,0.27817027832327834,0.95,0.6
taiwan,lightgbm,2382,-0.9093331685728133,0.8,0.4
taiwan,lightgbm,2447,-0.07567009189427792,0.35,0.4
taiwan,lightgbm,2553,-0.917590027349639,0.85,0.6
taiwan,lightgbm,2588,0.9503105824136364,0.95,0.6
taiwan,lightgbm,2604,0.4217668451575638,0.95,0.2
taiwan,lightgbm,2611,-0.05604633676598991,0.85,0.8
taiwan,lightgbm,2626,0.20596716117162192,0.8999999999999999,0.4
taiwan,lightgbm,2647,-0.1659151837530802,0.95,0.4
taiwan,lightgbm,2663,0.35490302374713695,0.45,0.8
taiwan,lightgbm,2668,-0.8635324846610068,0.55,0.2
taiwan,lightgbm,2761,0.07306177761554171,0.95,0.8
taiwan,lightgbm,2775,-0.43843452771632574,0.85,0.6
taiwan,lightgbm,2799,0.7218970369434674,0.85,0.6
taiwan,lightgbm,2839,0.7535157692124326,0.65,0.8
taiwan,lightgbm,2959,0.28852063748756607,0.95,0.8
taiwan,lightgbm,2960,0.7484983614347028,0.30000000000000004,0.8
taiwan,lightgbm,3033,-0.12006633291420617,0.8,0.2
taiwan,lightgbm,3108,-0.9136145368677975,0.95,0.4
taiwan,lightgbm,3230,-0.4067415204186698,0.95,0.4
taiwan,lightgbm,3252,-0.8315446432134941,0.4,0.2
taiwan,lightgbm,3287,-0.3250002946589163,0.8,0.6
taiwan,lightgbm,3371,0.5441515272131813,0.6,0.6
taiwan,lightgbm,3747,-0.5561858212940141,0.55,0.2
taiwan,lightgbm,3764,-0.8548302199659781,0.8999999999999999,0.4
taiwan,lightgbm,3811,0.6912347055480219,0.85,0.2
taiwan,lightgbm,3815,-0.4060866270235916,0.65,0.4
taiwan,lightgbm,3859,0.16576790128005758,0.8999999999999999,0.8
taiwan,lightgbm,4000,0.6081788458761926,0.85,0.4
taiwan,lightgbm,4028,-0.48458633757235386,0.45,0.6
taiwan,lightgbm,4066,-0.3508789853984162,0.85,0.6
taiwan,lightgbm,4088,-0.5301619036188236,0.65,0.6
taiwan,lightgbm,4096,-0.5439974893332212,0.6,0.4
taiwan,lightgbm,4115,-0.7078645386535453,0.5,0.4
taiwan,lightgbm,4158,-0.452336874778668,0.55,0.4
taiwan,lightgbm,4186,0.6060058710954292,1.0,0.2
taiwan,lightgbm,4238,0.6954907692805146,0.8,0.4
taiwan,lightgbm,4345,-0.9238407054758844,0.95,0.4
taiwan,lightgbm,4424,-0.8573374715806632,0.8999999999999999,0.2
taiwan,lightgbm,4435,-0.887603132435864,0.85,0.6
taiwan,lightgbm,4496,-0.21775439391614249,0.85,0.8
taiwan,lightgbm,4499,0.0634203527160687,0.95,0.8
taiwan,lightgbm,4516,0.5920911150358824,0.95,0.6
taiwan,lightgbm,4562,0.4840973773240169,0.85,0.6
taiwan,lightgbm,4593,0.7021335099465295,0.85,0.6
taiwan,lightgbm,4625,-0.4561440114568506,0.45,0.6
taiwan,lightgbm,4644,0.040291117574219416,0.55,0.6
taiwan,lightgbm,4745,-0.5334520370567205,0.45,0.2
taiwan,lightgbm,4816,0.47771535052213304,0.8,0.2
taiwan,lightgbm,4871,0.25214714171025754,0.65,0.6
taiwan,lightgbm,4908,0.7823598528873271,0.85,0.8
taiwan,lightgbm,4964,-0.9137956221044606,0.85,0.2
taiwan,lightgbm,4976,0.01487568008848399,0.8,0.4
taiwan,lightgbm,4979,-0.9151315839833766,0.95,0.6
taiwan,lightgbm,5038,-0.7594534329941088,0.65,0.2
taiwan,lightgbm,5064,0.7776575768679244,0.85,0.8
taiwan,lightgbm,5089,0.7035325299661644,0.5,0.4
taiwan,lightgbm,5263,-0.35662738667205485,0.65,0.6
taiwan,lightgbm,5306,0.7104446863726744,0.75,0.4
taiwan,lightgbm,5377,-0.6279897016791108,0.8999999999999999,0.6
taiwan,lightgbm,5396,0.7108691667309631,0.95,0.6
taiwan,lightgbm,5483,0.4574895539119924,1.0,0.4
taiwan,lightgbm,5492,-0.5642004357825806,0.45,0.4
taiwan,lightgbm,5617,0.7178970470675039,1.0,0.4
taiwan,lightgbm,5761,-0.9654375346267485,0.8,0.4
taiwan,lightgbm,5763,0.3172334222061512,0.95,0.4
taiwan,lightgbm,5764,-0.8944217341579579,0.95,0.4
taiwan,lightgbm,5942,-0.790532192015722,0.45,0.0
taiwan,random_forest,260,-0.7492022548790493,0.95,0.4
taiwan,random_forest,378,-0.4109348586364117,0.95,0.6
taiwan,random_forest,403,-0.3967375366750521,1.0,0.4
taiwan,random_forest,455,-0.961307497155697,1.0,0.0
taiwan,random_forest,507,-0.1664995448819772,0.85,0.6
taiwan,random_forest,526,-0.9207861495705646,0.85,0.0
taiwan,random_forest,545,-0.2758235219591405,1.0,0.6
taiwan,random_forest,555,-0.4150760530225984,0.95,0.6
taiwan,random_forest,581,-0.9316490638777634,0.75,0.4
taiwan,random_forest,757,-0.8897902685095695,0.8,0.2
taiwan,random_forest,775,0.8206717407772982,0.95,0.2
taiwan,random_forest,837,-0.9774635425194977,0.85,0.2
taiwan,random_forest,918,0.8162235621665673,0.95,0.4
taiwan,random_forest,960,0.3755954913261032,0.8999999999999999,0.4
taiwan,random_forest,980,-0.8341000065721274,0.85,0.4
taiwan,random_forest,1079,0.7854979290503606,1.0,1.0
taiwan,random_forest,1130,-0.5424370347018631,1.0,0.6
taiwan,random_forest,1157,0.7686075214156635,1.0,0.2
taiwan,random_forest,1189,0.6941562387925349,1.0,0.6
taiwan,random_forest,1346,-0.9365159542827594,0.95,0.0
taiwan,random_forest,1354,0.8623850812481269,1.0,0.4
taiwan,random_forest,1434,-0.16817911412969838,0.85,0.6
taiwan,random_forest,1641,0.833351708000069,0.95,0.2
taiwan,random_forest,1726,-0.565616133554156,1.0,0.4
taiwan,random_forest,1868,-0.8858853438839294,0.8999999999999999,0.4
taiwan,random_forest,1941,-0.1403924199229256,0.95,0.6
taiwan,random_forest,1971,-0.8468662543823144,0.85,0.2
taiwan,random_forest,2104,-0.6257797594468995,0.95,0.2
taiwan,random_forest,2163,-0.6788127916520929,1.0,0.4
taiwan,random_forest,2183,-0.79795520967536,0.8999999999999999,0.2
taiwan,random_forest,2193,-0.3430392551516134,1.0,0.4
taiwan,random_forest,2208,-0.7418449963956563,0.95,0.6
taiwan,random_forest,2319,-0.2901680582817145,0.95,0.6
taiwan,random_forest,2382,-0.8501317336919882,0.65,0.6
taiwan,random_forest,2447,-0.8661962759188604,0.55,0.4
taiwan,random_forest,2553,-0.9436408361766551,0.95,0.4
taiwan,random_forest,2588,0.9153865674759634,1.0,0.8
taiwan,random_forest,2604,0.8082599391282462,1.0,0.4
taiwan,random_forest,2611,0.2843521462432706,1.0,0.4
taiwan,random_forest,2626,-0.3042816797523842,0.85,0.4
taiwan,random_forest,2647,-0.4336169877902525,1.0,0.4
taiwan,random_forest,2663,-0.3846804978801281,0.85,0.8
taiwan,random_forest,2668,-0.9088575831760959,0.8999999999999999,0.0
taiwan,random_forest,2761,-0.4102602428414487,0.95,0.6
taiwan,random_forest,2775,-0.7395762883720132,0.95,0.6
taiwan,random_forest,2799,0.845202421610588,1.0,0.2
taiwan,random_forest,2839,0.905580660640915,0.85,0.6
taiwan,random_forest,2959,-0.2564670848613326,0.95,0.4
taiwan,random_forest,2960,0.8909591909866023,0.85,0.6
taiwan,random_forest,3033,0.5493474729590391,0.95,0.6
taiwan,random_forest,3108,-0.9366576765036744,0.85,0.4
taiwan,random_forest,3230,-0.47102420060669187,1.0,0.4
taiwan,random_forest,3252,-0.8098282543075082,0.7,0.4
taiwan,random_forest,3287,-0.6536408920658422,1.0,0.4
taiwan,random_forest,3371,0.5790325383927343,0.65,0.4
taiwan,random_forest,3747,-0.8110915445302096,0.85,0.2
taiwan,random_forest,3764,-0.887043091397918,0.65,0.4
taiwan,random_forest,3811,0.8811988215714864,0.85,0.8
taiwan,random_forest,3815,-0.629070927457977,1.0,0.6
taiwan,random_forest,3859,-0.42849708934704017,1.0,0.8
taiwan,random_forest,4000,0.8198342631670841,1.0,0.6
taiwan,random_forest,4028,-0.6928113761156599,0.95,0.6
taiwan,random_forest,4066,-0.40632710897342944,1.0,0.6
taiwan,random_forest,4088,-0.7733803499664405,0.95,0.6
taiwan,random_forest,4096,-0.6193026613835457,0.55,0.2
taiwan,random_forest,4115,-0.8100176071057896,0.85,0.2
taiwan,random_forest,4158,-0.8677050632333845,0.85,0.4
taiwan,random_forest,4186,0.8620200641068935,0.95,0.4
taiwan,random_forest,4238,0.8222914382565598,0.95,0.4
taiwan,random_forest,4345,-0.9531217461285598,1.0,0.4
taiwan,random_forest,4424,-0.8652210691547871,0.85,0.2
taiwan,random_forest,4435,-0.9308601586092545,0.85,0.6
taiwan,random_forest,4496,-0.11189466096325956,0.8999999999999999,0.6
taiwan,random_forest,4499,-0.5012705031259593,1.0,0.6
taiwan,random_forest,4516,-0.32457472863528264,0.95,0.4
taiwan,random_forest,4562,-0.026894885393027614,0.95,0.6
taiwan,random_forest,4593,0.8734309315193188,1.0,0.4
taiwan,random_forest,4625,-0.5760074606417475,0.95,0.6
taiwan,random_forest,4644,0.04944746416770121,0.55,0.4
taiwan,random_forest,4745,-0.6040150108257368,1.0,0.2
taiwan,random_forest,4816,0.8127442916174846,0.85,0.4
taiwan,random_forest,4871,-0.3723572976895588,0.95,0.4
taiwan,random_forest,4908,0.906538079223849,0.85,0.6
taiwan,random_forest,4964,-0.8047718709609951,0.85,0.6
taiwan,random_forest,4976,0.7584116388026034,0.95,0.2
taiwan,random_forest,4979,-0.9531951424712888,0.95,0.2
taiwan,random_forest,5038,-0.8761343347961451,0.85,0.0
taiwan,random_forest,5064,0.9118892139886795,1.0,0.8
taiwan,random_forest,5089,0.8890605255136006,0.85,0.8
taiwan,random_forest,5263,-0.4973738118863827,1.0,0.4
taiwan,random_forest,5306,0.8502860404396109,0.95,0.4
taiwan,random_forest,5377,-0.6381190823712592,0.85,0.6
taiwan,random_forest,5396,0.01327208659101328,0.95,0.6
taiwan,random_forest,5483,-0.30645583773769575,0.95,0.4
taiwan,random_forest,5492,-0.6801698314314993,0.85,0.4
taiwan,random_forest,5617,0.8643264693194177,0.95,0.6
taiwan,random_forest,5761,-0.9108279639605594,0.95,0.6
taiwan,random_forest,5763,-0.26338617004381953,0.95,0.6
taiwan,random_forest,5764,-0.9546274384050945,0.95,0.4
taiwan,random_forest,5942,-0.8326437539528174,0.95,0.4
taiwan,mlp,260,-0.8199235771111141,0.65,0.2
taiwan,mlp,378,-0.5894171104064445,0.8999999999999999,0.75
taiwan,mlp,403,-0.5556722943598275,0.85,0.6
taiwan,mlp,455,-0.7442772693511316,0.5,0.25
taiwan,mlp,507,0.5850375018386963,0.65,0.75
taiwan,mlp,526,-0.9001443373319297,0.95,0.4
taiwan,mlp,545,-0.09274324100140728,0.65,0.75
taiwan,mlp,555,-0.567630837757879,0.95,0.5
taiwan,mlp,581,-0.8184080830759433,0.65,0.6
taiwan,mlp,757,-0.8056257762780471,0.65,0.25
taiwan,mlp,775,0.8575673178469057,0.8999999999999999,0.25
taiwan,mlp,837,-0.8718663411991664,0.8,0.25
taiwan,mlp,918,0.8521721982210073,0.8999999999999999,0.5
taiwan,mlp,960,0.1473717454161369,0.6,0.75
taiwan,mlp,980,-0.599027194561925,0.45,0.4
taiwan,mlp,1079,0.8191489482261178,0.85,1.0
taiwan,mlp,1130,-0.6312990750657584,0.85,0.4
taiwan,mlp,1157,0.8502516364481626,0.75,0.6
taiwan,mlp,1189,0.8439397223058708,0.85,0.2
taiwan,mlp,1346,-0.7193699368884954,0.7,0.25
taiwan,mlp,1354,0.8114919200253161,1.0,0.25
taiwan,mlp,1434,-0.2455540607685632,0.75,0.75
taiwan,mlp,1641,0.8228979217290716,0.85,0.6
taiwan,mlp,1726,-0.7461441294672547,0.65,0.5
taiwan,mlp,1868,-0.7258549744365977,0.7,0.4
taiwan,mlp,1941,-0.1724765020637982,0.6538967528127732,0.6666666666666666
taiwan,mlp,1971,-0.3346241131787876,0.10000000000000003,0.4
taiwan,mlp,2104,-0.8553213026247536,0.75,0.75
taiwan,mlp,2163,-0.7865460540033612,0.7,0.6
taiwan,mlp,2183,0.7672607910674136,0.95,0.4
taiwan,mlp,2193,-0.5770151484469739,1.0,0.25
taiwan,mlp,2208,-0.7658534778898435,0.7,0.5
taiwan,mlp,2319,-0.48627581086597843,0.85,0.6
taiwan,mlp,2382,-0.8006643503791315,0.7,0.2
taiwan,mlp,2447,0.9782727367325796,0.95,0.5
taiwan,mlp,2553,-0.8376253258019815,0.75,0.25
taiwan,mlp,2588,0.9299918373596705,0.85,0.5
taiwan,mlp,2604,0.8942742160020822,0.75,0.2
taiwan,mlp,2611,0.8251409190324338,0.75,0.8
taiwan,mlp,2626,-0.0898286264346649,0.9103913408340616,0.6666666666666666
taiwan,mlp,2647,-0.7028433993344548,0.6,0.5
taiwan,mlp,2663,0.28487810564655697,0.45,0.6
taiwan,mlp,2668,-0.0635426740820589,0.10000000000000003,0.4
taiwan,mlp,2761,-0.7784926331880117,0.55,0.6
taiwan,mlp,2775,-0.934699396543193,0.5,0.75
taiwan,mlp,2799,0.842956647930134,0.95,0.4
taiwan,mlp,2839,0.913008870859421,0.55,0.4
taiwan,mlp,2959,-0.7866974702672432,0.45,0.6
taiwan,mlp,2960,0.8484245021130296,0.65,0.6
taiwan,mlp,3033,0.80917921419648,0.75,0.6
taiwan,mlp,3108,-0.4447793566059292,0.25,0.4
taiwan,mlp,3230,-0.4522824963632479,0.75,0.8
taiwan,mlp,3252,-0.18059273745610907,0.8999999999999999,0.25
taiwan,mlp,3287,-0.47045323918938126,0.85,0.6
taiwan,mlp,3371,0.5037724133758664,0.75,0.4
taiwan,mlp,3747,-0.8864120907980392,0.65,0.75
taiwan,mlp,3764,-0.4019160916570265,0.55,0.5
taiwan,mlp,3811,0.872093654176097,0.75,0.4
taiwan,mlp,3815,-0.776331087112833,0.6025978352085154,0.6666666666666666
taiwan,mlp,3859,-0.7983421299022655,0.7821440468234173,0.6666666666666666
taiwan,mlp,4000,0.899512484634555,0.65,0.2
taiwan,mlp,4028,-0.4495198557921122,0.4743505411978711,0.3333333333333333
taiwan,mlp,4066,-0.7294144677471102,0.95,0.6
taiwan,mlp,4088,-0.730700305377015,0.6,0.8
taiwan,mlp,4096,-0.12292503899677709,0.55,0.4
taiwan,mlp,4115,0.3784369569676302,0.75,0.4
taiwan,mlp,4158,-0.6698518383404704,0.4,0.75
taiwan,mlp,4186,0.8860029188400078,0.7,0.2
taiwan,mlp,4238,0.8826765265483281,0.75,0.25
taiwan,mlp,4345,-0.5783955933744896,0.4,0.25
taiwan,mlp,4424,-0.5209400300148411,0.5,0.4
taiwan,mlp,4435,-0.18126467122326612,0.8,0.25
taiwan,mlp,4496,-0.1369887148318852,0.320453788385098,0.6666666666666666
taiwan,mlp,4499,-0.8410168322281072,0.65,0.6
taiwan,mlp,4516,-0.5085543142955906,0.95,0.6
taiwan,mlp,4562,0.5051579716601377,0.85,0.6
taiwan,mlp,4593,0.8701467272518345,0.8999999999999999,0.4
taiwan,mlp,4625,-0.7600132707075122,0.8999999999999999,0.5
taiwan,mlp,4644,0.24709857822706083,0.6538967528127732,1.0
taiwan,mlp,4745,-0.7874217762197394,0.5256494588021289,0.3333333333333333
taiwan,mlp,4816,0.8640631326504535,0.75,0.5
taiwan,mlp,4871,-0.47698912276876926,0.55,0.25
taiwan,mlp,4908,0.8837557729980979,0.9103913408340616,0.3333333333333333
taiwan,mlp,4964,-0.3761585789179198,0.65,0.4
taiwan,mlp,4976,0.8020535181158494,0.5256494588021289,0.3333333333333333
taiwan,mlp,4979,-0.5692078286515722,0.65,0.4
taiwan,mlp,5038,-0.8911482071048915,0.65,0.75
taiwan,mlp,5064,0.8066692435090902,0.85,0.4
taiwan,mlp,5089,0.8745735548866866,0.6,0.25
taiwan,mlp,5263,-0.5404889255606261,0.45,0.5
taiwan,mlp,5306,0.9031543249328288,0.6,0.2
taiwan,mlp,5377,0.16345235209395634,0.65,0.75
taiwan,mlp,5396,-0.26386977774519216,0.95,0.75
taiwan,mlp,5483,-0.5894621624233893,0.8,0.5
taiwan,mlp,5492,-0.760265184487612,0.95,0.25
taiwan,mlp,5617,0.8814137874636231,0.75,0.4
taiwan,mlp,5761,-0.6977045260543595,0.7051956704170308,0.0
taiwan,mlp,5763,-0.08497897704017693,0.75,0.4
taiwan,mlp,5764,-0.6639514959549525,0.5,0.5
taiwan,mlp,5942,-0.8305095822425054,0.65,0.2
gmsc,xgboost,1306,-0.4329846335008763,0.8285714285714286,0.3333333333333333
gmsc,xgboost,1902,-0.4903437530937904,0.8285714285714286,0.16666666666666666
gmsc,xgboost,2025,-0.38306758770854277,0.8857142857142857,0.5
gmsc,xgboost,2278,-0.42049636183609196,0.8857142857142857,0.6666666666666666
gmsc,xgboost,2559,-0.4513217869274288,0.6285714285714286,0.3333333333333333
gmsc,xgboost,2657,-0.8873052527998959,0.9714285714285715,0.16666666666666666
gmsc,xgboost,2746,-0.9657026684190875,0.8857142857142857,0.0
gmsc,xgboost,2805,-0.8520676284738311,0.8857142857142857,0.16666666666666666
gmsc,xgboost,2903,-0.628478748291056,0.5428571428571428,0.3333333333333333
gmsc,xgboost,3817,0.43213901501024377,0.6857142857142857,0.5
gmsc,xgboost,3878,-0.7989206767516265,0.9428571428571428,0.5
gmsc,xgboost,4175,-0.6308269707350466,0.6857142857142857,0.6666666666666666
gmsc,xgboost,4603,-0.45725692292240994,0.8857142857142857,0.3333333333333333
gmsc,xgboost,4798,0.7802620884515312,0.9428571428571428,0.8333333333333334
gmsc,xgboost,4927,-0.9176164242900823,0.8,0.16666666666666666
gmsc,xgboost,5440,0.3394694556289122,0.8857142857142857,0.6666666666666666
gmsc,xgboost,5655,0.6831498817980598,0.8,0.3333333333333333
gmsc,xgboost,5806,-0.47571775221577856,0.8571428571428572,0.3333333333333333
gmsc,xgboost,6001,-0.5698499102969332,0.9428571428571428,0.3333333333333333
gmsc,xgboost,6774,0.6487668644944333,0.9428571428571428,0.5
gmsc,xgboost,7157,-0.4560237878264101,0.8,0.16666666666666666
gmsc,xgboost,8252,-0.29474351094485435,0.6285714285714286,0.5
gmsc,xgboost,8613,-0.5184424005998933,0.8285714285714286,0.3333333333333333
gmsc,xgboost,9329,-0.5107251328863724,0.8285714285714286,0.16666666666666666
gmsc,xgboost,9724,-0.24098405635748668,0.7714285714285715,0.3333333333333333
gmsc,xgboost,9858,-0.574162905646019,0.8857142857142857,0.5
gmsc,xgboost,10573,-0.5088136614706847,0.8857142857142857,0.16666666666666666
gmsc,xgboost,10856,-0.49888399893104995,0.7714285714285715,0.5
gmsc,xgboost,10941,-0.6607760142673909,0.9142857142857144,0.3333333333333333
gmsc,xgboost,11050,-0.3887761732001882,0.8571428571428572,0.3333333333333333
gmsc,xgboost,11057,-0.552635899318963,0.8857142857142857,0.5
gmsc,xgboost,11575,-0.584407395430371,0.8571428571428572,0.3333333333333333
gmsc,xgboost,11994,-0.689358214918233,0.7142857142857143,0.5
gmsc,xgboost,12261,-0.43672126368619907,0.8285714285714286,0.5
gmsc,xgboost,12896,0.11414019471845864,0.8,0.6666666666666666
gmsc,xgboost,12999,0.685229084000746,0.9428571428571428,0.5
gmsc,xgboost,13053,-0.3480110748807184,0.7714285714285715,0.6666666666666666
gmsc,xgboost,13071,-0.5489612394403358,0.9142857142857144,0.3333333333333333
gmsc,xgboost,13217,-0.7026737424138441,0.6285714285714286,0.5
gmsc,xgboost,13293,-0.6241671739471486,0.9428571428571428,0.3333333333333333
gmsc,xgboost,13421,-0.7215233556678661,0.8285714285714286,0.16666666666666666
gmsc,xgboost,13428,-0.4200527748837778,0.8285714285714286,0.5
gmsc,xgboost,13819,-0.6906301278247567,0.8857142857142857,0.16666666666666666
gmsc,xgboost,13923,-0.8003710872518299,0.7714285714285715,0.5
gmsc,xgboost,14015,-0.6497744976333768,0.8571428571428572,0.0
gmsc,xgboost,14202,-0.42078908873142384,0.6571428571428571,0.3333333333333333
gmsc,xgboost,14851,-0.4421551187025015,0.9142857142857144,0.6666666666666666
gmsc,xgboost,14910,-0.438077606325921,0.6571428571428571,0.3333333333333333
gmsc,xgboost,15292,-0.5090789778246894,0.7428571428571429,0.0
gmsc,xgboost,15683,-0.2284420574775056,0.6285714285714286,0.16666666666666666
gmsc,xgboost,16258,-0.6740892407301691,0.7714285714285715,0.3333333333333333
gmsc,xgboost,16307,-0.6923952222446854,0.8285714285714286,0.3333333333333333
gmsc,xgboost,16533,-0.4272451708374009,0.9142857142857144,0.3333333333333333
gmsc,xgboost,16854,0.952420707948194,0.8285714285714286,0.5
gmsc,xgboost,18807,0.8266389796084571,0.9142857142857144,0.3333333333333333
gmsc,xgboost,18835,-0.5007085648402493,0.9714285714285715,0.5
gmsc,xgboost,19025,-0.6748370634849676,0.6857142857142857,0.3333333333333333
gmsc,xgboost,19190,-0.6164976582871745,0.7714285714285715,0.3333333333333333
gmsc,xgboost,19494,0.9340798035591672,0.8,0.5
gmsc,xgboost,19999,-0.5878395654348543,0.8857142857142857,0.6666666666666666
gmsc,xgboost,20220,-0.6782030650830396,0.7142857142857143,0.0
gmsc,xgboost,20381,-0.693953780689083,0.7428571428571429,0.5
gmsc,xgboost,20390,-0.580613912979616,0.8,0.3333333333333333
gmsc,xgboost,20494,-0.7276414528264424,0.8571428571428572,0.16666666666666666
gmsc,xgboost,20772,-0.7506339862086265,0.6571428571428571,0.16666666666666666
gmsc,xgboost,20890,0.6799906246592137,0.8571428571428572,0.5
gmsc,xgboost,20913,-0.7047223466151518,0.6857142857142857,0.3333333333333333
gmsc,xgboost,21376,-0.689868840338859,0.7142857142857143,0.3333333333333333
gmsc,xgboost,21919,-0.8161326186609568,0.8857142857142857,0.3333333333333333
gmsc,xgboost,22180,-0.6274303993201548,0.5142857142857142,0.5
gmsc,xgboost,22224,0.19391041545886264,0.6857142857142857,0.5
gmsc,xgboost,22606,-0.527167640114165,0.9142857142857144,0.0
gmsc,xgboost,22667,-0.49321296770476036,0.8571428571428572,0.5
gmsc,xgboost,22676,-0.9371549941551833,0.45714285714285713,0.5
gmsc,xgboost,22933,-0.605896348302867,0.6571428571428571,0.16666666666666666
gmsc,xgboost,23049,-0.7054053197551349,0.8,0.5
gmsc,xgboost,23218,-0.456827933361226,0.8857142857142857,0.3333333333333333
gmsc,xgboost,23293,-0.39442232683873324,0.6571428571428571,0.5
gmsc,xgboost,23420,-0.5004480834700057,0.8571428571428572,0.3333333333333333
gmsc,xgboost,23751,-0.8535254800095874,0.4857142857142857,0.3333333333333333
gmsc,xgboost,24039,-0.45466505502265964,0.9142857142857144,0.5
gmsc,xgboost,24524,-0.6248413442848597,0.7142857142857143,0.16666666666666666
gmsc,xgboost,24677,-0.7745914221582338,0.8571428571428572,0.3333333333333333
gmsc,xgboost,24858,-0.3565844196836997,0.8285714285714286,0.5
gmsc,xgboost,24866,-0.6512582967042917,0.9714285714285715,0.5
gmsc,xgboost,25022,-0.4025000023516298,0.6285714285714286,0.5
gmsc,xgboost,25143,-0.4173037654223303,0.8857142857142857,0.3333333333333333
gmsc,xgboost,25573,-0.47502914984485267,0.7142857142857143,0.3333333333333333
gmsc,xgboost,25590,-0.6848038411008694,0.9142857142857144,0.16666666666666666
gmsc,xgboost,26471,-0.7500052429792003,0.8857142857142857,0.3333333333333333
gmsc,xgboost,26639,-0.3533492649029725,0.9428571428571428,0.3333333333333333
gmsc,xgboost,26829,-0.5036279505619824,0.8285714285714286,0.3333333333333333
gmsc,xgboost,27026,-0.33779263610010235,0.7142857142857143,0.5
gmsc,xgboost,27528,-0.41431333267176085,0.7142857142857143,0.3333333333333333
gmsc,xgboost,27620,-0.39690110811747,0.7714285714285715,0.5
gmsc,xgboost,28077,-0.5442724476048166,0.9428571428571428,0.3333333333333333
gmsc,xgboost,28873,-0.7006139464353376,0.8285714285714286,0.16666666666666666
gmsc,xgboost,28951,-0.40088563414603096,0.6,0.3333333333333333
gmsc,xgboost,29064,-0.6981622973190951,0.9428571428571428,0.3333333333333333
gmsc,xgboost,29856,0.9780557269553868,0.8857142857142857,0.6666666666666666
gmsc,lightgbm,1306,-0.2194025563930722,0.6571428571428571,0.3333333333333333
gmsc,lightgbm,1902,-0.3378397790427602,0.9142857142857144,0.16666666666666666
gmsc,lightgbm,2025,-0.2515361888646313,0.9142857142857144,0.3333333333333333
gmsc,lightgbm,2278,-0.48689657763102495,0.5142857142857142,0.6666666666666666
gmsc,lightgbm,2559,-0.3461962731982453,0.8857142857142857,0.3333333333333333
gmsc,lightgbm,2657,-0.7027209531798292,0.6285714285714286,0.16666666666666666
gmsc,lightgbm,2746,-0.5330177500966974,0.8285714285714286,0.5
gmsc,lightgbm,2805,-0.6557439082079003,0.5428571428571428,0.3333333333333333
gmsc,lightgbm,2903,-0.6232210615758487,0.8285714285714286,0.16666666666666666
gmsc,lightgbm,3817,0.7336718150148764,0.9142857142857144,0.3333333333333333
gmsc,lightgbm,3878,-0.785987672039035,0.8,0.16666666666666666
gmsc,lightgbm,4175,-0.3148141316409943,0.9142857142857144,0.3333333333333333
gmsc,lightgbm,4603,-0.16067524577424805,0.8571428571428572,0.3333333333333333
gmsc,lightgbm,4798,0.7433691363349243,0.9428571428571428,0.5
gmsc,lightgbm,4927,-0.4879117452811694,0.9714285714285715,0.3333333333333333
gmsc,lightgbm,5440,0.6809522778867789,0.8571428571428572,0.5
gmsc,lightgbm,5655,0.9010765090492859,0.8,0.6666666666666666
gmsc,lightgbm,5806,-0.38488737089061875,0.5714285714285714,0.16666666666666666
gmsc,lightgbm,6001,-0.24675787982867953,0.9142857142857144,0.3333333333333333
gmsc,lightgbm,6774,0.888340702897244,0.9714285714285715,0.6666666666666666
gmsc,lightgbm,7157,-0.2683412054411691,0.5714285714285714,0.16666666666666666
gmsc,lightgbm,8252,-0.11446201146497469,0.6571428571428571,0.6666666666666666
gmsc,lightgbm,8613,-0.2760123729036519,0.7142857142857143,0.16666666666666666
gmsc,lightgbm,9329,-0.40967320648613315,0.8571428571428572,0.16666666666666666
gmsc,lightgbm,9724,-0.06604602342792651,0.8,0.3333333333333333
gmsc,lightgbm,9858,-0.2953827322676344,0.7714285714285715,0.5
gmsc,lightgbm,10573,-0.20938766957510882,0.8857142857142857,0.3333333333333333
gmsc,lightgbm,10856,-0.3972450462632971,0.9428571428571428,0.5
gmsc,lightgbm,10941,-0.6363250684240631,0.8,0.3333333333333333
gmsc,lightgbm,11050,-0.1580038175041497,0.8857142857142857,0.6666666666666666
gmsc,lightgbm,11057,-0.5970053921066502,0.8285714285714286,0.16666666666666666
gmsc,lightgbm,11575,-0.5696897965831319,0.9714285714285715,0.16666666666666666
gmsc,lightgbm,11994,-0.6671271197410907,0.8285714285714286,0.16666666666666666
gmsc,lightgbm,12261,-0.36953512103779307,0.8285714285714286,0.6666666666666666
gmsc,lightgbm,12896,0.5667221289387091,0.8285714285714286,0.5
gmsc,lightgbm,12999,0.8454665141525064,0.6,0.6666666666666666
gmsc,lightgbm,13053,-0.0936420718995773,0.8,0.5
gmsc,lightgbm,13071,-0.22552497244856817,0.8857142857142857,0.16666666666666666
gmsc,lightgbm,13217,-0.4180237469231129,0.8285714285714286,0.6666666666666666
gmsc,lightgbm,13293,-0.6328739062990578,0.4,0.16666666666666666
gmsc,lightgbm,13421,-0.7363325569983081,0.8571428571428572,0.16666666666666666
gmsc,lightgbm,13428,-0.41549984415256674,0.6285714285714286,0.16666666666666666
gmsc,lightgbm,13819,-0.5709164998157557,0.8571428571428572,0.16666666666666666
gmsc,lightgbm,13923,-0.6570921539100333,0.8571428571428572,0.3333333333333333
gmsc,lightgbm,14015,-0.5161294217662059,0.8857142857142857,0.0
gmsc,lightgbm,14202,-0.28172045068261736,0.45714285714285713,0.6666666666666666
gmsc,lightgbm,14851,-0.165285013839984,0.8857142857142857,0.5
gmsc,lightgbm,14910,-0.21956962222818519,0.8,0.3333333333333333
gmsc,lightgbm,15292,-0.4196701661496059,0.7714285714285715,0.16666666666666666
gmsc,lightgbm,15683,-0.044848359967133856,0.9142857142857144,0.3333333333333333
gmsc,lightgbm,16258,-0.6661962694718118,0.7428571428571429,0.5
gmsc,lightgbm,16307,-0.5948506194433648,0.37142857142857144,0.0
gmsc,lightgbm,16533,-0.21897550780339292,0.9142857142857144,0.3333333333333333
gmsc,lightgbm,16854,0.9382959551695407,0.8,0.5
gmsc,lightgbm,18807,0.9139538768517693,0.9142857142857144,0.5
gmsc,lightgbm,18835,-0.19924675031806324,0.8285714285714286,0.3333333333333333
gmsc,lightgbm,19025,-0.693084079728722,0.9428571428571428,0.3333333333333333
gmsc,lightgbm,19190,-0.29754774192329564,0.8,0.5
gmsc,lightgbm,19494,0.9572569466661697,0.9142857142857144,0.6666666666666666
gmsc,lightgbm,19999,-0.35331643733133744,0.7714285714285715,0.3333333333333333
gmsc,lightgbm,20220,-0.626907208256356,0.7714285714285715,0.5
gmsc,lightgbm,20381,-0.8341891844951524,0.7428571428571429,0.3333333333333333
gmsc,lightgbm,20390,-0.31153619161835666,0.7714285714285715,0.3333333333333333
gmsc,lightgbm,20494,-0.33305891862088116,0.7428571428571429,0.16666666666666666
gmsc,lightgbm,20772,-0.4758678818736956,0.45714285714285713,0.6666666666666666
gmsc,lightgbm,20890,0.8341078185475799,0.8285714285714286,0.16666666666666666
gmsc,lightgbm,20913,-0.6365058714781349,0.6,0.3333333333333333
gmsc,lightgbm,21376,-0.40986681208769055,0.9428571428571428,0.3333333333333333
gmsc,lightgbm,21919,-0.6608924097461728,0.8,0.0
gmsc,lightgbm,22180,-0.6244960897701438,0.2857142857142857,0.3333333333333333
gmsc,lightgbm,22224,0.5128856853520427,0.9142857142857144,0.16666666666666666
gmsc,lightgbm,22606,-0.4120682309408048,0.7142857142857143,0.16666666666666666
gmsc,lightgbm,22667,-0.46087260987483064,0.5714285714285714,0.3333333333333333
gmsc,lightgbm,22676,-0.6978764347585675,0.8857142857142857,0.5
gmsc,lightgbm,22933,-0.6166365610183794,0.8571428571428572,0.3333333333333333
gmsc,lightgbm,23049,-0.44894172926920145,0.8857142857142857,0.3333333333333333
gmsc,lightgbm,23218,-0.4007414975790845,0.7714285714285715,0.5
gmsc,lightgbm,23293,-0.24315981538840742,0.8857142857142857,0.5
gmsc,lightgbm,23420,-0.3644013100292508,0.6857142857142857,0.3333333333333333
gmsc,lightgbm,23751,-0.49564945935960225,0.8857142857142857,0.5
gmsc,lightgbm,24039,-0.10682635363727526,0.8857142857142857,0.3333333333333333
gmsc,lightgbm,24524,-0.5421279858829909,0.8857142857142857,0.3333333333333333
gmsc,lightgbm,24677,-0.4329322771504893,0.8857142857142857,0.3333333333333333
gmsc,lightgbm,24858,-0.17499298249037848,0.8,0.3333333333333333
gmsc,lightgbm,24866,-0.39623913674840266,0.7714285714285715,0.3333333333333333
gmsc,lightgbm,25022,-0.24949021048089076,0.8857142857142857,0.3333333333333333
gmsc,lightgbm,25143,-0.42193282689656164,0.8857142857142857,0.16666666666666666
gmsc,lightgbm,25573,-0.3482342794319461,0.7714285714285715,0.3333333333333333
gmsc,lightgbm,25590,-0.5215825503216707,0.8857142857142857,0.16666666666666666
gmsc,lightgbm,26471,-0.37795538775037824,0.8857142857142857,0.3333333333333333
gmsc,lightgbm,26639,-0.11805244298711022,0.8285714285714286,0.3333333333333333
gmsc,lightgbm,26829,-0.43603772470885954,0.6571428571428571,0.3333333333333333
gmsc,lightgbm,27026,-0.23454121568031197,0.8,0.5
gmsc,lightgbm,27528,-0.3169360644895505,0.6571428571428571,0.3333333333333333
gmsc,lightgbm,27620,-0.3942049960820272,0.5714285714285714,0.6666666666666666
gmsc,lightgbm,28077,-0.4980613056506681,0.8,0.3333333333333333
gmsc,lightgbm,28873,-0.6291738602586285,0.7714285714285715,0.0
gmsc,lightgbm,28951,-0.3846069695295294,0.7142857142857143,0.16666666666666666
gmsc,lightgbm,29064,-0.833295957643254,0.5428571428571428,0.5
gmsc,lightgbm,29856,0.9564802038845939,0.8,0.5
gmsc,random_forest,1306,-0.7104540425351517,0.9428571428571428,0.3333333333333333
gmsc,random_forest,1902,-0.8347233239603595,0.9428571428571428,0.16666666666666666
gmsc,random_forest,2025,-0.7920044213778639,0.9428571428571428,0.3333333333333333
gmsc,random_forest,2278,-0.7972299232635496,0.9428571428571428,0.6666666666666666
gmsc,random_forest,2559,-0.7903730260241328,0.9428571428571428,0.3333333333333333
gmsc,random_forest,2657,-0.9564451510317095,0.9714285714285715,0.0
gmsc,random_forest,2746,-0.9849372762938028,0.9142857142857144,0.0
gmsc,random_forest,2805,-0.9468211886527363,0.9428571428571428,0.16666666666666666
gmsc,random_forest,2903,-0.8603490559648495,0.8571428571428572,0.3333333333333333
gmsc,random_forest,3817,0.23923495285919896,0.9428571428571428,0.3333333333333333
gmsc,random_forest,3878,-0.9699304992885702,0.9714285714285715,0.5
gmsc,random_forest,4175,-0.7719745395229193,0.6,0.3333333333333333
gmsc,random_forest,4603,-0.7676264118495884,0.9428571428571428,0.3333333333333333
gmsc,random_forest,4798,0.9247295759249881,0.9714285714285715,0.6666666666666666
gmsc,random_forest,4927,-0.8484063811211794,0.8571428571428572,0.5
gmsc,random_forest,5440,0.2713262326948892,0.9142857142857144,0.5
gmsc,random_forest,5655,0.4078839002815586,0.9714285714285715,0.3333333333333333
gmsc,random_forest,5806,-0.8070586557254633,0.8857142857142857,0.16666666666666666
gmsc,random_forest,6001,-0.3717605179127424,0.9142857142857144,0.3333333333333333
gmsc,random_forest,6774,0.5009042870892096,0.8571428571428572,0.6666666666666666
gmsc,random_forest,7157,-0.8094078709878508,0.9428571428571428,0.0
gmsc,random_forest,8252,-0.7105512311572169,0.8857142857142857,0.5
gmsc,random_forest,8613,-0.8606911438656645,0.8,0.5
gmsc,random_forest,9329,-0.8457297479489894,0.9428571428571428,0.3333333333333333
gmsc,random_forest,9724,-0.6921297819180825,0.8857142857142857,0.16666666666666666
gmsc,random_forest,9858,-0.39015659154059884,0.8857142857142857,0.5
gmsc,random_forest,10573,-0.34093823985359367,0.8571428571428572,0.3333333333333333
gmsc,random_forest,10856,-0.8062782911459743,0.8857142857142857,0.5
gmsc,random_forest,10941,-0.7756729509926034,0.9428571428571428,0.3333333333333333
gmsc,random_forest,11050,-0.749313297189354,0.9714285714285715,0.5
gmsc,random_forest,11057,-0.8352985742392793,0.9714285714285715,0.3333333333333333
gmsc,random_forest,11575,-0.8309720967207581,0.8571428571428572,0.0
gmsc,random_forest,11994,-0.9063728667229675,0.8,0.5
gmsc,random_forest,12261,-0.8140617581143169,0.9428571428571428,0.3333333333333333
gmsc,random_forest,12896,0.5358889736799062,0.9428571428571428,0.6666666666666666
gmsc,random_forest,12999,0.596362833707208,1.0,0.6666666666666666
gmsc,random_forest,13053,-0.34038464505502075,0.9714285714285715,0.5
gmsc,random_forest,13071,-0.4330662104944968,0.8857142857142857,0.3333333333333333
gmsc,random_forest,13217,-0.5953320363821887,0.7142857142857143,0.5
gmsc,random_forest,13293,-0.8126172759891032,0.9428571428571428,0.3333333333333333
gmsc,random_forest,13421,-0.8288906227380817,0.9428571428571428,0.16666666666666666
gmsc,random_forest,13428,-0.7720429649654436,0.9142857142857144,0.5
gmsc,random_forest,13819,-0.861166602454171,0.8571428571428572,0.0
gmsc,random_forest,13923,-0.9523367648461465,0.9428571428571428,0.16666666666666666
gmsc,random_forest,14015,-0.8630368914136096,0.9428571428571428,0.16666666666666666
gmsc,random_forest,14202,-0.7385329097840447,0.8857142857142857,0.5
gmsc,random_forest,14851,-0.34566837154865937,0.8857142857142857,0.6666666666666666
gmsc,random_forest,14910,-0.7559483804585796,0.8857142857142857,0.5
gmsc,random_forest,15292,-0.8259654175153052,0.9142857142857144,0.0
gmsc,random_forest,15683,-0.695900252735435,0.9142857142857144,0.3333333333333333
gmsc,random_forest,16258,-0.8670843313914518,0.9142857142857144,0.5
gmsc,random_forest,16307,-0.9295461373533052,0.8285714285714286,0.3333333333333333
gmsc,random_forest,16533,-0.7774433051536135,0.8285714285714286,0.3333333333333333
gmsc,random_forest,16854,0.964978536032708,0.9142857142857144,0.3333333333333333
gmsc,random_forest,18807,0.9515457154116257,0.9428571428571428,0.6666666666666666
gmsc,random_forest,18835,-0.7712239204242162,0.9714285714285715,0.3333333333333333
gmsc,random_forest,19025,-0.8407228179189244,0.8571428571428572,0.3333333333333333
gmsc,random_forest,19190,-0.42034926764863034,0.7714285714285715,0.5
gmsc,random_forest,19494,0.9860550609518086,0.9142857142857144,0.5
gmsc,random_forest,19999,-0.40641064589003983,0.8571428571428572,0.5
gmsc,random_forest,20220,-0.8214235598062026,0.8857142857142857,0.3333333333333333
gmsc,random_forest,20381,-0.9193773240682546,0.9714285714285715,0.5
gmsc,random_forest,20390,-0.3930090861820247,0.8857142857142857,0.3333333333333333
gmsc,random_forest,20494,-0.8462855037779988,0.7714285714285715,0.3333333333333333
gmsc,random_forest,20772,-0.7983417454256057,0.8571428571428572,0.0
gmsc,random_forest,20890,0.532550181236597,0.9428571428571428,0.3333333333333333
gmsc,random_forest,20913,-0.8922055056324839,0.8857142857142857,0.6666666666666666
gmsc,random_forest,21376,-0.5320541908301502,0.9714285714285715,0.3333333333333333
gmsc,random_forest,21919,-0.859873165661083,0.9428571428571428,0.16666666666666666
gmsc,random_forest,22180,-0.8839175915729234,0.7714285714285715,0.3333333333333333
gmsc,random_forest,22224,0.11782772163050542,0.9714285714285715,0.3333333333333333
gmsc,random_forest,22606,-0.8084612246302101,0.8857142857142857,0.16666666666666666
gmsc,random_forest,22667,-0.8233290774553731,0.9428571428571428,0.3333333333333333
gmsc,random_forest,22676,-0.9351209018332745,0.7714285714285715,0.16666666666666666
gmsc,random_forest,22933,-0.8745488786030934,0.8571428571428572,0.16666666666666666
gmsc,random_forest,23049,-0.5311479387265171,0.9714285714285715,0.3333333333333333
gmsc,random_forest,23218,-0.763537201867791,0.8857142857142857,0.3333333333333333
gmsc,random_forest,23293,-0.7238823168503729,0.8857142857142857,0.16666666666666666
gmsc,random_forest,23420,-0.8335435254633975,0.7714285714285715,0.3333333333333333
gmsc,random_forest,23751,-0.92874990425883,0.9142857142857144,0.3333333333333333
gmsc,random_forest,24039,-0.375210482337943,0.9714285714285715,0.3333333333333333
gmsc,random_forest,24524,-0.8444083844563672,0.8,0.3333333333333333
gmsc,random_forest,24677,-0.5925237610964219,0.9428571428571428,0.16666666666666666
gmsc,random_forest,24858,-0.7559266013897714,0.9428571428571428,0.5
gmsc,random_forest,24866,-0.4259584160722924,0.8857142857142857,0.5
gmsc,random_forest,25022,-0.7530786885600194,0.8571428571428572,0.5
gmsc,random_forest,25143,-0.8196616122670474,0.9714285714285715,0.3333333333333333
gmsc,random_forest,25573,-0.8029078426618131,0.7714285714285715,0.3333333333333333
gmsc,random_forest,25590,-0.879950642507859,0.9714285714285715,0.16666666666666666
gmsc,random_forest,26471,-0.5546100416680726,1.0,0.3333333333333333
gmsc,random_forest,26639,-0.7253709524755434,0.8857142857142857,0.16666666666666666
gmsc,random_forest,26829,-0.8294514152378485,0.9714285714285715,0.16666666666666666
gmsc,random_forest,27026,-0.7652696619857938,0.9428571428571428,0.5
gmsc,random_forest,27528,-0.7809678368935027,0.9428571428571428,0.3333333333333333
gmsc,random_forest,27620,-0.6803482989478336,0.9428571428571428,0.3333333333333333
gmsc,random_forest,28077,-0.8158080299125517,0.9428571428571428,0.5
gmsc,random_forest,28873,-0.9040870703025737,0.9714285714285715,0.0
gmsc,random_forest,28951,-0.7916435259540172,0.7714285714285715,0.0
gmsc,random_forest,29064,-0.9436218937083506,1.0,0.16666666666666666
gmsc,random_forest,29856,0.9920569561348321,0.9428571428571428,0.8333333333333334
gmsc,mlp,1306,-0.8295073751413401,0.45714285714285713,0.3333333333333333
gmsc,mlp,1902,-0.8545519217028199,0.6285714285714286,0.5
gmsc,mlp,2025,-0.8641932393889332,0.6857142857142857,0.5
gmsc,mlp,2278,-0.8863691574018259,0.5714285714285714,0.3333333333333333
gmsc,mlp,2559,-0.8967731893507317,0.5714285714285714,0.5
gmsc,mlp,2657,-0.8591269600009651,0.6,0.5
gmsc,mlp,2746,-0.8907048693650187,0.6857142857142857,0.3333333333333333
gmsc,mlp,2805,-0.9104457298701091,0.6285714285714286,0.6666666666666666
gmsc,mlp,2903,-0.8890872710661322,0.42857142857142855,0.16666666666666666
gmsc,mlp,3817,0.24748314662154303,0.2,0.8333333333333334
gmsc,mlp,3878,-0.8889615707232025,0.7142857142857143,0.3333333333333333
gmsc,mlp,4175,-0.8121473753392534,0.5142857142857142,0.8333333333333334
gmsc,mlp,4603,-0.7447227907635815,0.6857142857142857,0.0
gmsc,mlp,4798,0.5518994330604614,0.4857142857142857,0.6666666666666666
gmsc,mlp,4927,-0.8914746174064249,0.4857142857142857,0.3333333333333333
gmsc,mlp,5440,0.6455939639331287,0.2857142857142857,0.16666666666666666
gmsc,mlp,5655,0.6391923660145921,0.6285714285714286,0.3333333333333333
gmsc,mlp,5806,-0.8573806005515519,0.6285714285714286,0.5
gmsc,mlp,6001,-0.8339956459356684,0.42857142857142855,0.5
gmsc,mlp,6774,0.6824598911687194,0.2571428571428571,0.2
gmsc,mlp,7157,-0.8038217479669104,0.4857142857142857,0.5
gmsc,mlp,8252,-0.7492084343835356,0.6285714285714286,0.6666666666666666
gmsc,mlp,8613,-0.8866682521698263,0.5714285714285714,0.0
gmsc,mlp,9329,-0.8342962951769831,0.6857142857142857,0.5
gmsc,mlp,9724,-0.7698197521088407,0.6857142857142857,0.5
gmsc,mlp,9858,-0.8817889405527747,0.6857142857142857,0.3333333333333333
gmsc,mlp,10573,-0.8593406141803572,0.5142857142857142,0.6666666666666666
gmsc,mlp,10856,-0.9193285210733567,0.6857142857142857,0.5
gmsc,mlp,10941,-0.8400350048752442,0.6285714285714286,0.3333333333333333
gmsc,mlp,11050,-0.8243419479031835,0.6,0.16666666666666666
gmsc,mlp,11057,-0.8974591051526217,0.5142857142857142,0.6666666666666666
gmsc,mlp,11575,-0.9017789713732935,0.6857142857142857,0.5
gmsc,mlp,11994,-0.9031307846166375,0.5428571428571428,0.16666666666666666
gmsc,mlp,12261,-0.8281595367509543,0.42857142857142855,0.16666666666666666
gmsc,mlp,12896,0.2467884794275362,0.057142857142857106,0.6666666666666666
gmsc,mlp,12999,0.8199626754478486,0.6285714285714286,0.8333333333333334
gmsc,mlp,13053,-0.8076588366577057,0.4857142857142857,0.5
gmsc,mlp,13071,-0.850504654610919,0.8,0.5
gmsc,mlp,13217,-0.7081892755756305,0.4857142857142857,0.6666666666666666
gmsc,mlp,13293,-0.8547229752542089,0.5714285714285714,0.6666666666666666
gmsc,mlp,13421,-0.8905911037716825,0.6285714285714286,0.3333333333333333
gmsc,mlp,13428,-0.8870784889755259,0.7428571428571429,0.3333333333333333
gmsc,mlp,13819,-0.858980766807772,0.5428571428571428,0.3333333333333333
gmsc,mlp,13923,-0.8254447767185867,0.4857142857142857,0.0
gmsc,mlp,14015,-0.8760069180856274,0.5714285714285714,0.0
gmsc,mlp,14202,-0.808473778906101,0.7428571428571429,0.5
gmsc,mlp,14851,-0.7493629167289201,0.5142857142857142,0.3333333333333333
gmsc,mlp,14910,-0.7839120515978159,0.5142857142857142,0.16666666666666666
gmsc,mlp,15292,-0.8790690123459854,0.6285714285714286,0.6666666666666666
gmsc,mlp,15683,-0.6353311730690847,0.42857142857142855,0.3333333333333333
gmsc,mlp,16258,-0.8763777156361487,0.4857142857142857,0.5
gmsc,mlp,16307,-0.8396663555758694,0.6285714285714286,0.5
gmsc,mlp,16533,-0.8336975929991024,0.45714285714285713,0.16666666666666666
gmsc,mlp,16854,0.8987178743605945,0.8,0.8333333333333334
gmsc,mlp,18807,0.8989574593971069,0.45714285714285713,0.3333333333333333
gmsc,mlp,18835,-0.8124477365113467,0.45714285714285713,0.5
gmsc,mlp,19025,-0.8753612541950994,0.45714285714285713,0.3333333333333333
gmsc,mlp,19190,-0.9051289157044518,0.5714285714285714,0.6666666666666666
gmsc,mlp,19494,0.8818537454410335,0.6285714285714286,0.6666666666666666
gmsc,mlp,19999,-0.8696352914580544,0.5142857142857142,0.5
gmsc,mlp,20220,-0.9009572301085514,0.5714285714285714,0.16666666666666666
gmsc,mlp,20381,-0.9116844159534335,0.6285714285714286,0.5
gmsc,mlp,20390,-0.8064688793805933,0.6,0.6666666666666666
gmsc,mlp,20494,-0.7923060473050866,0.6285714285714286,0.6666666666666666
gmsc,mlp,20772,-0.7408817533789113,0.5142857142857142,0.5
gmsc,mlp,20890,0.8398038476448539,0.5142857142857142,0.6666666666666666
gmsc,mlp,20913,-0.8193206060836296,0.4857142857142857,0.6666666666666666
gmsc,mlp,21376,-0.8932116467512464,0.45714285714285713,0.6666666666666666
gmsc,mlp,21919,-0.8506793274012231,0.7428571428571429,0.3333333333333333
gmsc,mlp,22180,-0.8340976492752158,0.5428571428571428,0.5
gmsc,mlp,22224,0.7224809317398111,0.5428571428571428,0.6666666666666666
gmsc,mlp,22606,-0.9104478646690264,0.6285714285714286,0.3333333333333333
gmsc,mlp,22667,-0.8799826366088314,0.7142857142857143,0.5
gmsc,mlp,22676,-0.8776313436482027,0.6285714285714286,0.6666666666666666
gmsc,mlp,22933,-0.8972886029646282,0.6571428571428571,0.3333333333333333
gmsc,mlp,23049,-0.8900509663037869,0.5714285714285714,0.5
gmsc,mlp,23218,-0.8411120153240973,0.6285714285714286,0.5
gmsc,mlp,23293,-0.7859280366570431,0.45714285714285713,0.16666666666666666
gmsc,mlp,23420,-0.8556768528012357,0.6571428571428571,0.6666666666666666
gmsc,mlp,23751,-0.7977578355491121,0.5142857142857142,0.6666666666666666
gmsc,mlp,24039,-0.7226517952071401,0.5428571428571428,0.5
gmsc,mlp,24524,-0.9007116862185626,0.5428571428571428,0.16666666666666666
gmsc,mlp,24677,-0.8373988327882953,0.5142857142857142,0.5
gmsc,mlp,24858,-0.806128903308034,0.5142857142857142,0.16666666666666666
gmsc,mlp,24866,-0.8877488079130728,0.6,0.5
gmsc,mlp,25022,-0.8027521293536437,0.5142857142857142,0.3333333333333333
gmsc,mlp,25143,-0.9110397720743465,0.5428571428571428,0.3333333333333333
gmsc,mlp,25573,-0.8439475392869514,0.45714285714285713,0.5
gmsc,mlp,25590,-0.8671985768630045,0.45714285714285713,0.3333333333333333
gmsc,mlp,26471,-0.924767123942691,0.5714285714285714,0.16666666666666666
gmsc,mlp,26639,-0.7863141106643248,0.5428571428571428,0.16666666666666666
gmsc,mlp,26829,-0.8352181701909888,0.5714285714285714,0.5
gmsc,mlp,27026,-0.8021299015896203,0.6285714285714286,0.5
gmsc,mlp,27528,-0.7937465485540731,0.8,0.6666666666666666
gmsc,mlp,27620,-0.8040962315562442,0.6571428571428571,0.3333333333333333
gmsc,mlp,28077,-0.7483701292442088,0.5428571428571428,0.5
gmsc,mlp,28873,-0.9173852560904203,0.6285714285714286,0.16666666666666666
gmsc,mlp,28951,-0.8814728228961083,0.5428571428571428,0.3333333333333333
gmsc,mlp,29064,-0.8740325818469841,0.4857142857142857,0.5
gmsc,mlp,29856,0.8617645722340744,0.6857142857142857,0.5
