dataset,model,explainer,metric,mean,median,std,q25,q75,min,max,ci_low,ci_high,ci_status,n_instances,n_seed_pairs,bootstrap_seed,bootstrap_reps
german,lightgbm,lime,spearman,0.8656463308727745,0.9337983065566652,0.18034971434050837,0.8599218410768563,0.9679955492835433,0.1211788970907512,0.9831198436821535,0.8122314861050802,0.910530357142857,OK,50,10,42,5000
german,lightgbm,lime,topk_jaccard,0.837595238095238,0.8,0.14587080595889693,0.7416666666666666,1.0,0.46428571428571425,1.0,0.7979499999999999,0.876907738095238,OK,50,10,42,5000
german,lightgbm,lime,cosine,0.7828333782045622,0.9999365039913102,0.3963179018153096,0.7286402871739173,0.9999971693357806,-0.19988039348506978,0.9999999920085589,0.666762647476751,0.884233535817591,OK,50,10,42,5000
german,lightgbm,lime,sign_agreement,0.8819166666666668,0.9229166666666667,0.0962432448965049,0.8354166666666667,0.95,0.5375,0.9833333333333332,0.8539166666666667,0.9079166666666666,OK,50,10,42,5000
german,lightgbm,shap,spearman,0.9553869881611818,0.9574128380579996,0.0159976325148568,0.9449657869012709,0.9681030737482352,0.9172477462800044,0.9806017160855871,0.9508165091777996,0.9595846475507768,OK,50,10,42,5000
german,lightgbm,shap,topk_jaccard,0.8523809523809525,0.8666666666666666,0.11774800829071458,0.7678571428571428,1.0,0.6285714285714286,1.0,0.819997619047619,0.8844761904761904,OK,50,10,42,5000
german,lightgbm,shap,cosine,0.9883731802653621,0.9906352323170513,0.0058037386090641465,0.9854192904148955,0.992294897710867,0.966477636806631,0.9954458136880577,0.986691977628092,0.9898471668102912,OK,50,10,42,5000
german,lightgbm,shap,sign_agreement,0.9504166666666667,0.9541666666666666,0.016131940753413877,0.9427083333333334,0.9583333333333334,0.9041666666666666,0.975,0.9458333333333333,0.9546666666666667,OK,50,10,42,5000
german,mlp,lime,spearman,0.42304928354320454,0.38479157620495,0.32940857406690127,0.15023881893182803,0.6974435518888407,-0.16772687798523658,0.9428897090751194,0.3360135366912722,0.5158387158054711,OK,50,10,42,5000
german,mlp,lime,topk_jaccard,0.7254285714285714,0.6952380952380952,0.13995860074247618,0.6571428571428571,0.7702380952380952,0.4499999999999999,1.0,0.686377380952381,0.7635249999999999,OK,50,10,42,5000
german,mlp,lime,cosine,0.5626888980560938,0.9746350433988185,0.5219112793237002,0.1859297278394703,0.9999317325561077,-0.3333333191327343,0.9999999961512485,0.4189363015763422,0.6964031604432297,OK,50,10,42,5000
german,mlp,lime,sign_agreement,0.6623333333333333,0.6333333333333333,0.13924745099178565,0.5645833333333333,0.775,0.4458333333333333,0.9375,0.6254145833333333,0.70166875,OK,50,10,42,5000
german,mlp,shap,spearman,0.5011292407108239,0.4991653204092622,0.09731848232184329,0.4422617124394183,0.5466208939149165,0.2296445880452342,0.71223478729133,0.47473496230479256,0.527119351103931,OK,50,10,42,5000
german,mlp,shap,topk_jaccard,0.4119365079365079,0.3859126984126984,0.1342196016074746,0.31011904761904757,0.4970238095238094,0.2011904761904762,0.8666666666666666,0.37551587301587297,0.44973134920634916,OK,50,10,42,5000
german,mlp,shap,cosine,0.6081522542754091,0.5965306967070554,0.15275493515550168,0.5343879317599594,0.7119390626352504,0.18202799852824753,0.9141561291355865,0.5641184211405696,0.6491211737323352,OK,50,10,42,5000
german,mlp,shap,sign_agreement,0.8052916666666667,0.8041666666666666,0.029330836560793987,0.7875,0.8218749999999999,0.7395833333333333,0.8666666666666666,0.7971666666666667,0.8135427083333334,OK,50,10,42,5000
german,random_forest,lime,spearman,0.7146343899261832,0.8381241858445506,0.282205771071881,0.6096477420755536,0.9154716673903605,0.00820668693009119,0.9807533651758575,0.6355298957881025,0.7872584455058618,OK,50,10,42,5000
german,random_forest,lime,topk_jaccard,0.7967380952380952,0.8,0.15877502382626657,0.6785714285714286,1.0,0.4583333333333333,1.0,0.7527601190476191,0.8406904761904761,OK,50,10,42,5000
german,random_forest,lime,cosine,0.723691570716648,0.9998827676143982,0.42287089867017974,0.28848036255726106,0.9999961158233623,-0.19990495418774681,0.9999999781122206,0.6071642876437114,0.8351809444382248,OK,50,10,42,5000
german,random_forest,lime,sign_agreement,0.7940833333333334,0.8395833333333333,0.14406505699252165,0.703125,0.915625,0.4833333333333333,0.9916666666666666,0.7535,0.831,OK,50,10,42,5000
german,random_forest,shap,spearman,0.9538746132551702,0.9587037941703306,0.019566154997759936,0.9364571459588559,0.9694050914617598,0.9105248873690496,0.9850512945774306,0.9484113336590131,0.9592898333604734,OK,50,10,42,5000
german,random_forest,shap,topk_jaccard,0.8530476190476189,0.8666666666666666,0.11664637573691577,0.7666666666666666,1.0,0.5476190476190476,1.0,0.8216190476190475,0.88505,OK,50,10,42,5000
german,random_forest,shap,cosine,0.9934144096543861,0.9943246563288425,0.0031477012441161497,0.9913134126789072,0.9959023126291598,0.9850325588821924,0.9973835239048083,0.9925322331366432,0.9942638812620028,OK,50,10,42,5000
german,random_forest,shap,sign_agreement,0.917,0.91875,0.02874254315206072,0.8958333333333334,0.9364583333333334,0.85,0.9833333333333334,0.9090833333333335,0.9250833333333333,OK,50,10,42,5000
german,xgboost,lime,spearman,0.8371452453321754,0.9258087277464178,0.22879811256849078,0.8830085757707338,0.9615175857577073,-0.04019756838905775,0.9786148501953973,0.7700559379070779,0.894175179114199,OK,50,10,42,5000
german,xgboost,lime,topk_jaccard,0.8542619047619047,0.8666666666666666,0.13483597474394476,0.7749999999999999,1.0,0.44642857142857134,1.0,0.8168565476190475,0.8915005952380952,OK,50,10,42,5000
german,xgboost,lime,cosine,0.7992829476372602,0.9999299895632624,0.39923939066566594,0.9421694276764138,0.9999952043429591,-0.3333226890659151,0.9999999930297736,0.6838535858005536,0.903728736492183,OK,50,10,42,5000
german,xgboost,lime,sign_agreement,0.8724166666666667,0.9291666666666666,0.12019061415168296,0.859375,0.95,0.4791666666666667,0.9791666666666666,0.8364999999999999,0.9031666666666667,OK,50,10,42,5000
german,xgboost,shap,spearman,0.9403327891405854,0.9443141967002989,0.02294291572320185,0.9270761122034281,0.957980300291693,0.8850410264699213,0.9794852868470135,0.9339620892694004,0.9463243442518484,OK,50,10,42,5000
german,xgboost,shap,topk_jaccard,0.8032857142857143,0.8,0.13933866826238936,0.6964285714285714,0.8666666666666666,0.488095238095238,1.0,0.7645226190476189,0.8404761904761904,OK,50,10,42,5000
german,xgboost,shap,cosine,0.9846088356227053,0.9862545717584292,0.007621031147376201,0.9819889718054662,0.9901475627581576,0.9608453170286471,0.993907076691898,0.982453520005214,0.9865997978065979,OK,50,10,42,5000
german,xgboost,shap,sign_agreement,0.9149166666666666,0.9125,0.024398808797732294,0.8968750000000001,0.9291666666666666,0.8583333333333334,0.9625,0.9079166666666667,0.9215833333333332,OK,50,10,42,5000
gmsc,lightgbm,lime,spearman,0.6107636363636363,0.636969696969697,0.20646366633475333,0.4927272727272726,0.7454545454545454,0.035151515151515156,0.9709090909090909,0.5530630303030303,0.6650030303030301,OK,50,10,42,5000
gmsc,lightgbm,lime,topk_jaccard,0.8326666666666667,0.8,0.09967790229361297,0.7666666666666666,0.8666666666666666,0.6761904761904762,1.0,0.8056190476190476,0.8600023809523809,OK,50,10,42,5000
gmsc,lightgbm,lime,cosine,0.6030099645502568,0.7929774172121891,0.43398326338360466,0.1968096785198793,0.9946296581703893,-0.20661041844816075,0.9999924535220235,0.4791734248720008,0.718038567469474,OK,50,10,42,5000
gmsc,lightgbm,lime,sign_agreement,0.8423999999999999,0.8400000000000001,0.05694824001509025,0.8,0.8800000000000001,0.76,0.96,0.8264,0.8584,OK,50,10,42,5000
gmsc,lightgbm,shap,spearman,0.9818666666666668,0.9878787878787879,0.01856929522858254,0.9809090909090907,0.9927272727272726,0.9224242424242423,1.0,0.9764357575757574,0.9866666666666665,OK,50,10,42,5000
gmsc,lightgbm,shap,topk_jaccard,0.9,0.8666666666666666,0.09618576131773408,0.8,1.0,0.7333333333333333,1.0,0.8733333333333333,0.9259999999999999,OK,50,10,42,5000
gmsc,lightgbm,shap,cosine,0.9965484984924662,0.9976012134233161,0.0032542129873274787,0.9949253145217904,0.998873105112799,0.9842231533836314,0.9997716948716082,0.9956123815436888,0.9973975642522039,OK,50,10,42,5000
gmsc,lightgbm,shap,sign_agreement,0.9668000000000001,0.96,0.03672512346987481,0.9400000000000001,1.0,0.8400000000000001,1.0,0.9564,0.9764,OK,50,10,42,5000
gmsc,mlp,lime,spearman,0.5222545454545454,0.5824242424242424,0.18908520201336326,0.3784848484848484,0.6309090909090909,0.1733333333333333,0.8642424242424243,0.4698127272727272,0.5743284848484848,OK,50,10,42,5000
gmsc,mlp,lime,topk_jaccard,0.8138095238095238,0.7833333333333333,0.10674962933618735,0.7428571428571428,0.8666666666666666,0.6523809523809524,1.0,0.7855214285714285,0.8434309523809523,OK,50,10,42,5000
gmsc,mlp,lime,cosine,0.4875967600730469,0.6825960391606165,0.49171937281508177,0.03222720329487394,0.9874049575887766,-0.20962408885569714,0.9999502984959617,0.35149625033694687,0.6174473403363014,OK,50,10,42,5000
gmsc,mlp,lime,sign_agreement,0.7868000000000002,0.8,0.057514505712445645,0.76,0.8200000000000001,0.6399999999999999,0.9200000000000002,0.7707999999999999,0.8024,OK,50,10,42,5000
gmsc,mlp,shap,spearman,0.906159291689755,0.9175324029436317,0.062338037104456616,0.8833333333333333,0.9442424242424241,0.6675596164744846,0.9854545454545454,0.8880406418090767,0.9226602850863221,OK,50,10,42,5000
gmsc,mlp,shap,topk_jaccard,0.7982857142857144,0.8,0.11856953565917168,0.7333333333333333,0.8666666666666666,0.5333333333333332,1.0,0.76495,0.8316190476190477,OK,50,10,42,5000
gmsc,mlp,shap,cosine,0.96096733605274,0.9654378197077522,0.021334951052430332,0.9460122793428865,0.9771053240679481,0.9085045401255322,0.9973302341241682,0.9552227149635613,0.966552450428282,OK,50,10,42,5000
gmsc,mlp,shap,sign_agreement,0.8755999999999999,0.8700000000000001,0.06379687152460166,0.8400000000000001,0.9199999999999999,0.7,1.0,0.8578,0.8928,OK,50,10,42,5000
gmsc,random_forest,lime,spearman,0.6378909090909091,0.6399999999999999,0.18310897161380954,0.5281818181818181,0.7639393939393939,0.2460606060606061,0.9587878787878786,0.5881884848484848,0.6865993939393937,OK,50,10,42,5000
gmsc,random_forest,lime,topk_jaccard,0.842095238095238,0.8,0.10546789240952545,0.7666666666666666,0.8666666666666666,0.6714285714285714,1.0,0.8133285714285713,0.8706690476190477,OK,50,10,42,5000
gmsc,random_forest,lime,cosine,0.43778622320532873,0.322135270170981,0.40336129712229896,0.11401635981430096,0.8614898281244916,-0.16512873773564277,0.9999932510508109,0.3285489823919215,0.5475465556625616,OK,50,10,42,5000
gmsc,random_forest,lime,sign_agreement,0.8504,0.86,0.06989671680707302,0.8,0.895,0.7,1.0,0.8308,0.8692,OK,50,10,42,5000
gmsc,random_forest,shap,spearman,0.9929454545454545,0.9951515151515151,0.008175984543913214,0.9927272727272726,1.0,0.9696969696969697,1.0,0.9905690909090907,0.9950545454545454,OK,50,10,42,5000
gmsc,random_forest,shap,topk_jaccard,0.9753333333333333,1.0,0.06346388263487329,1.0,1.0,0.7666666666666666,1.0,0.9566666666666666,0.9913333333333333,OK,50,10,42,5000
gmsc,random_forest,shap,cosine,0.9992595580644992,0.9994741811011761,0.0009426012728426401,0.9991831595989393,0.9996256790988942,0.9931364732110388,0.9998349616889858,0.9989641081340271,0.9994488083280127,OK,50,10,42,5000
gmsc,random_forest,shap,sign_agreement,0.9795999999999999,1.0,0.032947701291716286,0.96,1.0,0.86,1.0,0.97,0.9884000000000001,OK,50,10,42,5000
gmsc,xgboost,lime,spearman,0.7035636363636364,0.7418181818181817,0.1945462305665787,0.5736363636363635,0.87,0.27393939393939387,0.9696969696969695,0.6486509090909091,0.7551042424242422,OK,50,10,42,5000
gmsc,xgboost,lime,topk_jaccard,0.824,0.8,0.10549246112826463,0.7488095238095237,0.8666666666666666,0.6285714285714286,1.0,0.7959023809523809,0.8535238095238094,OK,50,10,42,5000
gmsc,xgboost,lime,cosine,0.7393638631070742,0.9294184198030246,0.3302924611917824,0.4579141110791989,0.9936872234612852,0.04052398383343562,0.9999933776281228,0.6462298962480065,0.8264155044814364,OK,50,10,42,5000
gmsc,xgboost,lime,sign_agreement,0.8616000000000001,0.8700000000000001,0.07008333232222733,0.82,0.9149999999999999,0.7,1.0,0.8424,0.8808,OK,50,10,42,5000
gmsc,xgboost,shap,spearman,0.9776242424242423,0.9824242424242424,0.01998662996444142,0.9715151515151516,0.9903030303030302,0.9224242424242423,1.0,0.9715151515151516,0.9829339393939394,OK,50,10,42,5000
gmsc,xgboost,shap,topk_jaccard,0.9077142857142857,1.0,0.10757719973798423,0.8166666666666667,1.0,0.619047619047619,1.0,0.878,0.9363809523809523,OK,50,10,42,5000
gmsc,xgboost,shap,cosine,0.9956805748389981,0.9972374515983342,0.00518814675781724,0.995216279006023,0.9982482385557896,0.969047805693093,0.9993463799343525,0.9941054993378501,0.996882793589827,OK,50,10,42,5000
gmsc,xgboost,shap,sign_agreement,0.9604,0.96,0.03800966579539407,0.9400000000000001,1.0,0.86,1.0,0.9496000000000001,0.9704,OK,50,10,42,5000
taiwan,lightgbm,lime,spearman,0.7042430830039524,0.7497529644268774,0.16802125984220329,0.6399703557312253,0.8020998023715415,0.10385375494071145,0.9445652173913043,0.6576687747035572,0.7466067193675888,OK,50,10,42,5000
taiwan,lightgbm,lime,topk_jaccard,0.6726904761904762,0.6523809523809524,0.098997242856566,0.5976190476190475,0.7428571428571428,0.4821428571428571,0.8666666666666666,0.6456886904761904,0.6993571428571427,OK,50,10,42,5000
taiwan,lightgbm,lime,cosine,0.8515723311122118,0.9113446058818931,0.1897795321763954,0.814003076064675,0.9805968853922742,0.17916106025790596,0.9994363043462755,0.7927920009619798,0.9007317611730916,OK,47,10,42,5000
taiwan,lightgbm,lime,sign_agreement,0.8189565217391304,0.8260869565217391,0.09374874714644515,0.7673913043478261,0.8869565217391304,0.5217391304347826,0.9826086956521738,0.7921739130434783,0.8438260869565216,OK,50,10,42,5000
taiwan,lightgbm,shap,spearman,0.9502865612648221,0.9602766798418972,0.03041269820616621,0.9328804347826087,0.973641304347826,0.8776679841897235,0.9870553359683795,0.9414997529644268,0.9585005434782607,OK,50,10,42,5000
taiwan,lightgbm,shap,topk_jaccard,0.8279285714285715,0.8,0.12604168437909702,0.7666666666666666,0.8666666666666666,0.4583333333333333,1.0,0.7931898809523807,0.8614285714285714,OK,50,10,42,5000
taiwan,lightgbm,shap,cosine,0.9840931172586375,0.9882736810825059,0.013358266435717468,0.9787219764501058,0.9932772790590076,0.9344608233726029,0.9994163567067158,0.9803150440538616,0.9875067747226164,OK,50,10,42,5000
taiwan,lightgbm,shap,sign_agreement,0.9337391304347825,0.9304347826086957,0.03730391554364692,0.9130434782608695,0.9565217391304348,0.808695652173913,1.0,0.9227826086956523,0.9436521739130436,OK,50,10,42,5000
taiwan,mlp,lime,spearman,0.5468774703557312,0.6192687747035573,0.23439342535565705,0.4219861660079052,0.6964426877470357,-0.0044466403162055305,0.9137351778656126,0.4830574110671937,0.610421195652174,OK,50,10,42,5000
taiwan,mlp,lime,topk_jaccard,0.5920238095238095,0.5714285714285714,0.09727095788330528,0.5357142857142857,0.6464285714285715,0.40476190476190477,1.0,0.5662136904761905,0.6201214285714285,OK,50,10,42,5000
taiwan,mlp,lime,cosine,0.6922300456366064,0.7958703138733606,0.31965233248769037,0.4915543258597008,0.9551440965447773,-0.20119836615649947,0.9985689595704151,0.5970430626243036,0.7811420945262308,OK,47,10,42,5000
taiwan,mlp,lime,sign_agreement,0.7671304347826087,0.7869565217391304,0.113802516195432,0.6956521739130435,0.8500000000000001,0.5217391304347826,0.9652173913043478,0.7354782608695654,0.7980869565217391,OK,50,10,42,5000
taiwan,mlp,shap,spearman,0.6191590361445783,0.6268072289156628,0.09193726843337142,0.556987951807229,0.6893674698795181,0.356144578313253,0.7568674698795183,0.5934260240963857,0.6431277710843375,OK,50,10,42,5000
taiwan,mlp,shap,topk_jaccard,0.4963571428571429,0.475,0.12292677552356288,0.4360119047619047,0.5678571428571428,0.2579365079365079,0.7666666666666666,0.4631664682539682,0.5304309523809524,OK,50,10,42,5000
taiwan,mlp,shap,cosine,0.824728315188817,0.8759313990555613,0.1631574402224449,0.7745172544520481,0.9262055583418511,0.1602870977057271,0.9980089395805789,0.7773183181960593,0.8661101307694006,OK,50,10,42,5000
taiwan,mlp,shap,sign_agreement,0.705391304347826,0.7086956521739131,0.06929606315967878,0.6684782608695652,0.7423913043478261,0.5347826086956522,0.8347826086956521,0.6861739130434783,0.7241739130434781,OK,50,10,42,5000
taiwan,random_forest,lime,spearman,0.7128537549407116,0.7626482213438736,0.2224035725419409,0.619244071146245,0.8628952569169962,-0.158201581027668,0.9764822134387352,0.6487285079051384,0.770385918972332,OK,50,10,42,5000
taiwan,random_forest,lime,topk_jaccard,0.6290396825396825,0.6119047619047618,0.12658474229022199,0.5476190476190476,0.725,0.363095238095238,0.8666666666666666,0.593625,0.6645253968253966,OK,50,10,42,5000
taiwan,random_forest,lime,cosine,0.9035363484733683,0.9439409086691883,0.1383211690634331,0.89888879470577,0.9862882044308601,0.3321363482830125,0.9992972589536597,0.8615385668796627,0.9390691559683312,OK,47,10,42,5000
taiwan,random_forest,lime,sign_agreement,0.8483478260869565,0.8739130434782609,0.1135020390050338,0.8173913043478261,0.9130434782608695,0.43478260869565216,0.9826086956521738,0.8142608695652175,0.8772173913043477,OK,50,10,42,5000
taiwan,random_forest,shap,spearman,0.9747173913043476,0.9814723320158103,0.019972670216326868,0.9710968379446641,0.984856719367589,0.8852766798418973,0.9957509881422926,0.9688140316205534,0.9797649209486166,OK,50,10,42,5000
taiwan,random_forest,shap,topk_jaccard,0.872095238095238,0.8666666666666666,0.12541387819572736,0.7749999999999999,1.0,0.6047619047619047,1.0,0.836,0.9063809523809523,OK,50,10,42,5000
taiwan,random_forest,shap,cosine,0.9958533754829141,0.9966658939760162,0.002255887746623347,0.9943097658062244,0.9975382938104136,0.9895919187049522,0.999723143125793,0.9952265044676094,0.9964411019081705,OK,50,10,42,5000
taiwan,random_forest,shap,sign_agreement,0.9504347826086957,0.9521739130434783,0.04652169766726458,0.9304347826086957,0.9956521739130435,0.8347826086956521,1.0,0.9370434782608696,0.9626086956521739,OK,50,10,42,5000
taiwan,xgboost,lime,spearman,0.6651106719367589,0.7296442687747036,0.24633056440872855,0.6123764822134388,0.8232460474308301,-0.1713438735177866,0.9698616600790514,0.5956467885375494,0.7283045454545455,OK,50,10,42,5000
taiwan,xgboost,lime,topk_jaccard,0.6292619047619047,0.5999999999999999,0.11675218747266364,0.5571428571428572,0.6928571428571428,0.34523809523809523,1.0,0.5984988095238094,0.6625482142857143,OK,50,10,42,5000
taiwan,xgboost,lime,cosine,0.8487883416013254,0.9556207873694108,0.2689471835305734,0.8820622870818643,0.9880641367887726,-0.18005442211284683,0.9993399914664389,0.7636070981420113,0.91750165866582,OK,47,10,42,5000
taiwan,xgboost,lime,sign_agreement,0.8064347826086957,0.8173913043478261,0.12434540612310063,0.7673913043478261,0.8826086956521739,0.4434782608695652,0.9826086956521738,0.771304347826087,0.8391304347826086,OK,50,10,42,5000
taiwan,xgboost,shap,spearman,0.921501976284585,0.9386857707509881,0.04929998468538876,0.9067687747035573,0.9528162055335968,0.7260869565217392,0.9895256916996047,0.9069911561264823,0.9340693181818183,OK,50,10,42,5000
taiwan,xgboost,shap,topk_jaccard,0.7402142857142858,0.7333333333333333,0.1618555007806465,0.6249999999999999,0.8666666666666666,0.41666666666666663,1.0,0.6947142857142857,0.7850482142857141,OK,50,10,42,5000
taiwan,xgboost,shap,cosine,0.9769625459740093,0.978091495936838,0.01518930889824846,0.9715576219403255,0.9858698606562734,0.9059588262913552,0.998061513114654,0.9725063482563449,0.9808651573308238,OK,50,10,42,5000
taiwan,xgboost,shap,sign_agreement,0.9123478260869566,0.9217391304347826,0.05030181658571434,0.8869565217391304,0.9478260869565218,0.782608695652174,1.0,0.8984347826086956,0.9255652173913045,OK,50,10,42,5000
