instance_index,actual_default,dataset,model,explainer,duration,credit_amount,installment_rate,residence_since,age,existing_credits,num_dependents,checking_status_A12,checking_status_A13,checking_status_A14,credit_history_A31,credit_history_A32,credit_history_A33,credit_history_A34,purpose_A41,purpose_A410,purpose_A42,purpose_A43,purpose_A44,purpose_A45,purpose_A46,purpose_A48,purpose_A49,savings_status_A62,savings_status_A63,savings_status_A64,savings_status_A65,employment_A72,employment_A73,employment_A74,employment_A75,personal_status_A92,personal_status_A93,personal_status_A94,other_parties_A102,other_parties_A103,property_magnitude_A122,property_magnitude_A123,property_magnitude_A124,other_payment_plans_A142,other_payment_plans_A143,housing_A152,housing_A153,job_A172,job_A173,job_A174,own_telephone_A192,foreign_worker_A202
6,0,german,xgboost,lime,0.12098156,0.04035015,0.040030476,0.016905729,-0.0019340004,0.008594028,-0.00033081791,-0.012008617,0.0037875122,-0.050146703,0.015965313,-0.003245404,0.00015987795,-0.033680134,0.005775849,-0.0053825295,-0.0013463638,-0.013298612,0.0015280381,-0.0043978337,0.006403126,-0.012066144,0.0062151547,0.0044971462,0.008059832,-0.0051142396,-0.015662482,-0.008184707,-0.0059563974,-0.008081496,0.0022249077,-0.009504992,-0.011305647,0.0023129783,0.0022418308,0.0018945114,-0.004738183,-0.012895026,-0.00016363704,-0.0033808458,-0.032635387,-0.026144903,0.006499093,-0.002531063,-0.001369622,-0.00026927996,-0.015550515,-0.0064788554
8,0,german,xgboost,lime,0.13339972,0.042235237,0.035881396,0.020549927,0.0019173115,0.010508393,-0.0020604108,-0.0127067845,0.0027600294,-0.037500467,0.00052366516,-3.6592068e-05,-0.0056475597,-0.033007354,0.0061199344,0.00070826215,0.0010590192,-0.0037140858,-0.0057712737,0.0059280954,0.0066429693,-0.0019172314,-0.008409847,0.00630172,-0.007278545,-0.0072434675,-0.0065817977,-0.002087593,0.00050695636,-0.003145634,0.0002868862,-0.002794887,-0.01967358,0.002085532,-0.0090293465,-0.0034275593,-0.0076590287,0.0022831394,0.002781496,0.005258095,-0.026330056,-0.027466193,0.0068330583,-0.00087590056,0.015106813,-0.0029022002,-0.0049148966,-0.002934876
9,0,german,xgboost,lime,0.12777185,0.038584013,0.028827477,0.016650805,7.5753735e-05,0.005676694,-0.01018197,-0.011469959,0.010259951,-0.04874641,0.009579536,0.013353872,-0.0046223346,-0.032595307,-0.006758501,0.015068239,0.0018090137,-0.0018030023,0.0053721783,0.005932166,0.0029033385,0.004461829,0.005816932,0.0057364265,-0.00050755043,-0.012123125,-0.008579571,-0.004487178,-0.009677536,-0.002944716,-0.0032894646,0.0030369405,-0.016636528,0.0002745518,-0.0011693595,0.005188686,-0.0028090854,-0.007557383,0.0055263466,0.013595469,-0.027339365,-0.022181462,-0.006362166,-0.0038759457,-0.0041399505,0.0003250234,-0.002748253,-0.007850964
10,0,german,xgboost,lime,0.12487498,0.041317243,0.043576766,0.015451785,0.00484992,0.012688839,0.0073001003,0.0021532741,0.003369337,-0.059108153,0.008373525,-0.016109418,0.0027703159,-0.014747127,0.0017338513,-0.0037203343,0.0009748701,-0.01318482,0.0014653942,0.012803864,0.003019576,-0.006124115,0.016819268,0.00012722053,-0.009289459,-0.0015432293,-0.0130401645,-0.0009930473,-0.0024032602,0.0029910957,-0.025322441,0.011055244,-0.018964004,-0.0054510455,-0.0056136176,0.0071880994,-0.0018112019,-0.01679858,0.002929747,0.0033972461,-0.025867745,-0.021253604,-0.0059646703,0.0005112851,0.000757317,0.0024856657,-0.013398957,0.0070718247
12,0,german,xgboost,lime,0.13441469,0.0413315,0.030273702,0.025152206,-0.004856264,0.0047067595,-0.008339297,-0.0063757035,0.0033228723,-0.0436888,0.004076531,-0.009613278,-0.0033816567,-0.009396716,-0.004902492,0.004514865,0.011987929,-0.013331198,0.0034764332,-0.007246833,0.001987747,0.010410245,-0.00067392644,0.0011493176,-0.0033883776,-0.012079363,-0.023042873,0.010853535,-0.015423024,-0.0015724564,0.004887124,0.00010921041,-0.009829888,-0.0012000371,0.0057422677,0.0013291687,-0.00080975215,0.0058018435,0.008420396,0.005509689,-0.027067717,-0.027879696,0.0055048754,-0.0038417596,0.013113652,-0.00036586038,0.003723649,-0.00023060518
15,0,german,xgboost,lime,0.13508396,0.048983235,0.044594217,0.016415562,-0.003254527,0.00039227822,0.0024702619,-0.003982544,0.0049056513,-0.063439846,0.010695487,-0.004672034,0.013019507,-0.02767591,-0.011818226,-0.00014595111,-0.0048740483,-0.0069625285,0.002578195,0.0016159138,-0.01293534,-0.0051605813,0.00014537177,-0.0044130003,-0.005546613,0.003179503,-0.004087335,0.0037346093,-0.0022322568,-0.0062151523,-0.01896015,-0.009787483,-0.0158944,0.010807369,0.0058217063,-0.005761325,0.0060924687,-0.003312548,0.0074359067,0.0036720145,-0.02641004,-0.016423382,0.001431145,-0.00648171,0.010202098,0.00037504075,-0.0036169318,-5.904553e-05
18,0,german,xgboost,lime,0.122345835,0.052237697,0.042465456,0.01640531,-0.0011693884,0.011326047,0.006658181,-0.01421905,0.009624178,-0.04954769,0.0016155866,0.0069425157,0.004690359,-0.026757665,0.001175129,0.00076055265,0.001782295,-0.015364309,-0.0014106482,-0.018217644,0.0019774672,-0.0021659704,-0.0016256162,0.0044925264,-0.0002449492,-0.004473329,0.0031753944,0.004871551,-0.002289867,-0.0018946131,-0.006904845,0.004654988,-0.013936208,0.0033972906,-0.012888897,0.00086906436,-0.005484195,-0.013061764,0.0025773766,-0.00028299238,-0.03203163,-0.012997538,-0.0018198406,0.0143473605,-0.00946976,0.005213073,-0.0040520933,0.005185192
21,0,german,xgboost,lime,0.1274069,0.05111569,0.0399253,0.018278252,0.00425038,0.01001501,0.007020608,-0.014075822,0.0062856902,-0.053584594,0.005127318,-0.0045753345,-0.0058570546,-0.014781395,-0.0017762762,-0.007885761,-0.0054479646,-0.01746545,-0.0028972216,-0.0013937299,0.006414509,-0.0035239805,-0.0019164641,2.1266733e-05,-0.0022638,0.0017283332,-0.005564484,-0.001760726,0.0048833867,-0.0011489226,-0.009469536,-0.004014852,-0.022266757,-2.7185366e-05,0.007509189,-0.007785772,0.0025293322,-0.0067224624,0.01097978,-0.009262718,-0.03470035,-0.013362733,-0.00096128037,-0.0038617179,0.009209973,0.00052012195,0.0013381976,0.013350591
22,1,german,xgboost,lime,0.13725142,0.04957561,0.03447935,0.0022110639,0.00022908111,0.007283352,0.011085485,-0.00732966,0.009550634,-0.049370196,0.0054699844,0.00696885,0.0102835465,-0.020129418,0.014099383,-0.002060241,0.0019163673,-0.0052211415,-0.0052524647,0.004361925,-0.012851383,0.004137164,-0.012971307,0.0013401363,-0.004838907,-0.0034549816,-0.0009779624,0.008739275,-0.0027121056,-0.0020945563,0.0021664372,-0.004126081,-0.02149266,0.0057810885,-0.006143003,0.011179712,0.007942038,-0.006174314,0.012378272,-0.012643811,-0.025505869,-0.0254933,-0.005830138,-0.0015797387,0.0061599566,-0.014017055,-0.0052196546,-0.006152975
23,1,german,xgboost,lime,0.1256246,0.039319783,0.03974965,0.022251898,-0.0052022305,0.0075471583,0.0029319867,-0.00400611,-0.0064698393,-0.042913318,0.0020879928,0.0008465068,-0.0030427973,-0.016963242,-0.006892373,-0.0069133234,-0.0032262253,-0.013976336,-0.003958185,0.002289932,0.00403558,0.0029604,-0.0024869835,-0.0019728295,-0.004888778,0.0076290714,-0.006856051,0.008000618,0.012999415,-0.014243709,0.013822666,0.00015765826,-0.018046467,-0.00069296965,-0.004096163,-0.008853957,-0.001775809,-0.0039758272,0.0037755694,0.0053350725,-0.027752548,-0.023112625,0.00032567856,-0.0041217147,-0.0021961392,-0.002264053,-0.009033106,-0.0033389167
24,0,german,xgboost,lime,0.14365287,0.041374076,0.03532751,0.018163476,-0.00502846,-0.007475882,0.004037629,-0.008920851,0.006146649,-0.04105453,-0.00152483,-0.0058460142,-7.08296e-05,-0.030072618,0.00085282,0.008345245,0.010228833,-0.004242494,0.0008698275,-0.004267451,0.0021787921,-0.00913962,0.0017213947,-0.0002861467,0.007919095,-0.005318524,-0.009309534,0.007171429,-0.016292054,-0.0016491855,0.0044019115,-0.0035914734,-0.01390059,-0.0050725276,-0.0003958805,-0.01111459,-0.0021144236,-0.009415682,-0.0011875365,0.0035017466,-0.021262517,-0.019320637,0.005115985,-0.01467392,-0.0073297797,0.0021721672,-0.015335924,0.0021585869
27,0,german,xgboost,lime,0.13562833,0.047949128,0.037942503,0.01437208,-0.008081395,0.010038425,-0.011864589,-0.0043598353,-0.005314982,-0.045658432,-0.004811441,-0.0033213035,0.0028989024,-0.005895315,-0.010594219,0.006130462,0.009090596,-0.00097338506,-0.002967059,0.0017621486,0.006171446,-0.0066596204,0.00054207316,-0.0004491772,-0.01054993,0.001895198,-0.007880212,0.0046196706,-0.0018254728,-0.011154497,0.0043457737,0.0023477478,-0.01384541,0.0033535722,0.0023428372,-0.0021525007,0.0049782074,-0.011216453,0.01421045,-0.00437271,-0.01679215,-0.011789038,0.009185587,-0.0013956566,-0.00012590367,-0.0027075787,-0.003925595,-0.005567359
29,0,german,xgboost,lime,0.13137965,0.051149737,0.045914058,0.011625585,0.0034417587,0.0063333367,-0.007216044,-0.00585923,-0.0084673865,-0.050414912,-0.0034211366,-0.0020083808,-0.0036680687,-0.021935096,-0.005529033,-0.0016553104,0.0064722174,-0.004819187,0.00038637666,0.0068767294,-0.0017288257,0.0034053859,-0.0058236686,-0.0007760819,-0.0005399708,-0.0023852566,-0.014112123,-0.009278281,-0.020362426,-0.008424621,-0.010924958,-0.005265973,-0.01314664,0.013014279,0.004305078,-0.012832907,0.0076355664,-0.0039994465,0.009619845,0.0001758264,-0.030528855,-0.019617293,0.0059812665,0.005083781,0.002418341,-0.012858159,-0.015297662,0.0012346228
32,0,german,xgboost,lime,0.13823447,0.049132545,0.033570927,0.023370134,0.0007430179,-0.0048013157,0.0057535707,-0.013034036,-0.00018940541,-0.06494992,-0.0071218535,-0.0058320398,0.00039854023,-0.020673908,-0.0010553877,-0.013053582,-0.011209197,-0.012690123,0.0027963317,-0.0031486242,-0.0025231226,-0.0031913249,0.011415386,-0.008077339,0.0048734155,0.0012316765,-0.0025135805,0.0048750998,-0.0145365875,-0.013028257,-0.005816104,0.0054835854,-0.012444221,-0.006830968,0.007514154,0.0006914612,-0.002428016,-0.0052123624,0.0008173058,-0.016980156,-0.03134114,-0.021346578,-0.00047941116,-0.007942516,-0.0023496028,-0.006670601,-0.0043311706,-0.0011686833
38,0,german,xgboost,lime,0.12431549,0.042810954,0.031356514,0.009449053,-0.003927149,0.012243729,-0.004832708,-0.007202813,0.010278615,-0.05141584,-0.002678526,0.0010334022,-0.011243952,-0.018565113,0.0062358817,0.0038333798,-0.004595259,-0.016839122,-0.008692776,0.005248344,0.012628291,0.007357451,0.011245863,-0.0027200484,-0.0022048755,0.0025320286,-0.0023842074,0.010641446,-0.009965283,-0.005714488,-0.0042243213,0.0015161686,-0.019412756,-0.0022593825,-0.0008834786,-0.0025373092,0.0075951046,0.004960207,0.002918747,0.005509165,-0.026698569,-0.007928094,-0.005807129,-0.0042042797,-3.605658e-05,-0.0008040087,0.0029809156,-0.0010986716
40,1,german,xgboost,lime,0.12412347,0.04791324,0.039441578,0.014900577,0.009580542,0.004077742,-0.00039430673,-0.0065760887,0.0029894733,-0.046970446,0.00073858467,-0.003795547,0.005077607,-0.0104087675,0.0018951443,0.0055893995,0.011456551,-0.01783636,-0.0035937843,-0.0029372014,-0.0036573785,-0.0041332725,0.008781151,0.0075216624,0.0030043575,-0.0066741635,-0.001630559,-0.0067381873,-0.015760474,0.00057092455,0.006082649,0.0031125124,-0.015744219,-0.0036964687,-0.0001179168,0.00054377405,-0.00024227217,0.0052988147,-0.0003055188,-0.0016504782,-0.03150195,-0.02242327,0.00016423584,0.005606963,-0.010791219,-0.0069760946,-0.004864668,0.00038290682
45,0,german,xgboost,lime,0.12653339,0.051422644,0.03568801,0.007125768,-0.0126976995,-0.0006464623,-0.0070895767,0.001252669,0.007604839,-0.05527702,0.003980236,-0.0008132814,-0.0023251853,-0.03142267,0.0029082343,0.008582812,-0.0059355153,-0.012572269,-0.001930448,0.0017881563,-0.012415695,0.006820148,-0.0028379103,-0.0011722302,-0.0027789983,0.0066598533,-0.006719546,0.010719017,-0.0006161712,-0.013083931,-0.00027726026,-0.006616236,-0.011995712,-0.007587252,0.00986634,-0.0018278906,-0.012191628,0.009105181,0.002565682,0.0005249772,-0.03429282,-0.02788943,0.0034330382,-0.0014860497,-0.007471064,-0.011962214,0.00057785714,0.0051955893
47,1,german,xgboost,lime,0.13308688,0.0425144,0.046853263,0.013977229,0.0111685805,0.010376267,-0.0014879903,0.0050860257,0.0033800334,-0.037297256,0.0012138505,-0.0040236986,-0.0029187934,-0.026064688,0.0026889734,-0.0037209273,0.0029208297,-0.014423279,0.006756541,0.005968051,0.0023944413,0.005817699,-0.0006410026,-0.0033344019,-0.0013537051,-0.009007963,-0.00667496,-0.0016823024,-0.0034839886,-0.005699585,0.00014542558,-0.011129814,-0.016266264,-0.007961261,-0.000577604,0.0019499749,0.0019449899,-0.0013831942,-0.0045452765,-0.0036155784,-0.029726973,-0.019964436,0.003662916,0.00957875,0.0022841007,0.0053033894,-0.0034398392,0.0019612024
51,0,german,xgboost,lime,0.12910213,0.052029148,0.04802541,0.01588681,0.006779405,0.009173204,0.0104187615,-0.0019288756,-0.0074739237,-0.0565373,0.0076378444,0.0007366793,0.001517181,-0.015597062,0.0034769184,-0.00058372586,-0.00217955,-0.022708494,0.005025939,0.003689015,-0.015584745,-0.0044335886,-0.00480442,-0.0070005436,0.0046184533,0.009214985,-0.0016033375,0.0023711382,-0.011823646,-0.008563043,-0.0064978288,-0.0052786297,-0.00023973177,-0.00090367795,-0.0018937364,-0.01192514,-0.0037726914,-0.011442766,-0.0036753106,0.010958498,-0.039279092,-0.023074869,-0.009691085,-0.0029324826,-0.005661688,0.005177889,-0.0022233278,0.00093276356
54,1,german,xgboost,lime,0.121379524,0.0456846,0.04125234,0.019429084,0.008052371,0.0038476747,0.008055486,-0.0038346755,0.003726288,-0.051002804,0.005811248,-0.014737879,-0.011258201,-0.009425745,-0.007360764,-0.009851693,0.0016171065,-0.009124183,-0.003828145,-0.0040467656,-0.010713964,-0.01284579,0.0105193425,0.0026965775,-0.001682559,-0.0064882175,-0.012670249,-0.0031290983,-0.00472412,0.001231715,-0.0075049433,0.0023598908,-0.005999933,0.0021913876,-0.0046816166,-0.0040008943,0.0034549562,-0.008363635,0.0017525953,0.004834046,-0.027923184,-0.022051943,-0.0068688993,-0.0034863548,-0.00073839445,0.010517704,-0.0031586813,-0.0012643891
55,1,german,xgboost,lime,0.12438282,0.043375757,0.041199606,0.0110665765,-0.0025457381,0.00067455525,-0.0018971423,-0.0018260113,0.008535397,-0.046018217,0.005021225,-0.0049463343,-0.0019222075,-0.017162196,-0.022221358,-0.011204336,-0.00833193,-0.00076051627,0.010357293,-0.003012666,0.009310806,0.006248353,0.004515971,0.0054924856,0.0016405735,0.00670528,-0.011411986,-0.009505903,0.0067779035,0.0069565554,-0.0045251246,0.010387469,-0.012813596,0.0024405788,0.00083623914,1.294508e-05,-0.006338596,0.006787841,-0.0016088046,-0.00071427453,-0.03150645,-0.018037764,-0.005671177,-0.008747461,-0.010564333,-0.0019490517,-0.011572364,0.0039879302
56,0,german,xgboost,lime,0.12180617,0.04743752,0.023268748,0.01413233,-0.016242797,0.008489662,-0.0023488775,-0.00226499,-0.00079513446,-0.051078185,0.010616852,-0.017868131,-0.0067175324,-0.011139099,0.0034676858,0.0036808753,-0.0047250483,-0.00942192,0.0062339506,7.228124e-05,0.0009978795,-0.027964367,-0.0016825508,-0.008674591,-0.007004327,-0.0047026444,-0.011256375,0.00088939146,0.0011427762,-0.010486001,0.003411723,0.00350844,-0.008713947,-0.015620088,0.0046307626,-0.000417651,-0.008384602,0.00325884,-0.0012260056,-0.0015023577,-0.02044174,-0.019608678,-0.006261819,0.0019101694,0.0008361321,-0.0020677315,-0.017490393,-0.0083622215
57,0,german,xgboost,lime,0.13114364,0.03907897,0.033442132,0.014068799,0.0032493132,0.0063126837,-0.008162463,-0.009739817,-0.006980204,-0.04180207,0.017827388,-0.007736415,0.006306833,-0.028477214,-0.0033073477,-0.0029799645,0.0019545057,-0.0024004374,-0.007481998,0.0010291168,0.0012980925,-0.006649392,0.011715592,0.005579134,0.0056014657,-0.01038054,-0.020192256,-0.0042823125,0.0015524187,-0.01838596,-0.004259502,-0.011476527,-0.0047431844,-0.00593255,0.0064393044,-0.022805404,-0.0106196925,-0.0048744427,0.00059051474,0.002709656,-0.027475834,-0.009255745,0.0070343036,-0.008588702,-0.008556731,0.0056997244,-0.016065992,0.0012461523
58,1,german,xgboost,lime,0.12708281,0.047242768,0.042313393,0.012744184,-0.008146347,0.017946463,-0.0033036994,-0.008056972,0.007747536,-0.050938122,-0.0059304903,-0.00036998873,-0.0037445026,-0.032795615,-0.0011623789,0.00038787682,-0.0059125945,-0.016580613,0.0014707288,-0.0050264704,0.001205122,-0.00983358,0.0056105703,-0.008021051,0.0101562925,0.00038349937,-0.016470306,-0.0051595215,-0.004278674,-0.0037831175,0.0026123556,0.014089752,-0.016997552,-0.012191333,0.0071448595,-0.008653161,-0.009843902,-0.005168207,0.003804804,-0.007157494,-0.023229733,-0.0125815235,-0.0015256834,-0.009848876,0.009546093,0.0043612695,0.0008172999,-0.004111448
59,1,german,xgboost,lime,0.116298586,0.03354325,0.044410124,0.0159475,0.010856121,0.011977847,-0.0037971158,-0.0066432767,-0.0013770501,-0.043667134,0.0064371577,-0.00020675396,0.0033638948,-0.020417359,0.0022658333,0.00044621987,-0.001377788,-0.007832534,-0.0010236283,0.0040600905,0.00066657306,0.0039853975,-0.004117393,-0.0032825244,0.010782908,0.008962614,-0.009422042,0.0063228616,0.0034589162,-0.010292208,0.0117250085,0.0075046886,-0.011584396,-0.0041204826,0.0037467126,0.0063305665,0.0009554941,-0.0024874099,0.0059652864,-0.0062183887,-0.037838764,-0.017616779,-0.011056643,-0.00563203,0.00663776,0.009363217,0.0006179276,0.0042575398
60,1,german,xgboost,lime,0.15029962,0.05371317,0.03899456,0.019426757,-0.004782203,-0.008272102,-0.0011456163,0.00037634608,-0.0022378913,-0.044427883,0.020161783,-0.005734824,0.008349885,-0.029295072,-0.010457332,0.006696134,-0.009680221,-0.0075740707,0.0023754027,0.0005097663,0.0005199357,0.00875785,-0.0030147505,0.0011238283,-0.0003534206,-0.0038978495,-0.004820656,0.0038329265,-0.01357946,-0.00073141354,0.003625954,0.0008447499,-0.015958367,0.0024431155,0.00054065895,-0.00881271,-0.0077917324,-0.0053458964,-0.005049444,0.0025240816,-0.0358655,-0.02324187,0.0011725608,-0.0028754345,0.0016280013,0.009314282,-0.0017492722,0.0013109351
62,0,german,xgboost,lime,0.14386491,0.03739661,0.0418337,0.015769448,0.007387374,0.011642564,0.009385524,0.000814612,0.007607416,-0.038572636,0.004234819,-0.0014981765,0.0032074968,-0.033967406,-0.008073959,-0.0028086093,-0.0006064868,-0.005720226,-0.0062689804,-0.0046416,0.0038994194,-0.008318267,4.6063928e-05,-0.002038068,0.012720541,0.0023232994,-0.0138102835,0.001577855,0.0065981676,-0.0047376514,0.013259216,0.0027594434,-0.012563355,-0.017883915,-0.0033263043,0.0008168894,0.0016904719,-0.0051463717,-0.0028957522,0.0027384749,-0.03269393,-0.019787872,-0.0031766177,-0.00022728878,-0.004203712,-0.004986805,-0.0031768533,-0.0016907345
65,0,german,xgboost,lime,0.13813773,0.04733464,0.038516495,0.0300317,0.009391685,0.0049810503,0.004120335,0.00051184534,0.007499171,-0.05225556,-0.0027764118,-0.0039110333,-0.0017215795,-0.002819526,-0.00480114,0.0053011337,-0.001966272,-0.016834838,-0.0003253026,-0.0119126495,0.00306696,0.004257403,0.0038526785,0.00037698488,-0.0071319854,-0.0038047368,-0.0044990494,0.003740121,0.0022589907,0.003784777,-0.007016038,-0.0016342045,-0.028430237,0.0012249497,0.0057755727,0.00085282105,0.0015232521,0.005936111,0.004269699,0.0037124215,-0.019322092,-0.019678753,-0.004696769,-0.0011855472,0.0040561324,-0.008569098,-0.009783692,0.006594356
67,0,german,xgboost,lime,0.12954956,0.049027223,0.03555791,0.02066086,0.003066776,0.007966848,0.010253471,0.011163628,-0.0061655734,-0.052536115,0.0066065323,0.0015480994,0.0037002654,-0.027613161,-0.011829137,-0.008069582,-0.009212954,-0.010848773,-0.008129745,-0.0021397327,-0.0052264887,-0.00023716917,0.0024465753,-0.0040860465,-0.0040657474,0.0012468871,-0.022865312,0.0028307424,0.0036508949,0.0017728225,0.0064496365,-0.0032499977,0.0006077915,0.0030262165,-0.009782983,-0.008744165,-0.005582815,-0.0010462445,-0.009540578,0.004633479,-0.028203065,-0.01900234,-0.008528847,-0.003989332,0.0043273293,-0.0022961532,-0.0077576144,-0.018343031
70,1,german,xgboost,lime,0.1356967,0.04427244,0.038820636,0.02795654,0.00045556197,0.01461258,-0.0077037415,-0.008569394,-0.00424593,-0.04432432,-0.001969033,-0.0012390775,0.0021636318,-0.009828175,0.0037582577,-0.0006201541,0.0066297106,-0.017112529,0.001546183,0.004431111,0.012424962,-0.002385082,0.0050477595,-1.738121e-05,0.0028849354,-0.0034982893,-0.010580846,-0.011239175,-0.00221189,-0.004011221,0.0009348724,0.013496293,-0.02085667,-0.005991923,-0.0029818986,0.00071665127,0.0018916246,-3.5815687e-05,0.001293955,-0.007069138,-0.025916519,-0.012092314,0.0026499443,-0.0013472002,0.0029635583,0.0059041693,0.00047665444,0.0016030653
71,0,german,xgboost,lime,0.13124815,0.05001674,0.034370493,0.02420094,0.0013701102,0.020698996,0.0033727814,-0.010530759,-0.001061185,-0.04531308,0.0043120184,-0.01000446,0.0044535236,-0.014316059,-0.0053750873,-0.009753014,0.004895452,-0.006937871,0.006467223,0.0024262099,0.00465772,0.0056477673,0.0020383124,0.0020751716,-0.009466827,0.015428089,0.00043233673,-0.006369543,-0.0118071595,-0.00990196,0.0027013207,0.0062135053,-0.00749513,-0.009025453,-0.00310554,-0.010328095,-0.012412701,0.0010122752,-0.00047460865,-0.011759985,-0.028675353,-0.009664006,0.012911467,-0.006382005,-0.0013793209,0.003261817,0.008896835,-0.008104101
74,1,german,xgboost,lime,0.13730374,0.045056943,0.0415369,0.019519245,0.0006899918,0.015184193,0.0062252115,0.0064894673,-0.00012783101,-0.052724604,0.004357694,0.0082391715,-0.0018526433,-0.0152448565,-0.009267674,0.004774502,0.0024822503,-0.018629946,-0.0044516437,0.0005941577,-0.0026924016,0.004911774,-0.0025013343,0.0052874475,0.0056634783,0.00044643573,-0.0023167396,-0.0046134433,-0.0015429205,-0.0060919807,0.00551703,-0.0035022416,-0.019593824,-0.0057590664,0.0061733266,-0.007416546,0.0033229038,-0.0018852465,0.00909918,-0.0046936846,-0.01257209,-0.0144174965,0.008179747,-0.008694614,-0.005087187,0.0032946737,-0.0041762455,-0.011859508
75,0,german,xgboost,lime,0.13385244,0.04448649,0.045519557,0.018128965,0.0025485521,0.00047016528,-0.0031972525,-0.0025092715,-0.0042060367,-0.044980455,-0.0003643164,-0.00974076,0.0040260092,-0.02241503,0.00088309875,-0.0063993614,0.0018487482,-0.0056761596,-0.00059103715,-0.0037081898,0.0005949311,-0.0072739744,-0.0025650528,0.004029906,-0.013529837,-0.006829457,-0.009800682,-0.004763064,-0.012416728,0.0025501493,-0.0032994435,0.0029575748,-0.026441341,-0.004105929,-0.003625043,-0.0058380533,-0.0060247844,8.325927e-05,0.0029259336,-0.0032159197,-0.023763176,-0.024022888,0.0012087356,-0.0026254973,0.0024221225,-0.0010829836,-0.016144207,-0.0024531418
77,1,german,xgboost,lime,0.1388618,0.05189465,0.048518848,0.020281848,0.0013200683,0.014124223,0.0077720783,-0.009664928,0.0020029503,-0.072791845,0.0003620587,-0.014445749,0.008414555,-0.007492496,-0.0041252137,-0.00545827,-0.006796358,-0.00807853,0.0064211194,0.0013227726,-0.0049165115,0.00057069655,-0.008396813,-0.0056754765,0.0053480766,-0.004080676,0.005043836,-0.002891176,-0.014242755,0.0021607613,0.005939739,-0.0016483313,-0.01738225,-0.0008340875,-0.007180643,-0.0042789937,-0.0040298104,-0.014472152,0.0032212338,0.0024717154,-0.029246043,-0.020150833,-9.310619e-05,0.010799036,-0.00885633,-0.004518087,0.00090288697,-0.0051444503
78,1,german,xgboost,lime,0.12795332,0.037566293,0.03145575,0.027147895,-0.0064859777,0.008256927,-0.0024495292,-0.010911068,0.0035792447,-0.042151272,0.011332314,0.0051243957,-0.0098359175,-0.019792885,0.0019211909,0.003337599,-0.0011990718,-0.015574564,-0.0011689462,-0.011609317,0.002913589,-0.0038305582,-0.0043131663,-0.007269283,-0.0023948636,0.0036079532,-0.0032943469,0.0010896903,-0.0049343864,-0.008979016,-0.0040411013,0.0035757867,-0.017015487,0.01255778,0.0021938623,0.0099263415,0.01074903,-0.011491833,-0.00345645,0.009563379,-0.027588306,-0.03101669,0.0029716687,0.005828499,0.0029268148,0.00079282216,0.004765298,-0.0007461384
79,0,german,xgboost,lime,0.123933926,0.04406155,0.043897152,0.022631802,-0.0016762589,5.894988e-05,-0.006017785,-0.0054302383,-0.0019429134,-0.059955508,9.809805e-05,-0.008487967,-0.004763798,-0.0064930134,-0.00679761,-0.006602062,-0.010807157,-0.0038634085,0.012032027,-0.0042419992,0.0038321172,0.008688958,0.003013822,-0.00056115846,0.003878856,-9.213048e-05,-0.0033113884,0.008296659,0.0012345788,-0.00047537257,-0.0074020857,-0.0017763826,-0.017913826,-0.018023973,0.010269585,0.0029766187,-0.004492814,0.010573005,0.0011812722,-0.0014731211,-0.031344492,-0.005499144,-0.00085167197,-0.0008031973,-0.0065805316,-0.007266176,-0.008749147,0.0020099247
80,1,german,xgboost,lime,0.10717078,0.03579645,0.04153847,0.022425149,0.006469653,0.00035647253,0.0038644753,-0.007330906,0.00076120737,-0.053822648,-0.0021902218,-0.0004638702,-0.008057059,-0.016406884,-0.0039905724,0.0047760704,-0.010477491,-0.005941959,-0.0033259052,0.0074195894,-0.0009807346,-0.0013931725,0.0029330133,-0.00018538516,-0.0034186095,0.0032573855,-0.0050577153,-0.014195435,-0.011235125,-0.0048412224,0.0006342969,0.011459588,-0.015588166,0.0009405796,0.0055924077,-0.011122908,-0.0022348312,-0.0061320784,-0.0024775995,0.0020147087,-0.028717756,-0.02733918,-0.005826019,0.004747299,0.002963716,2.2833457e-05,-0.0033407386,-0.002757299
81,0,german,xgboost,lime,0.11873465,0.06187268,0.051610056,0.013052172,0.0048185084,0.02435486,0.0037839932,-0.0069972915,0.0036003285,-0.056093622,0.0008067754,-0.0004517531,-0.009265229,-0.008089113,0.0059075034,0.0047605084,-0.0009467718,-0.007121573,0.004107547,0.0043635117,0.00367743,0.00012997964,0.012008586,-0.0043888073,-0.0033298905,0.009214321,-0.012900703,0.0019445326,-0.008104526,-0.015966205,0.0019470841,0.0064851404,-0.01927224,-0.0071700295,-0.0041522225,0.003465799,-0.005291108,0.0007173822,-0.004840862,-0.0023001418,-0.01245492,-0.020704698,-0.001183941,0.0041337083,-0.0031543851,-0.0037483147,0.009095749,-0.0018343397
82,1,german,xgboost,lime,0.1332482,0.037646767,0.040991962,0.013406145,-0.0049928646,0.00067395665,0.0059683705,-0.0068394025,-0.008083818,-0.046598826,0.00050428056,0.0036279815,-0.017012838,-0.026265407,-0.005065151,-0.0029329944,-0.008260913,-0.014805326,-0.0076016607,0.0050376086,0.0009194948,-0.013963211,0.004089891,-0.009611523,0.0012878153,0.0038788822,0.010000446,0.008973376,0.013831108,0.0013256646,-0.0051122266,0.0024956234,-0.021500224,-0.0031260175,0.0119054485,0.004212892,0.009660839,-0.015719326,0.0075508934,0.0047060163,-0.036958832,-0.02669606,-0.010058802,-0.00030209753,-0.00023044072,-0.0035749723,-0.011670176,0.0069913305
83,0,german,xgboost,lime,0.12017399,0.051113047,0.039323326,0.015227929,-0.007833345,0.016653175,-0.0037099556,-0.010101503,-0.006226131,-0.053308308,-0.007284226,-0.008054442,0.0058626123,-0.016891612,-0.01785766,-0.00078467437,0.0062400745,-0.007523259,-0.0054177945,0.00911073,0.008463647,0.012324039,0.0023136637,0.0037937898,-0.00034110388,0.0051023974,-0.0059962454,0.0016601429,-0.015559812,0.008556543,-0.003183288,0.007751411,-0.016675312,-0.009577998,-0.007334921,-0.0015129604,0.006007579,0.007807325,0.0117189605,0.011844294,-0.027287852,-0.017538803,-0.0058724238,-0.005828574,-0.014905257,0.0021437346,-0.008630611,0.0056177704
85,0,german,xgboost,lime,0.11813572,0.040539917,0.031936932,0.0024226916,0.0018117751,0.009769201,0.0041489494,-0.0037146173,-0.007558595,-0.03454382,-0.008730674,0.0030926676,-0.0035244296,-0.015365141,-0.0054588076,-0.0062559503,-0.0026674655,-0.0028442312,0.012397726,7.562571e-05,9.976754e-05,0.0022727598,-0.0063111195,0.008657481,0.0068983966,-0.003978322,-0.0040881033,0.0015227196,0.0044465456,-0.0013717494,-0.0100930575,0.004351011,-0.016929636,0.012277303,-0.005539671,-0.011398336,-0.011863509,-0.006404456,-0.009736,0.0022904999,-0.017737925,-0.026740704,-0.0069454834,0.0068194456,-0.00016549742,-0.008973721,-0.003995415,-0.002552911
86,0,german,xgboost,lime,0.1210312,0.049244575,0.024486022,0.015371105,0.005301647,0.0042458866,-0.0059302403,-0.014147367,0.009201786,-0.048040982,0.004455844,-0.00080074137,-0.011053216,-0.008047132,-0.0015780507,-0.003958188,-0.002777642,-0.017735638,0.010230316,0.008324487,-0.004345099,-0.0045475005,-0.0035051901,0.0040828236,-0.0029657257,0.0028844494,-0.012230221,0.004655235,0.0022057104,0.00042099674,-0.0065600574,-0.0032140554,-0.007647926,-0.0007984819,-0.0024688125,-0.013753805,0.00307025,-0.00026217866,0.0023581134,0.0008770789,-0.04907608,-0.021475298,-0.00045111112,0.006049396,-0.0042986902,0.0035036642,-0.008803381,0.0016962956
88,1,german,xgboost,lime,0.13475004,0.048372835,0.042086393,0.019547867,-0.010005408,0.007399661,1.6284026e-05,0.00016198627,0.012685424,-0.03904644,-0.005134704,-0.009792018,0.0017342032,-0.014809293,0.003964857,-0.00084921694,0.0006358791,-0.011129217,-0.0031430826,0.001711671,-0.0065473705,-0.007523293,-0.0015840192,-0.0050957296,0.006299197,-0.00067205454,-0.0034012264,-0.0019029987,-0.0011707587,-0.004634164,-0.0004986126,-0.0073809624,-0.014859737,-0.0023521427,0.009841585,0.00053210265,-0.008867593,0.00065331586,0.0071774377,-0.0055350563,-0.021067917,-0.012653806,-0.0031562678,-0.008620122,0.002439626,0.008179166,-0.005816845,-0.0028453018
91,1,german,xgboost,lime,0.11787757,0.041344065,0.044748403,0.023977252,0.004612768,0.0050524254,-0.007548192,-0.013375125,-0.00081508735,-0.046158615,0.0012127989,0.005601779,0.005036601,-0.02210519,0.0008028697,-0.006003095,0.0046880716,-0.010175425,0.010585862,0.00088359846,-0.003751134,-0.015527054,0.0023203532,-0.005499246,0.006268368,0.006121267,-0.007301501,0.0019346187,0.010150551,-0.0020281388,-0.0036368596,-0.013147511,-0.02968295,-0.0058376854,0.00926102,-0.0051725465,0.003984545,0.00037395215,-0.0005570555,-0.0051046326,-0.021509923,-0.023139773,-0.0018683468,0.003295339,-0.005049641,0.0024528296,-0.011331997,0.0018449359
97,1,german,xgboost,lime,0.11244104,0.034764566,0.05099057,0.027990766,-0.0030626894,0.007329374,-0.0058577913,-0.0078005656,-0.0023578717,-0.044633713,0.007293501,-0.0032268297,0.0122493785,-0.03220748,-0.00023537439,-0.0027630897,0.005430764,-0.009823118,-0.0047999267,0.0026440606,0.008123316,0.0030235082,-0.0069789286,0.0053179646,0.0026558014,0.0024243994,-0.01227287,-0.0063613486,-0.011660192,-0.00087566144,-0.003662488,-0.00013910228,-0.020166969,-0.001635688,-0.010379953,0.0027507187,-0.0038146009,-0.009098419,0.0040384196,-0.007343227,-0.025514383,-0.017750327,-0.0031500931,-0.006695814,0.004879137,-0.0036681427,-0.0005120525,-0.00020165459
99,0,german,xgboost,lime,0.13504793,0.05506521,0.038460784,0.018428838,-0.0054499134,0.014413458,0.0065479735,-0.0037547383,-0.016588597,-0.038759593,-0.014449313,-0.0012720225,-0.0058198874,-0.023368701,-0.0035083597,-0.009178154,0.0025699039,-0.0075927414,0.0006537211,-0.0009115461,0.0076515437,-0.0011911447,-0.0037271832,-0.0016993746,-0.0045212074,-0.002014325,-0.0056954767,0.007845005,0.0027817222,-0.0113536585,0.00074387813,0.00017108413,-0.011598533,-0.004780089,0.013760363,0.012076069,-0.006866696,0.0017301844,-0.0010724907,0.010725033,-0.020874918,-0.028241776,0.0022319872,-0.003662078,0.0047482485,-0.002745964,0.008002117,-0.0039812
100,0,german,xgboost,lime,0.10914938,0.041883808,0.03984528,0.019644583,-0.0040223817,0.0011982776,0.0013080382,-0.007828452,-0.0062089376,-0.03701748,-0.01208476,0.003364585,-0.00060873444,-0.028906897,0.005717727,0.005385818,0.0027229714,-0.012046051,-0.008164823,-0.0033078429,0.009916323,0.010738824,-0.0049240165,0.0012897617,0.0070080394,0.010923529,-0.009130887,-0.0031653857,-0.0005497765,0.0020384388,-0.01655461,-0.0047988817,-0.007756477,0.010883682,0.011738439,0.0023751082,-0.007939067,-0.005152747,-0.0022073851,0.0039728587,-0.02783952,-0.029485973,-0.007002526,0.0019962378,-0.0044472828,0.005982818,-0.009561686,-0.0015349514
101,0,german,xgboost,lime,0.12674041,0.04559219,0.050741095,0.02862382,-0.0025787887,-0.009653682,0.0014669889,-0.0110716345,-0.005212337,-0.055070315,0.0038379526,0.0043855757,0.00015433908,-0.026880074,0.008748842,0.0011001393,-0.008143492,-0.01227995,-0.010871706,0.0017283686,0.010685728,-0.0064090383,0.006064442,-0.0081305215,-0.0100684585,-0.0047404985,-0.010062134,-0.006410767,-0.0062169707,-0.0065142056,-0.011765242,-0.00011578332,-0.010019232,0.009122686,-0.0016230098,0.004620775,0.006726701,-0.0101373615,0.0047751586,0.0053196205,-0.032930445,-0.024373429,-0.003835763,0.010285942,-0.0038732453,0.006450879,-0.0017445085,-0.012169399
104,0,german,xgboost,lime,0.12472922,0.040220954,0.044089716,0.010676179,-0.0046882574,0.0068786656,0.005756507,-0.0070311353,0.0065423483,-0.050323624,0.0071707647,-0.008890685,-0.008316048,-0.028327527,-0.010064848,0.0010495695,0.00044042748,-0.0054760296,-0.0038350704,-0.0044992007,0.008647943,-0.007009096,-0.0016630961,0.0051312693,0.0088363495,0.010060009,-0.021171054,0.005370107,-0.01467038,-0.0057606595,-0.0060248785,0.008127788,-0.009769351,0.0055834083,0.0014967106,-0.0041063074,0.004054905,-0.003423791,0.0036560488,0.0009822269,-0.023612324,-0.012523817,0.0048501883,-0.0036706792,0.009730062,-0.005844709,-0.006051234,0.0038047908
105,0,german,xgboost,lime,0.11412902,0.039697103,0.04160685,0.008024876,-0.0028369748,0.017968033,-0.0074329353,-0.011671224,0.0011800011,-0.048666075,-0.0006769458,0.006497882,-0.0016825324,-0.011523498,0.0038738414,-0.024500929,-0.0055635143,-0.0020891738,-0.002121345,0.006858782,-0.0018550972,-0.010280812,0.0017948714,0.006869282,-0.0010612467,-0.0034524405,-0.0017348748,0.01728301,0.0034977233,0.0014660438,0.0017823837,-0.0016188676,-0.010538646,0.0028046737,-0.0054290616,-0.012256608,0.0069351927,0.00094144203,0.0019211394,-0.0022392615,-0.029386228,-0.021177446,0.006690772,-0.014100203,-6.414767e-05,-0.0064429776,-0.013072635,-0.0075111957
106,0,german,xgboost,lime,0.12799738,0.04340822,0.03865592,0.002961567,-0.00018250724,0.015806794,0.007538967,-0.012322425,0.005604672,-0.04020621,-0.0051104184,0.0029591555,0.0002928669,-0.023411648,-0.00863235,0.0053014955,0.014610862,-0.005701286,-0.0015193903,-0.007080644,-0.001776742,-0.005109191,0.005904374,0.0007919629,0.0027715964,0.0004763068,-0.009762565,0.009632103,-0.008368556,-0.008760759,0.011921826,-0.004431057,-0.014644738,-0.00032823044,-0.0014025182,0.009937471,-0.0010033346,-0.00071343343,0.008564081,0.00055999024,-0.014609132,-0.015258186,0.005100426,0.0056402944,-0.010082423,0.0031177101,-0.013303515,-0.009152746
107,0,german,xgboost,lime,0.13729155,0.046190105,0.039413057,0.014033858,-0.0048842006,0.015984956,-0.0027199844,-0.0055150203,-0.0019528469,-0.04824468,0.006843371,-0.009306334,0.003873581,-0.013399353,-0.0048232423,-0.0015537516,0.0034041153,-0.012971649,-0.0007156383,-0.0049262107,0.005346381,-0.011686019,0.006446211,0.00708597,0.010544602,-0.005523456,-0.008445218,-0.003753454,0.0024129667,-0.0049662576,-0.0029185908,-0.0052969977,-0.012894371,-0.0028438002,0.014313234,0.008086177,0.0071549253,0.0067163706,0.01020404,0.0033300992,-0.032608256,-0.022873258,0.00043824842,0.003771009,0.0070196646,-0.0017541129,0.005585204,-0.0109291235
109,1,german,xgboost,lime,0.13018374,0.045918915,0.036082014,0.020397468,-0.0010194744,0.010291567,-0.0072329403,-0.0144035835,0.0054518403,-0.043161843,0.0020991103,0.016185122,0.0071752355,-0.015480067,-0.0041025565,-0.0068073887,-0.004382714,-0.01912333,0.0022563129,-0.007716051,0.0039241537,0.0031401708,-0.008200725,-0.006571973,0.0037096636,0.0039184974,0.0019028684,0.013439002,0.0024304911,-0.009612187,0.015477097,0.005394772,-0.014156623,0.011054963,-0.0006445923,0.002890493,-0.0047260257,0.0027715436,-0.009079908,0.0040416955,-0.024981614,-0.00839873,0.0033543159,1.6458629e-05,-0.0020333775,0.005367041,0.0003391146,-0.008189721
114,0,german,xgboost,lime,0.12856035,0.048991233,0.035250254,0.01152405,-0.005345318,0.016998408,-0.0023162512,0.0016304994,-0.0041085314,-0.04808852,-0.003208857,-0.01005729,0.006959697,-0.023445657,0.0021603857,-0.0073270136,-0.0036986289,-0.007690738,-0.0046832557,0.014142792,-0.005119271,0.0020386106,0.004427539,-0.0055832616,0.0071366928,-0.008346555,0.0022551338,0.005982716,-0.017260995,-0.009416546,0.0058612577,0.003769325,-0.0104987575,0.00082051073,0.0011464504,0.00026313623,0.0014450434,0.00023250176,0.0008374028,0.0017915894,-0.026466466,0.002404115,-0.0052938564,-0.010134975,0.008263402,-0.0030220423,-0.01379494,-0.0053054853
115,1,german,xgboost,lime,0.13748892,0.04298149,0.042347606,0.031371474,-0.0066375877,0.014318721,0.007675517,0.0005137361,0.002440725,-0.045155652,-0.0054742442,-0.003972181,0.0010937555,-0.02738531,-0.012801076,-0.011373126,-0.00505303,-0.010387725,-0.002869358,0.00045220528,-0.001222938,-0.0023496412,-0.014565349,-0.0019059719,0.0025491954,0.008201243,-0.0065313824,0.011366438,0.0032797833,0.0011052538,-0.00703031,0.003685818,-0.008890475,-0.0017840308,-0.01008984,-0.0019083865,0.0052576982,-0.004083813,0.0022224733,0.00060978776,-0.016043175,-0.01928461,0.0011707703,0.0027837798,-0.004281387,-0.0045807827,-0.0045728786,0.0012393551
116,1,german,xgboost,lime,0.11481428,0.04197022,0.036754124,0.025346007,0.0012379298,0.017229557,-0.0005169099,-0.014829704,0.0011675542,-0.048286986,0.005029649,-0.0122100515,-0.0011663955,-0.014629604,0.008379038,0.0036603475,0.0020062954,-0.025475876,-0.005561678,-9.2716415e-05,0.00493782,-0.0063337763,0.0062786997,-0.007458846,0.00997701,0.0014813329,0.002966806,0.008070069,-0.0039459514,0.004367317,0.011683507,0.002745006,-0.013322454,0.013937542,0.002289734,-0.01740956,-0.0017526534,0.0050013904,-0.0047137327,0.0018658611,-0.027367895,-0.028542569,0.0020225619,-0.0012332554,-0.007750359,-0.003847619,-0.008670366,-0.0017925807
117,0,german,xgboost,lime,0.13464476,0.04807189,0.037986323,0.021227805,-0.0067652776,-0.001195302,-0.0058801034,0.0011412948,-0.007682735,-0.039544918,-0.0024350064,0.000884668,-0.0028155227,-0.026202498,-0.0082843285,-0.0009415494,0.007667154,-0.003728896,-0.0017348757,-0.004027188,0.00012461869,0.010641328,0.0021268004,-0.0028600106,-0.0063008675,-0.0023927626,-0.004333104,0.0021908826,-0.009215871,-0.00014912822,-0.0034818319,-0.012478479,-0.008901117,-0.0067389393,-0.0022254742,0.004800302,0.006363405,-0.0023460747,-0.0014441689,0.0046804696,-0.026027316,-0.03349804,0.00022556251,-0.0028345704,-0.008879441,0.0007879566,-0.0012927348,0.002674072
118,0,german,xgboost,lime,0.13199034,0.041679133,0.03912969,0.011136616,-0.0025777277,0.017848335,-0.00110962,-0.0077772764,0.0007402882,-0.048769653,-0.0011830288,-0.00813084,-0.003907221,-0.015667276,-0.018429777,-0.004125487,-0.005695488,-0.0034394027,0.0046158754,-0.00512836,0.012044768,0.0021239417,0.0017412682,0.009980649,-0.0019774807,0.0035114232,-0.003043566,-0.0052103517,-0.010052263,0.005313008,0.0011165866,-0.013427798,-0.0111622885,-0.004458752,-0.003842308,0.0007331503,0.003796579,-0.0046522925,-0.0007379856,-0.010437558,-0.023830019,-0.014545978,-0.007587814,0.011293136,-0.007110079,-0.010574768,-0.01165012,0.0002708552
119,0,german,xgboost,lime,0.1340656,0.05938277,0.04241166,0.009458632,0.004143685,0.008494698,-0.014480684,0.0010661592,-0.019795012,-0.04312517,-0.0018434731,-0.00781765,0.006974041,-0.023338662,-0.0014838044,0.003026475,-0.0017223912,-0.010421844,-0.013922341,-0.0010106704,-0.0021234415,-0.012187671,0.00414489,-0.005667788,-0.010059095,-0.0027741655,-0.005545292,0.009223417,-0.005543902,-0.0021327476,0.006793338,-0.0043029543,-0.016136639,-0.0019404268,-0.0014391189,0.014146982,-0.005259621,-0.0039666877,0.0059028477,-0.006573952,-0.033036027,-0.020773873,0.004145226,0.0006955522,0.004433179,0.0028883188,0.0038397654,-0.0013839996
120,0,german,xgboost,lime,0.1230008,0.046219956,0.04092096,0.02823606,-0.004152745,0.016006822,0.013252678,-0.0063809385,-0.0046971035,-0.04792707,0.005750653,-0.012879596,0.0064388216,-0.015284121,-0.0045421342,-0.006976502,-0.008712232,-0.008482845,-0.0007290718,-0.0035409874,-0.0005874897,0.011039518,0.0141411545,-0.003423892,0.002764662,-0.00095414347,0.002281867,0.010673514,0.002356932,-0.008548013,-0.003069092,0.0045554643,-0.022028673,-0.012403015,-0.0049259546,-0.0042620143,-0.0036375294,-0.0086337505,0.011755947,-0.008429452,-0.022767238,-0.014829135,0.006310007,-0.00798681,-0.008722309,-0.0002747356,-0.0013479191,-0.0026532204
121,1,german,xgboost,lime,0.13770305,0.039134715,0.053347055,0.023389883,0.011082586,-0.0021980049,0.008975273,4.8453345e-05,0.0033018326,-0.04249983,-0.008026947,-0.0075585363,0.008532233,-0.019322438,-0.01338477,0.0026193375,0.0011251932,-0.005538033,0.010534855,0.007967935,-0.0057080593,0.005779637,-0.0020317705,-0.0007367526,0.0030127503,-0.017811073,-0.0054215295,-0.009811259,0.00077257014,-0.0009962238,-0.0049507758,0.0009384949,-0.0022086427,-0.00023252486,-0.0064384155,-0.002528963,-0.0069790636,0.007734056,-0.0016209672,0.008381427,-0.03311356,-0.015877392,-0.007655889,0.0048132166,-0.011359133,-0.00034098345,0.0029626878,-0.0012810298
126,0,german,xgboost,lime,0.12875913,0.050293192,0.03138545,0.0109020695,0.0007540544,0.014188587,0.0028097667,-0.0065838196,-0.001754234,-0.048982944,0.0040113516,0.0026233774,0.0065311245,-0.025581755,0.0046675387,0.0017955328,0.014087869,-0.014489906,0.001550047,-0.0037726362,0.0052006054,-0.007923426,-0.0023043808,0.004612278,-0.0146696,-0.0070998264,0.0020269556,0.006848483,-0.007166848,-0.0015697291,-0.004002533,-0.00023513837,-0.028885355,-0.005742854,-0.0013555298,-0.0007279315,0.005888644,-0.011080709,0.012022196,0.008067865,-0.037503336,-0.02978158,-0.009053543,0.0030597788,-0.007114038,-0.0016510492,-0.0020649764,0.012855217
130,0,german,xgboost,lime,0.11923632,0.029729713,0.04001966,0.02065142,0.010488282,0.006842232,0.0020831604,-0.020248178,0.0011263788,-0.042009793,-0.003923446,-0.017114488,0.0063968403,-0.014785549,-0.005760028,0.006784691,-0.01627774,0.003998441,-0.0055196886,0.012934865,0.008134304,0.0011878603,-0.015198898,0.006787901,-0.0035187735,0.0058643864,-0.005891424,0.0026787352,-0.006390806,-0.002334534,0.007663821,0.0070830607,-0.0041687987,0.0017485807,-0.0096778665,-0.00062568864,-0.0011680659,-0.010026391,-0.0022177207,0.0032375653,-0.023126101,-0.025281465,0.008443743,-0.00460997,0.0028016116,-0.007863182,0.00060095405,0.0020045599
132,0,german,xgboost,lime,0.11308761,0.022129668,0.050262034,0.019083988,-0.0010893173,0.023309784,0.009115421,-0.015580072,-0.0013608197,-0.04141613,0.006242928,0.0045557264,-0.005238588,-0.018332398,0.0041313674,0.0044758325,0.0022609876,0.006219288,-0.008915716,0.0064193453,-0.011177865,-0.015321575,0.0074211718,-0.017332353,-0.00013907839,0.01252652,-0.010773862,0.0069724726,0.0015742283,-0.01882291,-3.0900217e-05,0.00294661,-0.029102702,-0.008352446,-0.008822216,0.0067453524,-0.0044165715,-0.0049154395,-0.0038716143,0.0011729938,-0.03515904,-0.020752072,0.0031525001,0.008113549,-0.007076836,-0.0013783894,-0.0073956577,0.009418681
135,1,german,xgboost,lime,0.12636553,0.042101093,0.03697593,0.016233414,-0.009998354,-0.0025311608,0.012875199,-0.015813468,-0.004580469,-0.052868847,-0.0014041439,0.0029730618,0.003927338,-0.020106178,0.0023757527,0.00038180265,-0.000427748,-0.014932898,-0.002226727,-0.00025448063,0.00055078446,0.0011929277,-0.007895968,0.00026165115,0.0015962003,-0.0060431985,-0.016821893,-0.0045866193,9.048618e-05,-0.01108988,-0.00948423,0.005535246,-0.01256442,0.0025512741,0.0044207214,0.004368988,-0.010905704,-0.004282652,-0.0010207262,0.0051422217,-0.02434202,-0.022098226,0.0067788004,-0.0005658744,-0.0018633174,-0.00045236878,-0.014987829,-0.0024240757
136,0,german,xgboost,lime,0.12163059,0.042125233,0.03588263,0.008016275,0.0077937613,0.005192529,-0.0022926726,-0.0054480056,0.0009039241,-0.06578631,0.0056690034,-0.018628351,-0.001641097,-0.014185383,0.0033665164,0.007845538,-0.008173277,0.0027407983,-0.012790368,0.002344014,0.001050389,0.00808843,0.00072798686,-0.0005369337,-0.007552673,0.010699433,0.009873707,0.00016607274,-0.003153147,-0.01120062,-0.01064656,0.009511687,-0.026550338,0.002982686,-0.0016040622,0.002496301,-0.008254075,0.0020566697,-0.0023416602,0.010044087,-0.011996595,-0.019256055,0.00482297,-0.009163381,-0.0029480981,-0.0061694784,0.009116073,-0.010388676
137,0,german,xgboost,lime,0.13162908,0.050869487,0.026375242,0.0026901606,-0.011007342,-0.0011755663,-0.010143665,-0.0019785245,-0.0007791343,-0.05345299,0.0029533636,-0.0013325324,0.011157482,-0.03251706,-0.0030758507,-0.0074931458,-0.0046807807,-9.89589e-05,0.00885849,-0.0019177842,0.0018699726,0.008372672,-0.0015476036,-0.0019342593,0.0040361006,0.007546206,-0.0031594695,-0.004230874,0.001332291,-0.0031963564,-0.0029249268,-0.0010101115,-0.008174962,0.0015907576,0.0034864035,0.009321599,-0.007874038,0.0008717212,-0.004938608,0.009080597,-0.025818998,-0.008006636,-0.013589158,-0.00036331857,0.009104025,0.0031907924,-0.0041048545,0.0074351206
141,1,german,xgboost,lime,0.117652714,0.053207345,0.037630945,0.018314378,0.0051753796,0.0052088886,-0.012017111,-0.0036325948,0.0030508703,-0.06345337,0.0045326147,-0.004831344,0.0039901403,-0.027688634,-0.006538217,0.00022435484,-0.0020802417,-0.0062845307,-0.0034603504,-0.0069162897,0.009774893,-0.0065452987,0.0019358915,0.007037195,-0.00015300859,-0.0004347752,-0.009719425,8.098872e-06,-0.0073014987,-0.002509815,-0.010909622,0.0073003042,-0.0107119,0.008329461,-0.01407515,-0.00266944,0.0034261297,-0.010831575,-0.007897141,-0.0048628477,-0.023907987,-0.020909637,0.0034353763,0.0019845788,-0.0020223393,0.0025161367,-0.011628811,-0.007807949
143,0,german,xgboost,lime,0.121124774,0.042597733,0.03825596,0.012262329,0.00033574272,-0.006515607,-0.009047702,-0.012533153,-0.0009715479,-0.043922752,-0.0020455625,0.0060421876,0.010535013,-0.02628619,-0.0010106913,-0.003671371,0.0024290916,-0.008602907,0.009239342,0.001210699,-0.0029889906,0.0017507069,0.0033953695,-0.002374699,-0.012226268,0.0039920905,-0.0075013107,-0.0054816306,-0.0006415851,-0.0072236788,-0.0067853406,-0.005044383,-0.018048115,0.0035768128,-0.0031139478,-0.013428311,0.0021645003,-0.009984256,-0.003872033,-0.009207052,-0.019046918,-0.021411473,0.0069972463,0.0028427027,0.0019857576,0.0004763758,-0.014169975,-0.002689481
144,0,german,xgboost,lime,0.12472908,0.04030232,0.036863305,0.01570279,0.01326621,-0.00041740286,-0.007863758,-0.009030364,-0.003207516,-0.05574404,-0.008937041,-0.00915613,-0.003289286,-0.009026171,-0.002001934,0.0012098547,-0.0015911635,-0.011681348,-0.009453346,0.007019226,0.0045713414,0.0028888201,-0.001944774,0.0053562284,-0.0068755187,-0.0006347935,-0.009463641,0.0042761075,-0.008993981,0.0017680327,0.005578922,0.0055031893,-0.016663661,-0.009059556,0.006781986,0.00078836887,-0.0023309798,0.0024790156,0.002315032,-0.0047133607,-0.026004205,-0.011319314,-0.011952531,-0.019061448,0.0011077601,-0.0023184218,0.009068081,-0.00062191667
145,1,german,xgboost,lime,0.12872894,0.04035498,0.042286523,0.01286195,-0.0016948619,0.007348289,-0.013431835,-0.004678318,0.01112181,-0.038287036,0.013183768,0.008953582,-0.0037653025,-0.019456802,-0.00446809,0.009897195,0.0061949156,0.0017383917,-0.004633668,-0.00076500885,0.00092125527,-0.0011159327,0.0031381354,-0.0027967307,-0.0076359357,0.009342094,0.00018575463,-0.003914355,-0.0032351036,-0.004606003,-0.0070943567,-0.0006455366,-0.009547851,-0.0051122485,-0.00015566224,0.012628292,0.0046173898,0.00819924,-0.004143602,0.0025805656,-0.026145866,-0.022406312,-0.0040340186,0.0097596515,-0.0067451308,-0.006666235,0.0034239145,0.0014246148
148,0,german,xgboost,lime,0.13243595,0.029650412,0.04353363,0.0089484025,0.0002825275,0.012195067,-0.014057455,0.0045617986,-0.008123971,-0.055930845,0.009063492,-0.013094096,0.008381637,-0.009739289,-0.009903163,-0.008901735,-0.004314002,-0.010751796,0.0031878406,-0.0095475735,0.0057858643,-0.0036062899,-0.0022373279,0.009472994,0.011590407,-0.0041782483,-0.018996486,0.00012266795,-0.005486909,-0.012114495,0.00023846352,-0.0035595214,-0.019918298,0.0021723208,0.0046651843,0.0010270044,0.005760002,-0.0028620323,-0.0037675824,0.00047882806,-0.014261795,-0.014728132,0.00515883,-0.00765572,-0.005443057,8.218203e-06,-0.0060697454,0.008886847
150,0,german,xgboost,lime,0.1267139,0.038942598,0.035838626,0.021929976,0.006462797,0.014868521,0.0013983555,-0.010946811,0.009111295,-0.050650243,0.012725504,-0.0049163187,-0.0058390917,-0.022021584,0.00076160324,0.0076835714,0.014558197,-0.0072685727,-0.0038029791,-0.002949771,0.0012054482,0.011562052,0.0041772258,0.00756639,-0.0021456147,-0.0048561627,-0.00057104207,-0.0020117955,-0.0030058147,-0.0076449714,-0.003426473,0.0021835193,-0.014472477,0.0046408684,-0.0061799716,0.0110116135,0.008019939,0.0021328488,0.00678136,-0.006038061,-0.03552227,-0.026346313,-0.006818787,-0.0012699972,0.0070726154,0.0093755685,0.0035754736,-0.009880022
151,0,german,xgboost,lime,0.12299511,0.045827713,0.044167504,0.0105827525,-0.0070332075,0.013254405,-0.006749884,-0.0004293211,0.0074320645,-0.059559334,0.0004734198,-0.0051886756,-0.002982692,-0.0125991255,-0.0030507862,-0.013217573,-0.0055308174,-0.009556972,-0.0030434236,0.015597328,0.0042800633,-0.0020884043,-0.0008810983,-0.006524741,0.00075755484,0.0032335762,-0.012632894,-0.004538868,0.0023629216,-0.010189505,0.009708814,0.0038416723,-0.019770034,-0.011885599,0.0032537845,-0.00300367,0.0051587797,-0.0075288643,-0.0021635317,-0.0035820557,-0.021037638,-0.015385392,-0.0074561406,0.007875411,0.008255758,-0.012871923,-0.0043944563,-0.00024415957
153,0,german,xgboost,lime,0.13231681,0.054979533,0.029676579,0.016955128,0.00044789174,0.010796921,-0.00013385063,-0.016172107,-0.010296766,-0.054869622,0.007872606,-0.01698093,0.0041018776,-0.012889465,-0.008355799,-0.014453591,0.0033896498,-0.009571357,-0.0059770606,-0.00042693206,0.0029554372,-0.0039923713,0.017722957,-0.0025923825,-0.0064952383,0.005656219,-0.007662987,0.010593974,-0.008254829,-0.008123184,0.010218787,0.0019109213,-0.012533315,0.003949732,0.004941137,-0.014947349,-0.0021412354,-0.0016753057,0.009885038,-0.0040543494,-0.03396262,-0.017586868,0.002078528,0.0051477295,-0.0031906879,-0.0023351924,-0.016760796,-0.014516653
154,0,german,xgboost,lime,0.13990389,0.041194152,0.027510133,0.00448938,0.00094362005,0.007590409,0.0062132776,-0.0069226003,-0.010692809,-0.039318874,0.0018710024,0.0027309114,-0.011030863,-0.017128358,-0.003610409,0.0045831716,0.008486443,-0.008342524,0.0019612159,0.009517982,-0.0033535534,0.0077694245,-0.010826424,0.013179495,-0.0006543849,-0.0057035256,-0.0087140845,0.000521273,0.0005475062,0.0033374974,-0.0066382834,0.004763891,-0.007441884,-0.007558396,0.00754286,0.0050318376,-0.00062751834,0.0039365683,-0.0053715976,-0.0010029398,-0.02512921,-0.013595353,0.004252764,0.0017224767,-0.00826959,0.009152199,-0.009463925,-0.0018618943
158,0,german,xgboost,lime,0.12826931,0.04342754,0.036157575,0.022927478,-0.013328919,0.013659367,-0.0071212756,-0.007074084,0.0055786935,-0.056711618,-0.00039731344,-0.0020402009,-0.0025106787,-0.022658259,0.0053596823,0.0011918152,0.0027906748,0.0025270253,0.010222981,-0.0054411725,-0.010889839,0.0033713558,0.005035664,-0.004911929,-0.0051843645,0.0014584978,-0.0022745423,0.00888737,-0.0016666729,0.004497123,0.0047643227,-0.0023467035,-0.0015689706,-0.007095509,-0.013220432,-0.0028427728,0.0046315966,0.0070941397,0.004448657,0.0024564045,-0.02765302,-0.018002702,-0.006355554,-0.008495176,0.009342174,-0.0006105756,0.0011165262,-0.009268718
159,1,german,xgboost,lime,0.12184033,0.042039942,0.034197416,0.018885022,-0.004849354,0.0076031983,5.642909e-05,0.00022900905,0.0027369184,-0.044494174,-0.012703938,0.0130801005,0.001281051,-0.028664678,0.00016356484,-0.00599611,-0.00041323222,-0.0078115766,-0.0031309389,0.0062015704,0.0019791906,-0.00032414624,0.00081472547,0.0055646314,-0.0075150756,0.009850567,-0.0023449857,0.0036486718,0.0104915025,-0.006569068,-0.0028390745,0.0014511829,-0.0049588084,0.0068438887,-0.00027790084,-0.0014990956,-0.002262768,0.0036398943,0.008816184,-0.0002233848,-0.022973502,-0.022837067,0.013949334,-0.0055225417,0.003643099,-0.005702237,0.0009169274,0.0038787725
161,0,german,xgboost,lime,0.12103973,0.046237066,0.03470043,0.012238804,0.00051409204,0.0024285107,0.0015551351,-0.009257577,-0.0064613563,-0.05964903,-0.011886005,0.009135803,-0.0010413189,-0.034010064,0.008132903,-0.0052976,0.006902458,-0.013305157,-0.0039583626,0.0152778,-0.008062502,0.014167795,-0.0046055047,0.0009515675,0.0043131453,0.008848398,-0.007870616,-0.0069617955,-0.0032093723,-0.0022564782,-0.0050047017,-7.8259e-05,-0.01118793,0.0198819,-0.0048187007,-0.0004959875,-0.009917243,0.003447246,-0.007823262,0.0009107423,-0.034429368,-0.020707522,0.009548134,-0.0059830383,-0.00821864,-0.0022829615,-0.0074006952,-0.008854958
162,1,german,xgboost,lime,0.12507236,0.044981625,0.039161984,0.02003579,0.0019497534,0.011700482,-0.0019806114,-0.0071161874,-0.009053372,-0.04999124,-0.007521745,-0.000459744,0.0018282615,-0.02728182,-0.002515741,0.0033347455,-0.004241465,-0.020120803,0.0012294325,-0.0039618704,-0.004011753,-0.0022429659,0.0014435527,-0.00602754,0.003267157,-0.004190496,-0.006195708,0.0020430242,-0.011672096,0.011402294,0.00040752048,-0.008557437,-0.014863066,0.0019311423,0.0026442208,-0.0023070772,-0.006225317,-0.0011296222,0.0011866494,0.0064632925,-0.030145647,-0.023597008,-0.008390077,0.0014111185,0.00384499,0.009508439,-0.016791247,-0.0013615597
164,0,german,xgboost,lime,0.10642807,0.028889727,0.035683002,0.014495527,0.0010183767,0.0041666315,0.004937132,-0.004688831,0.00057271746,-0.05415185,0.01025168,-0.005787333,0.0005421712,-0.025340639,0.0031031931,0.0031410675,-0.003641688,-0.0064372383,0.00089131296,-0.007294649,-2.2448943e-05,0.011020588,0.0027710854,-0.005046769,-0.008010884,0.013815138,-0.005875765,0.00049000705,0.0014812557,-0.013198486,-0.0031042555,-0.010665709,-0.009130666,-0.0072209216,0.007420974,-0.008903854,0.013644827,0.002989337,0.010770621,-0.010210477,-0.033173062,-0.030089263,0.004030115,0.0016210038,-0.0070805294,-0.0022560104,-0.00438449,-0.007417597
165,0,german,xgboost,lime,0.112560354,0.037889224,0.052503444,0.010694837,-0.00751428,0.00551971,-0.008350286,0.00021416995,-0.0019829303,-0.06017039,-0.006896059,0.0017148899,7.282503e-06,-0.016230598,-0.012792049,-0.0008249826,0.0066995444,0.0027276622,0.0024016693,0.0007622958,-0.0021610954,-0.0057640104,-0.009092069,-0.005662986,-0.0031516703,0.013572739,-0.010737013,-0.008325202,-0.013484038,-0.0044069597,0.004465753,0.008140231,-0.023788141,0.00064579333,0.0024180415,0.001875798,-0.006281224,0.0056613954,0.0070271958,-0.0001255335,-0.027450483,-0.016918415,0.014937883,-0.0029748373,0.008204755,0.0033703258,0.0016536458,-0.0024338334
166,0,german,xgboost,lime,0.13489673,0.04147046,0.037728556,0.010735019,-0.005071209,0.0102515165,-0.00302822,-0.008783106,0.0020249358,-0.049037285,0.0070285723,-0.010072774,-0.0066072363,-0.009085069,-0.0049571595,0.012883612,-0.0017978161,-0.019540662,-0.0026194544,2.8892715e-05,0.00043893824,0.001750313,0.004479914,0.004165352,0.00096452626,-0.0011020945,0.0013016458,-0.00809527,0.0074702464,-0.01136946,-0.0051410594,-0.0065473705,-0.01676803,-0.003532911,-0.004784428,-0.0108198,0.0029174108,-0.007048198,0.0025378864,-0.0019340995,-0.037322167,-0.010284133,0.007440689,-0.0029358035,0.00592285,0.00015876957,-0.0113900835,-0.013912843
168,1,german,xgboost,lime,0.14186423,0.040892947,0.04667144,0.01202585,-0.005259926,0.013883037,0.011581601,-0.0057072924,-0.012935592,-0.040948976,-0.0041637206,-0.0005502891,-0.008777889,-0.010855224,-0.013078742,-0.01110595,-0.0040631187,-0.011655237,0.0033253399,-0.0034784414,0.012207968,-0.0040501556,-0.0015496406,0.007994883,0.0031471555,0.001603188,-0.014213482,0.006731475,0.005168816,-0.0021074614,-0.00061973184,-0.006071573,-0.019389987,0.0052523767,-0.00327307,-0.009529252,-0.005861303,-0.007991632,-0.0021310772,0.002838444,-0.027616471,-0.025652543,0.0024334756,-0.0032249219,0.014988808,0.0066371504,-0.0022635954,-0.005418246
170,1,german,xgboost,lime,0.11278354,0.027750708,0.042547,0.007077967,-0.0037506002,0.009495651,-0.0086175045,-0.014441691,0.0038180705,-0.03793127,-0.009742458,-0.0072078835,-0.00079099275,-0.009507037,0.0033587613,-0.0041552205,0.0002971257,-0.014856336,-0.0029851962,0.0055708503,-0.0012878316,-0.00090795435,-0.00060458144,-0.0006459507,0.0011709743,-0.00047239233,-0.013234057,0.013963149,-0.003729787,-0.0062133833,0.0072835023,-0.0045582647,-0.010411596,-0.00466206,-0.0023344425,-0.0015499686,0.010750541,0.005896163,-0.0029794283,0.0064091673,-0.029894937,-0.013629983,-0.012281288,0.006641576,-0.00094093074,0.0031001344,-0.0052226735,-0.0026365744
173,0,german,xgboost,lime,0.1208161,0.055981807,0.036475096,0.009959859,-0.00089375285,0.009521594,-0.0048963297,-0.00546966,-0.0006120646,-0.045573138,0.0021259186,-0.00694026,-0.004229589,-0.031528212,0.0058404277,0.001000319,-0.004613076,-0.0054537705,-0.00816375,0.005760624,-0.013127613,0.0011617874,0.012110837,0.00891011,-0.0012357256,-0.004594553,-0.011912156,-0.006819439,0.0057882112,-0.00400653,-0.0012641146,0.00096155185,-0.01225982,-0.0053085946,-0.0018877592,-5.041649e-05,0.0061403695,0.0019051001,0.00013857541,0.0029521503,-0.026651027,-0.013073638,0.0037712953,0.0012193237,0.008482886,-0.015226966,0.0022180332,-0.001781636
174,0,german,xgboost,lime,0.13626978,0.045348767,0.033172347,0.017230123,-0.006028298,-9.872752e-05,-0.000641867,-0.004502133,-0.0022714164,-0.0457925,0.008416746,-0.014173338,0.0019868459,-0.009395938,-0.00069786696,0.0068926285,0.0027056632,-0.007239012,-0.0067732125,0.008363083,0.00565626,-0.011561659,-0.005201572,-0.0020551244,0.010340615,0.0058531403,0.004838375,-0.007932292,-0.006574679,-0.0034617814,-0.0065563293,-0.0043014553,-0.015334065,-0.006315768,0.0065559875,-0.020290872,0.016195761,-0.009552507,0.012480458,0.0102209505,-0.031547375,-0.017922118,-0.002078744,0.0037810642,-0.0084541775,-0.012483998,0.0017693411,0.00039122935
175,0,german,xgboost,lime,0.13209802,0.034155026,0.034167323,0.017993495,-0.0069890483,0.020181593,0.008240117,-0.01031847,0.005368547,-0.04953411,-0.00031648678,-0.016940374,0.004747771,-0.016853465,-0.00068302656,-2.0195882e-06,0.007278606,-0.01102403,0.0030968394,-0.0033776811,-0.0024140582,0.001650622,-0.008087449,0.01069102,-0.0002179373,-0.0021992647,-0.01226821,-0.009539714,-0.009456357,-0.006286024,-0.0075614513,0.0053316094,-0.023158623,0.004451092,-0.005706701,0.0032795537,-0.0018886428,-0.0074136015,-0.0073406994,0.007136113,-0.033769142,-0.016127532,-0.006268623,0.001433182,-0.0040861717,-0.0010149401,-0.0044760657,-0.0049189907
176,0,german,xgboost,lime,0.12346506,0.04470109,0.038039763,0.02185908,0.0066041313,0.0023993007,-0.00649811,-0.01033286,0.0072661974,-0.053464018,0.004878466,-0.007153052,0.0058841184,-0.026159504,-0.008618501,0.0035727648,0.0058282013,-0.0046870713,-0.0035936935,-0.0071042757,-0.0009509597,-0.0037085516,5.6309367e-05,0.008394087,0.013481586,-0.015601849,-0.00042553956,0.0064402064,-0.0024487702,-0.006711784,0.005332877,0.011702512,-0.009423228,0.004627925,-0.0079977745,-0.007523406,-0.0015187126,0.002989913,0.0019163442,-0.009113125,-0.032951534,-0.014640809,-0.00067191746,0.00021372529,0.012781019,-0.0021737423,-0.0025958873,-0.0026739554
178,1,german,xgboost,lime,0.108754896,0.029638449,0.039215427,0.0100304065,-0.004261744,0.007576578,-0.0031194622,-0.0032276963,0.0018165649,-0.049420334,0.006146679,-0.0048432336,0.004253252,-0.019158246,0.0056495485,0.0062088827,-0.008411295,-0.00452429,-0.01267601,0.0021131523,-0.0069201714,0.0045438255,0.0041997624,0.0027130262,0.0034812235,0.0032090668,-0.012729381,0.004920855,-0.00041652806,-0.006911888,-0.0076030022,-0.00014920821,-0.018352658,0.0055738324,-0.0028835137,0.0032381662,-0.0019708525,0.00465838,-0.0001885655,0.00032940487,-0.024362931,-0.015228509,-0.0032902118,0.0036303813,-0.0118161375,0.0017470839,-0.0064581046,0.000659176
179,0,german,xgboost,lime,0.124541685,0.048924312,0.041148685,0.0030508644,-0.010606182,0.004662177,-0.0026720273,-0.0020760426,-0.0033422231,-0.044234555,-0.00046332637,-0.0027651344,0.007769099,-0.029397374,-0.0057456633,-0.013054859,0.0052876794,-0.0028313436,0.004545388,-0.0030645095,-0.0005418261,0.0034724826,0.0055991164,0.010366216,-0.0045140404,0.0073996955,-0.010397514,0.0008106053,0.0011256096,-0.0011629649,-0.016036091,0.0022474343,-0.021087566,-0.0027527662,-0.002446051,0.011014637,0.010688468,0.0022419353,-0.0033748304,0.008080944,-0.022682816,-0.020780616,-0.0004989713,-0.0055364566,-0.0013407135,-0.0002574936,0.005525838,-0.003924617
181,0,german,xgboost,lime,0.12600535,0.04286741,0.037143055,0.013583227,0.0036171724,0.005587836,-0.0009428485,-0.0045014364,-0.0012045891,-0.051677484,0.010603442,-0.005176823,9.740008e-05,-0.013402165,-0.006518001,-0.0031728938,0.0031819919,-0.011882212,0.009898405,0.0027118006,0.00052825373,0.00048823908,-0.005558558,0.0019226659,0.0044664973,-0.0014769096,-0.0035931636,0.0008325436,-0.013939816,-0.005424745,-0.0014746768,0.0007125875,-0.0130656855,-0.010461599,-0.0022745791,0.005965707,-0.0019152481,-0.004914607,0.00027799406,-0.004652016,-0.036856744,-0.011861495,0.0020790806,0.0033322826,-0.0017776571,0.0017358998,-0.00940828,0.00021503451
182,0,german,xgboost,lime,0.124814354,0.046005297,0.044810306,0.015425651,-0.0048741223,0.012196494,-0.015816964,0.0006750392,-0.0132392775,-0.03266704,-0.0048153135,-0.0043873945,0.00017444351,-0.0151301185,-0.0022634028,-0.0006831697,-0.005956083,-0.0020990144,0.0023286697,-0.006867193,-0.008954651,0.010414994,0.00097330665,0.002310861,-0.0016237168,-0.0053691003,-0.009978848,-0.005548831,-0.00073825667,-0.008599969,-0.0035065964,-0.0023332431,-0.007410131,0.004800777,-0.0011956342,-0.0017509953,-0.012808755,0.00065191556,0.000966777,0.0015558928,-0.03453932,-0.023053546,0.0024859512,0.0040468094,-0.00021621338,-0.003727917,-0.011715831,-0.0058960984
184,0,german,xgboost,lime,0.12520158,0.044909775,0.030045006,0.015823664,0.003892814,0.0041386443,-0.004047864,0.0029746727,0.0015317905,-0.047304932,0.0033075209,-0.0020387943,0.01011478,-0.01288903,-0.003905494,0.007460389,0.0002708548,-0.0022704334,-0.008791332,-0.0023711866,-0.0066846963,-0.0040148054,-0.0034508973,-0.005565366,-0.0035394737,-0.00048260466,-0.008749383,0.0018910277,0.0016490693,-0.009016213,0.0011132123,0.008916444,-0.010238793,-0.0077710184,-0.0033231026,-0.000119123746,-0.005652936,0.0015119857,0.00029095725,-0.00016516008,-0.030342534,-0.0127798505,-0.0060884664,-0.0006065179,0.010122562,0.007367286,-4.6745768e-06,-0.0005604055
187,0,german,xgboost,lime,0.13739093,0.048561998,0.03505317,0.014412384,0.0008617664,0.017971134,0.0022616398,0.0026886433,-0.001003957,-0.05784444,-0.000983851,0.001154223,-0.00653083,-0.030188348,0.00014193082,0.00013827905,0.0015764938,-0.0003933709,-0.0025042496,0.011389021,0.004160312,-0.009244488,-4.3771604e-05,0.006839693,0.0026828884,-0.011056522,-0.004735994,0.0033541722,-0.0009575305,-0.0025007867,-0.0049973885,-0.0057444624,-0.01880474,0.0007464088,0.0017072834,-0.0013500783,-0.00586824,0.0022481831,-0.0003040017,-0.0068911472,-0.020587083,-0.028070237,0.011253484,-0.0054355753,-0.0010221554,0.0017344691,-0.009417111,0.009756646
189,0,german,xgboost,lime,0.1217841,0.03882594,0.03343799,0.008199282,0.0007987584,0.013541933,0.0033074918,-0.008791719,0.0013255554,-0.055303413,0.011512401,-0.012175086,-0.0061047277,-0.026069095,-0.0057400116,-0.0034913348,-0.00548748,-0.012602309,-0.0063748728,-0.013884205,0.008555068,-0.008249533,0.0018560041,0.0015334876,-0.006772009,0.0116855325,-0.007895063,0.000509727,-0.00781509,-0.0010505709,0.001295612,0.008934016,-0.030362839,-0.0039924094,0.000446507,-0.000381855,0.010075903,0.0076416405,0.007743501,-0.011128635,-0.029518846,-0.026973583,0.007915188,0.0017631206,-0.0012080754,0.009011714,0.0006253089,0.001779025
190,0,german,xgboost,lime,0.11739616,0.04606812,0.04349555,0.023050193,0.0018731304,0.013309604,0.001797951,0.019114677,0.0006022568,-0.05622794,-0.0093544675,0.0014998293,-0.00031652921,-0.008233247,0.004412098,0.00088539557,-0.0028648432,0.004427863,-0.005178926,0.0073699914,0.0069461125,0.00056797377,-0.005450236,0.00012482732,-0.0037602293,0.0026693633,-0.00432198,0.0068362816,-0.0058575566,0.0025356933,-0.005546795,0.0061236206,-0.0020075615,-0.008368744,-0.0023155208,0.0047322996,-0.005938851,0.00037201736,-0.0039179036,-0.006077352,-0.021178449,-0.012996749,-0.0025174012,0.0037658173,-0.008762333,0.0002029277,-0.0011675099,-0.0043267584
192,0,german,xgboost,lime,0.13157414,0.05384522,0.050810143,0.02566445,0.010256045,0.011507983,-0.011699493,-0.0103509175,0.00316209,-0.039881513,0.00289931,-0.0054596667,-0.0069703455,-0.030039966,-0.0021762992,0.009591098,0.0069009154,-0.01566451,0.0055574444,-0.0066924985,-0.0017612329,-0.004510054,0.0017757021,-0.003881047,0.007907717,-0.007420118,-0.0072238212,-0.0008481825,-0.0018332778,-0.012911728,0.007821888,0.00406049,-0.023226444,-0.005199062,0.0039359187,-0.0021881214,-0.00081195286,-0.0026095388,0.0066340393,-0.0014762591,-0.024149077,-0.01913459,-0.0052146874,-0.015322806,-0.0013651291,1.0998454e-05,0.007068347,-0.014107169
193,0,german,xgboost,lime,0.13139813,0.062493403,0.023210758,0.016683498,-0.008343219,-0.0013108263,0.014005874,-0.008601276,0.016571969,-0.051040202,0.0011831525,0.0045664655,0.0035590713,-0.003932477,-0.0046876753,-0.005224253,-0.00052032614,0.0061515737,0.01772758,0.0048036114,0.001975899,-0.018293941,0.0022859324,-0.003402023,-0.003658398,-0.0014070409,-0.020762332,0.0030588696,0.00079871016,0.01073021,-0.015284874,-0.017385235,-0.015922254,-0.00021104809,-0.00069694704,0.011472454,0.0061373957,-0.0057494314,-0.00047591844,-0.0015505492,-0.02974461,-0.0148212565,-0.002907168,-0.006135097,-0.004156381,-0.0053452672,0.00092937436,-0.013154256
194,0,german,xgboost,lime,0.13852489,0.05143848,0.02649834,0.016546156,-0.010287039,0.005560429,0.006291509,-0.010677948,0.0029118727,-0.050907664,-0.009531457,-0.0006732789,7.7041395e-06,-0.03058723,-0.00042041042,0.0140886735,0.0008389869,-0.008708122,0.0020607018,0.007184798,-0.0048567317,-0.0010475758,-0.0035801954,0.009547824,-0.0046335086,0.007880948,-0.010789563,-0.00434252,-0.0037896242,-0.011070416,0.005542327,-0.0003367584,-0.012119803,-0.0016377756,-0.00020904536,-0.004493092,-0.0051437193,-0.005941182,0.005640668,0.0044506663,-0.01685166,-0.0078337155,-8.50951e-05,0.00059162034,0.006954465,0.0042137657,-0.002563766,0.009849661
