instance_index,actual_default,dataset,model,explainer,LIMIT_BAL,SEX,EDUCATION,MARRIAGE,AGE,PAY_0,PAY_2,PAY_3,PAY_4,PAY_5,PAY_6,BILL_AMT1,BILL_AMT2,BILL_AMT3,BILL_AMT4,BILL_AMT5,BILL_AMT6,PAY_AMT1,PAY_AMT2,PAY_AMT3,PAY_AMT4,PAY_AMT5,PAY_AMT6
260,0,taiwan,random_forest,shap,0.03342444360016117,-0.001027117061663993,0.00150738195130307,-0.001146550885118826,-0.0013716247430301093,-0.07278089938250809,-0.024701505302589983,-0.012473005144639037,-0.010999601068853957,-0.008262935562412076,-0.00781823884271408,-0.008686937893388227,-0.001889058311395424,-0.0030052519873836874,-0.0019219205228293414,-0.003950676319401753,-0.004220842454247006,-0.008378218190452506,-0.027466619311214798,0.0007193383088643571,0.010150025580020308,0.003960034669397635,-0.003919972341553638
378,0,taiwan,random_forest,shap,-0.01620578513327288,-0.00098300765803755,-0.0019016609977059713,-0.0008494527700880608,-0.001913050226380853,-0.058474435558137,-0.03203371163226144,-0.019843894700792425,-0.01714202742706713,-0.011720287379935107,-0.010773634390729718,-0.010379197121639075,-0.005833555355975534,-0.004590063910314283,-0.004730720418968103,-0.00664149446281268,-0.005300369703769712,-0.01966557345599358,-0.022984463525171896,-0.016772341116925826,-0.020246379527399553,-0.006612156460467036,-0.007936587558402588
403,0,taiwan,random_forest,shap,-0.037834652461052894,0.0009836269188725503,-0.001795230007491901,-0.000995083175942839,-0.001876434774287864,-0.079204373205106,-0.025770190040234064,-0.015353352465133092,-0.01057774420815985,-0.008164514473430204,-0.010103521628864827,-0.008156814991881138,-0.00289851745472583,-0.003482286847966816,-0.0019444402543493367,-0.00660586898431829,-0.0028233644329313666,-0.028323180150528468,-0.02413353307778548,-0.010146692645707353,-0.016639818584880808,-0.009317377662276109,-0.009606837658516212
455,0,taiwan,random_forest,shap,0.02416531486183672,0.0008270895252040646,-0.0020581682969438735,-0.001498787016326863,-0.0012696315966019584,-0.06037033084397312,-0.023400893516150365,-0.012474497078098858,-0.009101577184053565,-0.006666441130950974,-0.006160755814703049,0.004521309108678788,-0.0014508247601629873,0.0022246034015500366,-0.0018137095878485783,-0.004953969281020192,-0.004545938665610253,0.005064780717324574,0.017626847349816253,0.008788315786506998,0.00835736033306824,0.0067054671565581975,0.00045332807205403024
507,0,taiwan,random_forest,shap,-0.0160788511247747,0.0009717848381252448,0.0032010854253267896,0.0005072323007898112,0.0019142334137021886,-0.06701169085110927,-0.017217572856098963,-0.011317311915474096,-0.0059279641475898405,-0.006183772837737899,-0.006298151070571116,0.019967977470972908,0.023331505107036743,0.014578538793628965,0.010688503617096091,0.023835705284105262,0.013165223339084091,-0.016675163704684897,-0.02028957842307747,-0.01219656964191053,-0.0066994473133338665,-0.007041191944400573,-0.01245586072203238
526,0,taiwan,random_forest,shap,0.044307252166904454,0.0008696791713299493,0.0010249936533613237,-0.0015753140328205702,-0.0002859788565553829,-0.0698168830438732,-0.02459964826444156,-0.014188120444669917,-0.009817969933206739,-0.00776782119364945,-0.00796270402410512,-0.007006472148417703,-0.0005736338897538358,-0.0023079627703901364,-0.0023251667572767067,-0.0043387002394653755,-0.0023855426029359365,-0.0033112531908824783,0.015989291407415614,-0.0008897688461460824,0.00795607519901322,0.003140131803749253,0.010086441083180409
545,1,taiwan,random_forest,shap,-0.03675034423238695,0.0008081395342599742,-0.001745173473000423,0.0007285732261826753,-0.00043907570997261963,-0.05533258913171504,-0.02847971778942083,-0.018505689834988445,-0.013754898181273166,-0.009981331061589615,-0.011453309333719588,-0.008985085950957528,-0.0057424830099188934,-0.005594245030314257,-0.004214245318741186,-0.006129097634014539,-0.003933049348813589,-0.030249860756728326,-0.03421831702930858,-0.02300465388566108,-0.020230381423487712,-0.013937961487514618,0.01142520647454268
555,0,taiwan,random_forest,shap,-0.020465238594756935,-0.0004736714272587729,0.0007821627271664606,-0.0013826774618170136,-1.8387696188286672e-05,-0.06885672616359578,-0.021706201148496095,-0.014802456241495494,-0.009016627825211372,-0.006495653226486386,-0.008705655899182234,-0.0005500689417685091,-0.005250117460029771,-0.005775496626571916,-0.004102953660847819,-0.007379621484355121,-0.004036985249561082,-0.026192341321305115,-0.05245141145633957,0.0010064923938601126,0.007314221575059691,0.0030060214109342916,-0.01987273512071283
581,0,taiwan,random_forest,shap,-0.00171181365413146,0.0008082937956505689,0.0007772723727011067,-0.002285271224218751,-0.0022713111794869156,-0.06543910443771138,-0.02309952995082353,-0.011087944573061326,-0.013945392572967725,-0.00935446709852526,-0.00727113762442735,-0.018531371909967936,-0.00015194694269548444,-0.00215950698353408,-0.0003364656529289399,-0.0010861081864284878,-0.0035788173117276504,0.0004175434700202839,-0.011248138451537019,0.006177534537195167,-0.0003728028809851489,0.00992453249010202,0.010183175518823716
757,1,taiwan,random_forest,shap,0.03521821819945085,-0.0007352659475373815,0.0012389569269888778,0.0011696111462944048,0.0012050990063043059,-0.07146892936451943,-0.025424326042974583,-0.013178499681188876,-0.009780026552438516,-0.00847068893039268,-0.007169616032462132,-0.010354034467568472,-0.003545741291888669,-0.0030611927562523367,-0.002592984465696838,-0.002904775523364925,-0.0032610607032192095,-0.009833261902720353,0.016686642040586116,0.00034202070471041644,0.007106848858679447,-0.0009100796173266712,0.00032325561008102714
775,1,taiwan,random_forest,shap,0.015749253806176287,3.522877201731687e-05,0.00014486864501302862,0.001223797819421542,-0.00011264311873355116,0.17796662742983343,0.07549866555879646,0.04853130888140248,0.05152500017732781,-0.008005618645415073,-0.007878514277573224,-0.003846026685872211,-0.0033190398325744046,-0.0015327281878654221,-0.002369632641669965,-0.004837447086039463,-0.0036920985170049115,-0.0023666941980590526,0.006310547470264845,0.009673183404363796,0.0022643945476829635,-0.0032304997399207986,0.0047765279967160405
837,0,taiwan,random_forest,shap,-0.002205051177612372,-0.0008614348043310197,-0.0005404757978542519,0.0014981595822170246,-0.0012076688699742344,-0.04724431961933338,-0.028101283625740808,-0.014993829869852017,-0.012857997863388187,-0.00953099796207941,-0.006238277153289689,0.014308582324982224,-0.0009214566483669044,0.0013013909645565886,0.0013458091065225045,0.006435975916676647,0.0015604233284547432,0.04384354069700064,0.022651583189709626,0.023989965108483537,0.01927076631210286,0.008817001568909376,-0.004417920366163979
918,1,taiwan,random_forest,shap,0.008687887944550597,-0.0015194253002410972,9.834568431435271e-05,0.00012128604878153338,-0.000539255316365454,0.027229492755773136,0.08037625596789272,0.05146611908897211,0.05300800365014239,0.04790998500769677,0.04632146817413195,-0.0024861235071814447,-0.0010757250072489092,-0.0006162094275575766,-0.002061528263796742,-0.002663760780360218,-0.00019618154963837789,-0.0009471737347396468,0.013168124502250881,-0.005066150007785305,0.0003414902514743784,0.008997224250114491,0.0003666665097505873
960,0,taiwan,random_forest,shap,-0.041817378636795174,0.0008985646552882934,-0.0011433291330132343,-0.00016028979168004025,-0.003118853416972073,-0.07556162656019286,-0.03402243097551008,0.08114900965034712,-0.00939755375508989,-0.005956076173035258,-0.00818216333110686,0.0013680398886002508,0.0010760435078397872,0.0028352039407443267,-0.0022760011833464345,-0.003713722495975725,0.0005802138867877956,-0.02122160153050176,-0.007824134260770636,-0.02134472628665697,-0.019020849819657924,-0.019249387650393364,-0.021027156885032025
980,0,taiwan,random_forest,shap,-0.026746042498606074,-0.0006158359889561099,0.0006538727995004939,0.0016503910559854161,0.0006954779629363615,-0.051962378181385195,-0.03144725962365123,-0.019818622304853786,-0.015846383639800305,-0.013538910172063151,-0.01049516894081467,-0.006052851883254343,4.956468823100071e-05,-0.001462685811911806,0.00038682484988728264,-0.008236437438931488,-0.003400285247895746,-0.003180215305684424,0.01068701560859179,0.0075097003043375484,-0.023646925528566624,-0.0009732354595012199,0.006820322790812234
1079,1,taiwan,random_forest,shap,-0.01315990840254279,-0.00048255597337134665,0.002430943150566629,0.0005455582499675857,0.0013094108055208067,0.30664784086515756,-0.00794736829537969,-0.0041024799374949385,-0.0025041277773130586,-0.003648180074658413,-0.00549490193916028,0.01879324030194344,0.015885938508810295,0.007115475625148032,0.005403625125404194,0.012751919883241489,0.0005342313110460924,-0.010443205260663342,-0.014370872214182245,-0.007201232645976774,-0.003471578522515245,-0.004866672713214148,-0.0017928226274062944
1130,0,taiwan,random_forest,shap,-0.02688496396766465,-0.0005969234399093097,0.0006369180049698606,0.0008565499380957768,-0.0016001025774571658,-0.053018520777493534,-0.025477133821142004,-0.012675189500022421,-0.010022822444210194,-0.008375841494403036,-0.008000113387967082,0.010984700272368595,-0.003126995539275241,-0.010768400997119995,-0.006963614303113496,0.0020256828604059726,-0.0019950410088041496,-0.0110940776626908,-0.052022872652551504,-0.015333459230878975,0.007575218752554906,0.005243615845281175,0.00798209643284413
1157,1,taiwan,random_forest,shap,0.013812622795930334,-0.0005304682200633912,-0.0033940682916944955,-0.00200066805145147,9.289911870943554e-05,0.13701908485874184,0.073417898704995,0.0431980255127386,0.03933333816427945,-0.006593691335877235,-0.0067600683568354355,-0.004925907781356213,-9.945156849548029e-05,-0.002133690988160378,-0.004207663884183662,-0.006754459890868008,-0.004813776496122426,0.008777721105354963,0.008792655917171835,0.003592072932210752,0.0006345051793495361,0.0011634121301790743,0.001090487544410908
1189,1,taiwan,random_forest,shap,0.025770913860706807,-0.001245678524853723,0.0002633087891743081,-0.0005506061388993465,0.000980686709926157,-0.06174117817782589,-0.02769060013714175,0.06456850941874526,0.07938570298992292,0.05375856512315488,0.04296317732656102,0.008585724580181607,0.0025793245247099856,0.000369409877203992,-0.0037575080991793055,-0.001737990073112429,-0.003860109447661326,0.0006370295879035449,0.009330160998737205,0.0015897127605771792,0.02022168262809626,0.006815166679232306,0.006709678939037836
1346,1,taiwan,random_forest,shap,0.03300778889379622,0.0011267094497389768,0.0009930578668620922,-0.0012018750339888211,-0.0014019707905196985,-0.07115378567525653,-0.025079400071367636,-0.011938369412901472,-0.010649486413996259,-0.007764487854945309,-0.007537416831613758,-0.01348248080010601,-0.003962160429660114,-0.002154659764506404,-0.0019912747735601247,-0.0034148626838599438,-0.0025650932546332147,-0.00819345615387346,0.0074492390754969315,0.009037636122265198,0.007536866935859854,0.006915410167211595,0.009493119616878758
1354,1,taiwan,random_forest,shap,0.010003802666906791,-0.0004697980102235484,-0.0017283642072042466,0.0010933677453798085,0.002339140505410818,0.14270844808528785,0.06695033525213424,0.04257990757245684,0.047279919983772206,0.04128667553382913,0.03825733731414986,-0.0008899084307905606,0.004869110889705071,0.0005394933460786503,-0.00233854651900409,-0.003096121702900239,-0.0012323608749612136,0.007364688390670732,-0.000616036645098662,-0.0005390943963591059,0.0018807816681711657,0.0013677031776567763,0.004602810391678618
1434,0,taiwan,random_forest,shap,-0.03479775882041045,0.0007264352037713713,-0.0016921625024165937,0.0007457614300637246,-0.0006675590980803238,-0.07074082134282857,-0.020819590945266774,-0.011299502547835235,-0.012797528254510838,-0.009173161048217431,-0.008736488746213062,-0.011205349019098141,-0.007874113323435033,-0.005974957076948479,-0.004315203641543772,-0.005566354677471966,-0.004574034517418178,-0.029923479470149627,-0.032605320031338425,-0.020497154597273644,-0.018797199564844515,-0.013052602324623094,-0.017363300170417578
1641,1,taiwan,random_forest,shap,0.02054533717404177,-0.0006637427239200199,-0.0021903317566581643,0.0005667877998809944,0.0002279609487092688,0.18928412205468279,0.07947107442783212,0.055359829621033814,-0.008027597874048567,-0.004124485836638546,-0.0064882314817590785,0.0020991712307542204,0.002506256743403502,0.0022455269279906564,-0.0020822248980179835,-0.0052739548438838525,-0.010492661278941327,-0.002257386755249406,0.01622558210011372,0.00022759975829024056,0.0003787813554139893,0.0030560103598055322,-0.0015868796856088488
1726,0,taiwan,random_forest,shap,0.04731490970736887,0.0013691004755408205,0.001257510347553938,0.0008899017294025704,-0.0007840919974614642,-0.07357717994732918,-0.024601116853964204,-0.012585651416193193,-0.010004954257851424,-0.009270156619371313,-0.00873709138040222,-0.008541421784405222,-0.0034864472038454095,-0.003177479423356005,-0.002466944774827817,-0.0024770161001363552,-0.0024443479039115523,-0.006596547221279671,-0.008089478615869224,-0.014083344277777504,-0.013647435936909135,-0.012271680947987636,0.004669253662042867
1868,0,taiwan,random_forest,shap,-0.02564539288463094,-0.0007954562614952001,-0.0004271954604890875,0.0017770794551585818,0.0030297602527003258,-0.03168655099124533,-0.02131719708681034,-0.01368803129217776,-0.008532604505266021,-0.006081919355939936,-0.00528206191328738,0.022984539923300924,0.005155657805494755,0.0033653832501757386,0.004965246567495849,0.008169256319257521,0.0007507535614324732,0.016858943411878716,0.025830040985031683,0.016375501519278066,0.015201453751900589,0.008285683568564125,0.014036304691402985
1941,0,taiwan,random_forest,shap,-0.035712271436398435,-0.0006824329274637084,0.0010033566424294887,0.0007253208646282793,-0.00019080361646481964,-0.06966945007194035,-0.02061308059282613,-0.010604955798808434,-0.012653444133894055,-0.009339264611116588,-0.010267514383510054,-0.011210036337008192,-0.007138546730519822,-0.005473616580029467,-0.004663050094935211,-0.0063013919210128935,-0.004813239412940768,-0.02948190988542042,-0.033853424811681535,-0.019441071656349673,-0.01778826463828526,-0.013173610568887282,-0.01745451761068958
1971,0,taiwan,random_forest,shap,0.04370014552449245,0.0017515101374593945,0.001014990051973439,0.0009013833107988458,3.81531808311503e-05,-0.07427854654293456,-0.025174625410300328,-0.015757802019934947,-0.012971575059080195,0.06106512570686187,-0.01012124394926749,-0.005437590278750149,-0.0009980023183623296,-0.002505496494465981,-0.0035712222793346264,-0.004977410124429436,-0.006115212729372323,-0.012679953984519933,0.011596680616541538,0.005233958420039878,0.012454659641997759,0.0034800374861158607,0.0013059042854134872
2104,0,taiwan,random_forest,shap,0.0017183210159303307,-0.0015166087835179157,0.00037400379661725624,0.001208997783945106,0.0007008102801970971,-0.07507926303326234,-0.026721229443015793,-0.012632676013639477,-0.010878403508924684,-0.008328311260983939,-0.00840585421387825,-0.003909364225845935,0.001615228044719948,-0.0020467615590755443,-0.0018790252679413394,-0.004198852718863929,-0.004136833691526943,-0.01874215618951345,-0.008707584516920228,0.002666500072966818,-0.010743238485248318,-0.01057394775804139,-0.009202560419515077
2163,0,taiwan,random_forest,shap,-0.03353900317827352,-0.001492711826408435,0.0002908215286130525,0.0008037496379403968,0.0007372074005842182,-0.07700812417300788,-0.023945972057224398,-0.013137405231425002,-0.011608387565960578,-0.007619844821241878,-0.008739097062808824,-0.01021865287169007,-0.0022380018762287682,-0.0035820942852425766,-0.0014650674160651591,-0.0064732323191387395,-0.0009900248449914654,-0.025585732133325073,-0.021628956877737252,-0.019606452525527552,0.01868401479957744,-0.010136382422267122,0.010741929006340828
2183,1,taiwan,random_forest,shap,0.007826983245635587,-0.0012801823722709477,-0.0010180529609470433,-0.001176608066530932,-0.003627633151980567,0.05472081178437032,-0.03131258809850506,-0.01489846407071748,-0.011420886861763513,-0.00626928802593833,-0.005448405508150198,0.004569886831558777,-0.0036828863165404018,0.0016361957672073732,0.0012636358051468807,0.005583939280858738,0.0016932608757892643,0.03746218601353566,0.02254288958634527,0.022137905090776906,0.020038572134253873,0.0109450335256771,0.014596672524176938
2193,1,taiwan,random_forest,shap,0.039141271890822074,0.0013088345021995298,-0.003569338048119238,-0.0011806339020972072,-0.001647291911849564,-0.05687155457205195,-0.030463987148700168,-0.012200141297604845,-0.008623238369116973,-0.009721676693750814,-0.008600774088025157,-0.0019365788386994014,-0.002979334042587961,-0.001967602355210711,-0.00271099960354235,-0.004935142968970479,-0.0038557991277732985,-0.016646140358724203,-0.00872214289623008,-0.010488151861417125,-0.020766129356614163,-0.008651181024590894,-0.022993390181769664
2208,0,taiwan,random_forest,shap,-0.04452169699467832,0.0013888732690571196,0.0011456025341155544,-0.0006615216630645921,-0.0016641363957579616,-0.0775647833380521,-0.025929133208470897,-0.01444390499874611,-0.010530116917183276,-0.008414455628631464,-0.008651896817340039,-0.011408509902359736,-0.005716972487392724,-0.0044669141591713235,-0.0034466110438919353,-0.005741749579014967,-0.003145718154849164,-0.010455434003133625,-0.007818207652842791,-0.004218155511577291,-0.007005593076621178,-0.004078174499986715,-0.004032017636421802
2319,0,taiwan,random_forest,shap,-0.026729348448321793,-0.0004693594828595665,0.0008418305971853857,-0.0008669866833569237,-0.002033903636907842,-0.07374711158227647,-0.023661968406802306,-0.01294964554112106,-0.00961976673771883,-0.006824955880942651,-0.009762586297079136,-0.011838525493255312,-0.006579204212712628,-0.005214494710138035,-0.004197137731977757,-0.005391774585150684,-0.004219629157576743,-0.030572458435888152,-0.04547854362517204,-0.015436706166935089,-0.01774799068925925,-0.009402086681843834,0.013000527021772429
2382,0,taiwan,random_forest,shap,-0.021210741522282982,-0.0007822660507662804,-0.0015613007391112766,-0.0010306565654545075,-0.0026171492292912896,-0.042858383338114266,-0.025859431010608124,-0.015464591013231919,-0.012750031689107563,-0.009070019734250073,-0.006803873678518969,0.015234372230153241,-0.00011431199759189245,0.0009667463288049847,-0.0016330462791737256,0.004424034522396197,-0.0031184843757058253,-0.015131712427429863,0.015288862435992076,-0.006896182305677138,0.004921881234187651,0.002036594868906922,0.004700410968322117
2447,0,taiwan,random_forest,shap,-0.013469463180568152,0.002315412918014065,0.000157734735522955,0.001293922706766995,0.002789949276796347,0.026971314286528755,-0.03956066715604349,-0.017784494376700526,-0.015820108593300245,-0.006320590301518187,-0.007902728897393898,-0.00046999994281586425,-0.010012538941073162,-0.004649491989847043,-0.004856504112643977,-0.0004544656555995194,0.00035376261387067237,0.0293663918078364,0.006368999347149472,-0.015254844180852618,0.006917987612050714,0.00969643585100376,-0.03716358351806343
2553,1,taiwan,random_forest,shap,-0.01780608944510111,-0.0010627165489661206,0.0003469598039086364,-0.0015291283703224056,-0.006590143924641693,-0.04493242204043514,-0.02631454366595918,-0.012949320497032927,-0.011500386504328091,-0.008089836155534033,-0.005228564469449123,0.020665313069896076,0.003015023944579479,0.0021266809207598405,0.003380245858887744,0.006418273854081547,0.001266040628029525,0.04858504329821887,0.025730045521284838,0.025885340583443738,0.019347919412719503,0.010218600277245816,0.016327335736033344
2588,0,taiwan,random_forest,shap,-0.0031582302888990338,0.0015088520120349076,0.0007510779587339907,4.0029447306609856e-05,-0.001165213586786515,0.038913560183186806,0.1253160916654462,0.07820583820557261,-0.004657253337283281,-0.006544386825144883,-0.007406364965132039,0.002555483525850491,0.0034984764546985955,0.0018541104172147575,0.0015085133003890309,0.0005068209411745601,0.0017265739838040407,-0.01617898603764711,0.02677825197667833,-0.010251838612325417,-0.01337430045041157,-0.007375549754966891,-0.008230392467517507
2604,1,taiwan,random_forest,shap,0.024822413263692496,0.0006746037757824146,3.279944962663677e-05,-0.000658779555972006,-0.0019468923969587406,0.03778301060445262,0.08881848538989622,0.06430721437398339,0.057940439867095135,-0.005972136032077144,-0.00717894832635529,-0.002679322388327075,0.003085587267388848,-0.0005123950906588904,-0.0011916388149927429,-0.003179496200982204,-0.0032027133828033453,-0.004173463111536615,0.009003626514113763,0.014047256447506118,0.0044973873892110465,0.00346975091790629,0.007494131308911114
2611,1,taiwan,random_forest,shap,-0.03490419528440175,0.0002981359009109377,-0.0006381496530637171,-0.0016806174853033437,0.0005667838915477667,0.024563579075846047,-0.034574068847470066,0.049245608469843626,0.0596776616849418,-0.012478308436449871,-0.010280165431485121,0.0017880730558422259,-0.0034196805785300034,-0.014029852957130827,-0.00431958047035154,-0.00037703639620681847,-0.0039894961088727515,-0.005753308480214442,0.019841430718908197,0.02104086187292991,0.005458982396837511,0.0029089989925223892,0.005895198329449116
2626,0,taiwan,random_forest,shap,-0.031647260758703284,-0.0006880077900501034,0.000874086084711697,0.0007027400098003879,0.0006875302359735971,-0.058722006324039476,-0.03022889543753605,-0.018840726337151153,-0.013983335251296043,-0.009685598660712854,-0.011535758464853814,-0.00885988893812521,-0.00612646063039321,-0.005574885024419055,-0.003802401182533868,-0.006721579489007686,-0.004618610955054789,-0.024667473487045975,-0.028367969784976705,-0.02421108511063246,-0.01803930606370157,-0.007110389658387389,-0.019373150604040414
2647,0,taiwan,random_forest,shap,0.006626653501996195,0.001721197132510316,0.0012417039110961495,-0.0009157829636061578,-0.0017524491105773293,-0.07900292259701036,-0.026198315104934446,-0.01508855957527521,-0.010566754717810148,-0.009616020351633576,-0.010289496274967681,-0.007076337479723109,-0.0010799257169040396,-0.001781754736557576,-0.0011431412409910642,-0.0046159688292762195,-0.000593439485242008,-0.018166638715080966,-0.020058377409440577,-0.015222183065436443,-0.016210936521828,-0.012620257207099785,-0.012415051081099554
2663,0,taiwan,random_forest,shap,-0.029823355024433427,-0.0005975031070031443,-0.00237117553858745,-0.0011697865352182297,-0.0027924832202719536,-0.07176093280968975,-0.02116053225793913,-0.01311238695416516,-0.007416248835737391,-0.007219274783653807,-0.00842587354267689,0.0144095923628322,0.019578065488028863,0.011954448742164473,0.004377021584719795,-0.004149929845942282,-0.001524066700078576,-0.02079049998165553,-0.025023562923457556,-0.00977353983748591,-0.011419569129158735,-0.005982333566986857,-0.009925987202285871
2668,0,taiwan,random_forest,shap,0.04342840704864774,0.0016732485519968955,0.0007511959741183923,0.001182907222680397,0.0009313281825642728,-0.07165140128049477,-0.02501632541047552,-0.01468171068083656,-0.012449353439068387,0.056873310729644876,-0.010578708885990223,0.003762003869067132,0.00020762900850288674,-0.0009346422260161659,-0.0031919784107367825,-0.004511915665647549,-0.0034254805794434956,-0.0018743064287712343,0.014443059474841861,-0.004428565629106575,0.01450108110279553,0.0033576638641524634,0.007392218036022718
2761,0,taiwan,random_forest,shap,-0.019513514020161393,0.0014404968175632492,-0.0018702552980143052,-0.000902372388927957,-0.0014335848324904005,-0.07735489413714662,-0.024478909687988246,-0.015198017197559385,-0.011373559339963603,-0.008882413211850916,-0.011063050861840038,-0.002593650713679819,0.002086401325196543,0.0004585420256236039,0.0009644930152084543,-0.0034299282705512906,-0.000238265035112285,-0.021116089564791756,-0.021191899236357448,-0.013931456496690838,-0.01623457696079236,-0.01085935853941059,-0.014257557130125185
2775,0,taiwan,random_forest,shap,-0.040000281954671764,-0.0011371450677809501,-0.0023757345428472272,-0.0007993147559752775,-0.0018600867544859758,-0.07965056700269722,-0.02628295834934144,-0.015140852146394379,-0.01170783437516403,-0.008565293085680771,-0.00805394447299185,-0.011028594706484823,-0.005305647865668612,-0.004725633998369021,-0.002628769001528242,-0.007336267483129848,-0.0034468066704085734,-0.01113352371836555,-0.010367767000251556,-0.005368657355376829,-0.01295175387806623,-0.00514922605790984,-0.009283599885147662
2799,1,taiwan,random_forest,shap,0.020151368597589085,0.0005809866348055854,0.00043436511113286526,-0.0010483441266945295,-0.0005886064828974171,0.17491737087786183,0.08550690449213791,0.05443044180763334,-0.007646078965666889,-0.00468711412792353,-0.006355640012889434,0.004335431651813486,0.003365552246139239,0.0032228402628714614,-0.003561350788413157,-0.00258863532235127,-0.007829082419832593,-0.0023165424053691827,0.015672920055026174,0.0013689307049986848,-0.006395912796267321,0.005383241925298612,0.007814986351578733
2839,1,taiwan,random_forest,shap,0.004175174869293246,-0.0002976409410847534,0.0002113835677917206,-0.0015294288204389043,-0.0019867779125683637,0.17576209544761212,0.06900586626703706,0.047442365873423424,0.044469760781828994,0.03928660864626408,0.038298768781404424,-0.00045668056815625815,0.00019131863723117484,-0.00044468964726910974,-0.00015098400298424128,-0.0012462926721327787,0.0010434256561588687,-0.004253790086666771,-0.006355927845573586,-0.004255614957466981,-0.009458691947496796,0.00416675563708214,-0.008130502378400673
2959,0,taiwan,random_forest,shap,-0.018324082689208116,0.001466737511792684,0.001149582921506338,-0.0008706812869028719,-0.0018924711437572877,-0.07434108607292582,-0.02493228401033443,-0.013999767149922205,-0.010609938348546137,-0.008060834885711812,-0.009661739905860329,-0.0017981409890465469,0.0014419376384980237,-0.0031807688225880025,-0.0024222238553727737,-0.005595367097374726,-0.000754973608901875,-0.021555071729641048,-0.019292439801823737,-0.0123217699947302,-0.014135289708406303,-0.01942674762367209,-0.013283451491251085
2960,1,taiwan,random_forest,shap,0.008673311054552815,-0.00029221254432403856,-0.0028760935486546618,-0.002043701628426701,-0.002578432026914387,0.18120925065565094,0.07144922053875875,0.05297994693869848,0.050641840802126525,0.04095077341409454,-0.010737009266291111,-0.0014526614722890408,0.0018937832779647164,-0.001247013447016113,-0.0002014015473018124,-0.0031979622538243005,-0.0006647139337409593,-0.004384214610698099,-0.007177303686896533,-0.003507679754301305,0.007355741530284244,-0.0013469554025814464,-0.002352410417158809
3033,0,taiwan,random_forest,shap,0.032780618543706765,0.001255169801690418,0.0007938978702646022,0.00029226657880902015,0.0018660088115711056,0.041607231352986454,0.11193381926833869,-0.006178009283816367,-0.005157807029852674,-0.007402722627929482,-0.007326586953344044,-0.0003099738230791541,0.008303950385077972,0.001513208543376843,-0.0015667315866001816,-0.0008541068016803989,-0.0037792268564009347,0.03875041721142602,0.012326423587017568,0.00028271557906946274,0.005386520083970276,0.003469408516949371,-0.0017096606512340385
3108,0,taiwan,random_forest,shap,-0.017376788538213714,0.0013824902837235107,-0.0002942629089530002,0.0014418768480759959,0.003460524950928464,-0.04577214906868723,-0.02484055497567863,-0.012804329585958897,-0.01081031578645115,-0.008099510995357901,-0.005246647131360707,0.02256129977026007,0.004412948476142407,0.002883050887679056,0.003939083567797128,0.006295695300620574,0.0017154891219043544,0.0502845834364209,0.02633942981410421,0.027106156241531336,0.019486758940259998,0.011080900863922891,0.017207676456363983
3230,0,taiwan,random_forest,shap,-0.04082622618409671,0.0008110390747861674,0.0010243750664730917,-0.0007486733154500698,0.00036440949764771926,-0.07467676109598155,-0.022970353409089664,-0.01342719326345725,-0.010100948322605198,-0.007426067654943635,-0.009551246492815458,-0.00966573290477888,-0.005403687808625067,-0.003768256257496353,-0.003245838914835316,-0.005232770863164843,-0.0036629125136881475,-0.007572673285419374,-0.02039077906180448,-0.015120268651357903,-0.01743174461847313,-0.01327199164386218,-0.0177475555671271
3252,0,taiwan,random_forest,shap,-0.017897562145429622,0.0012120229782620854,-0.0010341419946199018,-0.001271225692903871,-0.0045489379993771135,-0.03603332293233567,-0.023963466227886764,-0.01597757131887151,-0.011743018479076486,-0.006358877399262426,-0.0062870303006123075,0.01492084589662919,0.0019643570728977823,-0.00038663491724449326,-0.010066773571512111,0.002387311005609115,-0.0020268853491565856,0.005920386011387152,0.024412113373991018,-0.03475888982843706,0.005730220125819167,0.01061749021606647,-0.010668434124218683
3287,0,taiwan,random_forest,shap,-0.030497665196287854,-0.0007727489163348223,0.0008300569637605148,0.0007502305075579465,0.001088890668891807,-0.052707531880591865,-0.03219343863044873,-0.02123577886607752,-0.013379122972177276,-0.014757424276864916,-0.011154995210832927,0.0006932201124713334,-0.0053151698353903565,-0.002354185030745251,-0.003012404578761819,0.006903547821374127,-0.004981468341157711,-0.026582597044179798,0.013687596008613695,-0.010829697970779062,0.011740918841939627,-0.014530981976922142,-0.01128806040117526
3371,0,taiwan,random_forest,shap,0.017170909315323144,-0.0014124387660392522,-0.00040641298273492305,-0.0006472951023043914,0.002893311679816043,-0.06106177821755389,0.11877315297625192,-0.027070629523517874,-0.005028494291004968,-0.0076539176395261106,-0.008867075036514377,-0.002365870061184455,-0.003944985583825725,-0.0037866550727380537,-0.00374021765033313,-0.0037838769849169304,-0.0063355437801486045,0.04321398857521358,-0.06817249764632062,-0.006902447262620007,-0.018080545903059575,-0.00019747143135878686,2.7423872965209358e-05
3747,0,taiwan,random_forest,shap,0.043663328323102275,-0.0009011986317703768,0.0012961260601492802,0.0009458337851782518,-0.0009713054467525552,-0.07173829234635025,-0.024585009080270923,-0.012287634697972146,-0.011014567264640335,-0.009732438846822249,-0.008685058774476038,-0.007037506973298755,-0.0025954309365907573,-0.0016598824655068372,-0.0027676718306759657,-0.0035230128670857884,-0.0025001870620929272,-0.00653745787802003,-0.0038413641186815827,-0.001872743685521065,0.005485936352048875,0.001521625719094534,-0.001422858963322538
3764,1,taiwan,random_forest,shap,-0.03404404832061336,0.00047197886517070446,-0.0014127543233044815,-0.00139434522235585,-0.0025893574536335717,-0.05332789352415868,-0.030946436732331748,-0.020445269798258604,-0.014838700065417196,-0.012714704631845928,-0.010677696896039195,-0.0006978207461028019,-0.0024965487327840595,-0.0013504102117066791,-0.006679026956842236,0.0032439169662898592,-0.003066810927263353,-0.012080649396964922,0.013385064283379091,-0.024507480371215043,0.018747968259813317,-0.002373536497510818,0.007902137433154738
3811,1,taiwan,random_forest,shap,0.008871939083017914,-0.0003081317246716432,0.0021112274313754916,-0.00098147214967484,-0.0025619707730942833,0.20168482031802165,0.09086214841338824,0.053427757798457216,-0.006310284144070381,-0.00959330525884322,0.034831206646113826,0.00010883062084098264,0.0015003869221636803,0.002311482169237581,0.002592886796289232,-0.0025195339204367355,-0.00012960862281632916,-0.01052128687030672,0.01397700939751882,-0.002604757693628942,-0.006794078343332255,-0.0012439479394047335,0.004552220872531403
3815,0,taiwan,random_forest,shap,-0.037107292700302726,-0.0012347688315699733,0.0012881503207779238,0.0008315361670108787,-0.001066037437550506,-0.07934846045280557,-0.026243682189124835,-0.014565538307547912,-0.010922006915021508,-0.00816995824985765,-0.009170179611053259,-0.009313710228850287,-0.005159578337603749,-0.003154125566116276,-0.002719595665297417,-0.007256108412592222,-0.0033566644410023576,-0.014374847479499422,-0.012045489364712331,-0.007734413240050429,-0.012538174959698315,-0.005311797351197967,-0.008232232888801677
3859,0,taiwan,random_forest,shap,-0.017739275860488662,-0.0011775806789404491,0.0011046222110434442,-0.0009067353649785555,-0.0020762767910997176,-0.07688852478312314,-0.02462800007910488,-0.015582078072626914,-0.011684447974045546,-0.00809025859793236,-0.01049466990733495,-0.0005722248129324255,0.005326255626724691,0.0016809477273454594,0.0007167028391034205,-0.0032449086532998464,0.00014068280223643166,-0.02124487167315026,-0.019502485166548955,-0.011429568945545518,-0.015241592617898663,-0.010729167553988655,-0.013679035076944924
4000,0,taiwan,random_forest,shap,0.026859732286610264,-0.0013754499063049703,-7.977593948522649e-05,-0.0006823643355679272,0.0020093251466372112,0.040652169608149394,0.11290041553751683,0.07052808123431539,-0.0075164660751536215,-0.0054133584553243165,-0.007361050071358927,0.0026511046891582496,0.003924502403618966,0.0034425243050245705,-0.0004693297974655508,-0.002325861018889714,-0.0015989242112156722,-0.005207568271709327,0.02489110991520397,0.004548107175926525,0.003270102458673035,0.0028159058051938583,-0.001719649815459743
4028,0,taiwan,random_forest,shap,-0.015600896509655562,-0.0009568626455006302,0.0010906136539893514,0.0013134597362758082,0.0023624023614637036,-0.04724105569186427,-0.028989964397345067,-0.016098846833568634,-0.015797330438787328,-0.012553026027331866,-0.009969799231127056,0.011326832923001106,0.0018694739548966452,0.0024414461020271284,-0.003773206891614506,-0.00857859053290687,-0.0008728343248546823,0.008671427840521048,-0.0047661877456750615,-0.013576767698458815,-0.02230400243589817,0.006091178229176905,-0.0008662353561424727
4066,0,taiwan,random_forest,shap,-0.02490860818963415,-0.0009267109455957114,-0.00257510724964825,-0.0007980871286330609,-0.0019110374071069716,-0.07243494836793406,-0.02177458553015791,-0.012211734807151852,-0.014129153656919994,-0.007934670767101174,-0.010335284070405333,-0.01117803298921077,-0.006405135761904454,-0.004559731493910066,-0.004842345282411063,-0.005206846889667117,-0.0044262514640265645,-0.018967771627628367,-0.017427725299271255,-0.02230012505288546,-0.017714891432936503,-0.011807760951728948,-0.01266616096203801
4088,0,taiwan,random_forest,shap,-0.040558131697338316,-0.0008842769653737536,-0.002673148412915183,-0.0011964574993531085,-0.001826198603322255,-0.07337758980335883,-0.02244938530717933,-0.01393619399956026,-0.011842348664846578,-0.009379057314638556,-0.008579365649564522,-0.012488766256561772,-0.006878485194751631,-0.006190036222771225,-0.004038272607252111,0.0020477460216609773,-0.0043283203817825406,-0.01080854685246138,-0.014580336421890747,-0.00038246984771962174,0.01273463033823098,-0.006559251475902225,-0.016797802639748817
4096,1,taiwan,random_forest,shap,0.03939672465782675,-0.0027561759679416704,0.0005956260383229861,-0.0018998756499316123,-0.003720109792691936,-0.08119328674931157,-0.030118586687161584,-0.018939562727759426,-0.01327556472324635,0.060301055467890385,0.05307958165267903,2.887875521709845e-05,0.00027020344003199516,-0.0009581579120971182,-0.0015525057490060534,-0.0026298758987695283,-0.0015381346000177384,-0.011509781970094194,0.01057857430951583,-0.0016894696794109575,0.012846286728188154,-0.010720911478621713,0.006564293528016337
4115,1,taiwan,random_forest,shap,-0.028388261993280508,0.00275279164978944,0.0002762656767119223,0.000649746430083075,0.005381200436013883,0.03840082725406353,-0.032832919764233276,-0.018416276392580568,-0.014866803486250753,-0.010382640234270308,-0.0058598874780710665,0.004661723497738148,-0.0021055894161089183,-0.021380021821335235,-0.008235231910575312,-0.0029106623334834917,-0.0022106708179635607,0.037967184405431655,-0.052660658986631005,0.022099336178294408,0.012575062560034267,0.008242260240966193,0.011608522968964433
4158,0,taiwan,random_forest,shap,-0.04991666330021356,-0.001088524311218831,0.001269803779282141,0.0005069403827568266,0.00047520089708139653,-0.07423988263372754,-0.024023605135678878,-0.013977712866727558,-0.011123085933805494,-0.008131494135928095,-0.009188291283276794,-0.011755867553249456,-0.005907389700537843,-0.004167268977303232,-0.004171634588544492,-0.00622434630284835,-0.0022015388117388327,-0.006347663861854421,-0.00255548043670853,-0.002846748564825973,0.003730153007683878,-0.00013300439380943183,0.00030470542204472
4186,0,taiwan,random_forest,shap,0.006355980491275554,-0.0022221652425118564,-0.00032103515125252456,0.000846279216795515,-0.0011911722046033634,0.022953224817316098,0.07777601411363289,0.044318461030413474,0.053503302820607446,0.04651303576474244,0.042919169294870434,-0.0026194092159721547,0.0033684531020937904,-0.0005062601567026468,0.00016475704929080873,-0.003343805471790063,-0.0008018120593816735,0.020770572636436332,-0.018504281013531694,0.010072785695240314,-0.014080644198638621,0.009331822671068817,-0.0014363701216251357
4238,1,taiwan,random_forest,shap,0.015512990124675628,-0.00026412846478420193,0.000747504407996991,0.0012675512713920891,-0.00010304796530197815,0.18632994333206837,0.09026081799076835,0.05362070206578948,-0.007031030863252922,-0.005022475878556636,-0.007211571841066072,-0.0021886773061947913,-0.0013426180523397092,-0.00245827100329579,-0.002110133184671821,-0.0027234510873995698,-0.0029410138821318655,-0.0011314365127883532,0.0139849091282871,8.268314495138581e-05,0.0018296729562742346,0.0023543781054513034,0.0022864501689388106
4345,0,taiwan,random_forest,shap,-0.03275430462804903,-0.0009019525854596981,0.0005278892313312634,-0.001914885468632122,0.00010905271287260255,-0.05622283702367609,-0.02746874460122224,-0.018514944808129312,-0.014141306706619741,-0.010035610847056063,-0.007384282547073817,-0.01799133675313058,-0.008091095924031325,-0.001081071932117088,-0.000247774941816824,0.002271985558986561,-0.0010653639658109392,-0.04069909098182149,0.027658234364126916,0.01912049408654149,0.01448459986605251,0.005841115671433845,0.012492696163018402
4424,0,taiwan,random_forest,shap,-0.03437786159524908,-0.0005957347747634517,-0.0018257929161136061,0.0009321207861949933,0.0018036650847875915,-0.047114391333621074,-0.029504299525889767,-0.01640102151742796,-0.014738161965839608,-0.013112616135656802,-0.010265054831554238,-0.003445142540090374,0.002183793403063741,-0.00033315646611967506,-0.007895871089468768,0.0027100751123108184,-0.003735792915609093,0.017530824327607126,0.00982486761036825,-0.024717173593655255,0.023173648788552697,-0.009359918634631896,-0.0011831550431183366
4435,0,taiwan,random_forest,shap,-0.017228767023508063,0.001283002989469904,-0.00019466490224786376,-0.0015583086716925317,-0.0021428652852212723,-0.04541437889127756,-0.02576520189083553,-0.013288197972217083,-0.011218086511630776,-0.008502482844347303,-0.005113188127156372,0.021260423225537294,0.0035423794199630075,0.002163633632918257,0.003541658083782159,0.006270734048760036,0.0013810878832602857,0.04976945981373906,0.02630362000720833,0.02616179060908936,0.019384598192232313,0.010851527096589302,0.01690756119517226
4496,0,taiwan,random_forest,shap,-0.019910850679481826,-0.00042084304886465045,-0.0005564726790991551,-0.001072061577668641,-0.0021866960305241996,-0.05427259416762051,0.0902199709421034,-0.023088286789720105,0.05679282209624204,-0.010788564920847545,-0.007713276294984601,-0.0005058059717112783,-0.002440317202681019,0.00015685442089952639,-0.000547894310344855,-0.0019292847981357915,-0.0013282443602469737,0.0386543896694949,-0.010992516565140015,0.022768774136855366,0.0073866849847353715,0.008747486034520656,0.009837982489091016
4499,1,taiwan,random_forest,shap,-0.028939039675081445,-0.0011580373279564086,0.0010338893877255288,-0.0009138629867906976,-0.0016564925007346801,-0.07826749285933819,-0.02508579317492275,-0.014810952696260947,-0.010292904918112846,-0.008715266914544257,-0.009625799860381637,-0.0022746304631541337,0.001994196126913317,-0.00033079799203235353,-0.0017882475453269212,-0.005180359913093828,-0.0006522982250212087,-0.02124954749084761,-0.013885705980812074,-0.010543035123239761,-0.013865639145743307,-0.007405883599052492,-0.010879802266001964
4516,1,taiwan,random_forest,shap,-0.03093923171957265,-0.0008059064943545765,-0.0020895427872651266,-0.0008731922260077386,-0.0019003095494225192,-0.07126214689065032,-0.02396995223518043,-0.012107763090151727,-0.013774788231465586,-0.010516390099136222,-0.009393891953502658,-0.011158724851704101,-0.006219530197321249,-0.0046058547499117156,-0.005609883476228264,-0.005895023474449024,-0.004614023118951683,-0.033665209886521136,-0.01923600583544111,-0.013799223881526258,-0.018836546284383745,-0.008639605612369221,-0.013145312923544745
4562,0,taiwan,random_forest,shap,-0.03422718926696841,-0.0009031762790948233,0.00028214786033479294,0.0006104509576209251,-0.0010087429206074691,-0.06713124637193542,-0.021708160186152962,-0.010884962684893237,-0.009419781256720472,-0.009052615421072595,-0.008905524093974665,-0.003785159053761351,0.0020675646617943602,-0.004741048384326147,-0.0033835020751256735,-0.005597051644561572,-0.0036872101149662798,-0.034291078664108854,-0.05084073927934922,-0.02745356325291631,-0.02254664493978593,-0.015976454783890464,0.011140898986828138
4593,1,taiwan,random_forest,shap,0.006403628216148618,0.0003041148840229,-0.00012185199722777058,-0.000753695384217445,-0.001003671470953508,0.18215972695577903,0.07261104036615136,0.05003757125747996,0.049748659493685725,0.04111889682200946,0.04081369183501968,-0.0015044552241467632,0.00042183742649795283,-0.0020795973086232475,-0.000387104220201531,-0.003027366936379625,-0.0009722349193121897,0.0003476182529278004,-0.003523986142112868,-0.004112341164636825,-0.005631026761548495,-0.0019100453780398832,-0.003221442553259398
4625,0,taiwan,random_forest,shap,-0.02540999847671172,0.001182292061277461,-0.002372816405587691,0.0007966534016343246,0.0010420387656572842,-0.07867759459079288,-0.025246135495915815,-0.015249518434192595,-0.010976717084725628,-0.008652922306794278,-0.010159791461097457,-0.010897473042574938,-0.005809737903283982,-0.004509556110251118,-0.003669856320867294,-0.006511657949698641,-0.003148669199458377,-0.008316562852322686,-0.011627555162747528,-0.01559804407650002,-0.014633414940442546,-0.009368399837654966,-0.009513885247578064
4644,0,taiwan,random_forest,shap,0.00018356009257538034,-0.0021078974698877334,0.0012339400977037377,-0.0007842314722725776,-0.003259639606801521,-0.07631985204609924,-0.028134083204202957,-0.018862065989810776,-0.015484691238759146,0.06414661145441793,0.06080531298813356,-0.009265870093670968,-0.01801162094064531,0.003784598843623448,-0.000859775494067189,-0.0013150603357765598,0.001487869262247334,-0.016402633147041438,0.021201815280237422,-0.01509675983368777,-0.01089311618700223,-0.005109854180134175,0.00407775040050988
4745,0,taiwan,random_forest,shap,0.033651887754796904,-0.001472021344953553,0.0016231958269657515,0.0009449125439330551,0.00019326538783169184,-0.07622213996436392,-0.025889775407715174,-0.01401155956567403,-0.010117411694692574,-0.009450044954797444,-0.008782917589102731,-0.0074828827905838,-0.0020305926072434178,-0.0012932943272517682,-0.0004873501049226691,-0.006251721770798204,-0.001963488691824591,-0.007369873675647772,-0.0109505174741311,-0.007532963030396101,-0.01289738540653724,-0.007178625048665735,-0.008225076217430558
4816,1,taiwan,random_forest,shap,0.013066308820559262,0.0007928214989221532,-4.315056102142417e-07,0.0008037246413292423,-0.0006879804743312747,-0.07735447687730168,-0.03582363333247165,0.061788405921985444,0.08253166508891092,0.07155823419394251,0.04886340804532583,-0.010555141436389432,-0.003962840787394561,-0.00014440258087918695,-0.002991924556064988,-0.002776927573424165,0.0006469192536337334,-0.009327812135935292,0.010264779252125662,0.011397500017325812,-0.016858640408100582,0.0016947943969401942,0.0006652509292006244
4871,0,taiwan,random_forest,shap,-0.04276393433126974,0.0010716121054498908,0.0009362293063674374,0.0007403113182378428,0.000812294098290631,-0.07173715993007478,-0.022077968173906885,-0.013164413509444995,-0.009213051998551013,-0.00729981067373868,-0.007873614911133732,-0.0026899060284685606,0.002747566772525353,0.002489029656598388,0.0041237748886561836,-0.004290522450082203,-0.005140389206619669,-0.017065156326290805,-0.01680725458102633,-0.01224740300669032,-0.01477630731448491,0.003602280824229269,-0.024524001242209794
4908,1,taiwan,random_forest,shap,0.004095553234352323,-9.899685653542246e-05,0.00030225361380594443,-0.001418721307778616,-0.002502107981632508,0.1850574507783804,0.07002438640455318,0.05276208031259883,0.04845292892446972,0.04267875772076534,-0.010982181956408469,-0.001526525712879406,0.0013378659991401573,-0.0015197501066721208,0.00019072221888100246,-0.0010142479228061408,0.0013335625404905544,-0.008013740926818556,-0.013793780327277448,-0.005318932960971257,0.008260825574083487,-0.004682618570689915,-0.005977095567097533
4964,0,taiwan,random_forest,shap,-0.03438807892974167,-0.0005204386247141072,-0.0015567594991653154,0.000686559390330675,-0.001495536539486905,-0.057670246333726874,-0.03142230871651616,-0.0187602159172559,-0.014577476440761569,-0.012761380931829738,-0.009825000823094562,-0.0022032746161241585,-0.002328783141387034,-0.0038584772082960617,-0.004452365794040403,-0.011925159504523152,0.0022445929047985244,-0.012079928977130578,0.01750352523257728,0.022408816830645897,-0.026976861936389332,0.009273274862586396,-0.02638287615302037
4976,1,taiwan,random_forest,shap,0.019482187076144807,0.0016536356150735846,-0.0010499039210046703,-0.0010899318559893776,-0.0020479209512147155,0.11632106934651543,0.061451344069447536,0.037632275750418394,0.034320004209792525,0.0328377289604757,0.035079710709936075,-0.0005085789227402632,-0.0034110047291127273,-0.0039636760959434894,-0.0014027220681791118,-0.003914401673172291,-0.014293069514260294,0.015356726792123219,0.012720016493949575,0.01142792945712497,0.009467614704210864,0.006640510001151278,0.007169886694768446
4979,1,taiwan,random_forest,shap,-0.018085519748896037,-0.0010497051467691504,-2.2700611014539044e-05,-0.0016275074599149968,-0.00684240797296262,-0.04470855013652894,-0.025422496212036794,-0.012132439518470813,-0.011080880911660311,-0.00804413958163369,-0.005123707987534844,0.02093170088968012,0.0041861101556528,0.002092258992094824,0.00343577058274081,0.006351117918847028,0.0012075716703746362,0.0497154349441399,0.02615707482560349,0.026006392003249123,0.019695711376131263,0.010718718403003239,0.016682591069361492
5038,0,taiwan,random_forest,shap,0.036139330989435704,0.0006482478629305547,0.0003300806627979727,0.001488574340027949,-0.0016862721414167164,-0.06817575106637667,-0.022233175782433404,-0.012861449760247464,-0.008498361880001571,-0.007477550234380376,-0.007081075161734246,-0.008325182652799426,-0.0030377580127156924,-0.001920150690552445,-0.0005678565492162848,-0.0035694254414907057,-0.0022887631501576603,-0.00973623679568827,0.014993531545188008,0.0021537050339849872,0.007870864698545144,0.0034994733632004197,-0.01713500699185566
5064,0,taiwan,random_forest,shap,0.012184067566586047,-2.0855210538658098e-05,0.0014794469572586232,-0.0007293842123017168,-0.001369305350955258,0.3168125063359322,-0.01294180242045545,-0.005097083584564008,-0.007479525047849177,-0.006368349354654456,-0.0065152883938728425,0.0033098564796306784,0.0019103623183716638,0.0008762386943587553,-0.0007453918667952485,-0.0026432221353888323,-0.0016887137138737222,-0.005811762292034788,-0.0050855912376185815,0.0014733140955380441,-0.005709637362401741,-0.0030842109583759506,-0.008802862605971554
5089,1,taiwan,random_forest,shap,-0.0011224190624769953,-0.000609786478374849,0.00022159319029545506,0.0007073618708997591,-0.003070602219540467,0.18102812886600117,0.07758144860518364,0.05378193860352329,0.04755370666874644,0.0420855895142473,0.04171242073195538,-0.0013783465853438271,0.001065794245649554,-0.00019749213987876058,-0.00011169517840756447,-0.0027621213705403555,-0.0012017408698394687,-0.0008412364003989312,-0.004138703819861929,-0.0033613105125029547,0.0006584895663221362,-0.005326739832590139,-0.003318396787644309
5263,1,taiwan,random_forest,shap,-0.030746163773820046,0.0011925558099222491,0.001109674218174121,0.0006181611844026053,0.0005767771398097857,-0.055022682329910734,-0.03351011248790758,-0.0197238899831167,-0.015890741125636716,-0.01274265442007256,-0.011521473447368952,-0.00017019852325796356,-0.0031451497628773397,8.911864027844914e-05,-0.003009622576226291,-0.006981583712057931,-0.0038294002540175927,-0.016043410215772838,-0.0016127461691548414,-0.011534524616992987,-0.015638056904093964,-0.007566857421645404,-0.015243585061505626
5306,1,taiwan,random_forest,shap,0.027036281339269146,-0.00046449231989904323,0.0008373993581366469,0.0010175106914308565,-0.0003135428226990771,0.23975509411368162,-0.014744355642491066,-0.0054769974610691516,-0.007510820526676885,0.04933837579540423,0.042355308001050196,0.004793645965695809,0.002590200288539329,-0.0008262728757221995,7.492493519973596e-05,-0.001458569961612558,-0.0003986398492807972,0.000952889267463748,0.008195525608851773,-0.00448223004328032,0.01025974067590071,0.0005526860126712313,0.00569080496087862
5377,0,taiwan,random_forest,shap,-0.02540618819907727,8.091898196234798e-05,-0.005081608919678152,0.00047651517069513224,0.0015395806976203914,-0.07153937607695207,-0.017532495032894637,-0.011669196107372753,-0.004995621699757577,-0.005492164227651494,-0.006336706754886505,0.012445847600205354,0.01316202267403927,0.008154097894919115,0.008292930619858252,0.012984688535445424,0.006713211274292005,-0.02006416204585205,-0.02997634340253617,-0.026250860428581012,-0.013763597770693041,-0.015044091141188785,-0.016871179323996118
5396,0,taiwan,random_forest,shap,-0.03722415224159162,0.0005346083928497024,-0.0012006260105986485,-0.0008358273289241838,-0.0018737543176982226,-0.05549707479780721,-0.025562903108865907,-0.017040084926482665,-0.01135494389208217,-0.007043227314748918,-0.010356046306589522,-0.010688766697570743,-0.006766428519043274,-0.004801856614494792,-0.003782781161052703,-0.006892618480790888,-0.003812886599523664,-0.03243799364489212,-0.04320692801730951,-0.024720691367903783,-0.02111992540730469,-0.01693965542879893,-0.01985836473826213
5483,0,taiwan,random_forest,shap,0.021690983801162203,-0.0004599761034974841,0.0011608344732895474,-0.0016926601667875399,-8.337625393283262e-05,-0.05054436119658347,-0.03086262506978274,-0.017640803936122728,-0.00860742957388787,-0.010278177180068359,-0.00771448037008661,-0.0017923273333361296,-0.0037915073137053217,-0.005089972082758684,-0.003894256190097366,-0.005701466570497954,-0.006070361311687516,-0.0121569104996384,-0.048501991779816844,0.017493175641767608,-0.02040930352376062,-0.011701969607542554,-0.017803091467736436
5492,1,taiwan,random_forest,shap,0.04481711784793941,0.001824721283255959,-0.002429760126394836,-0.000902136744940305,-0.0020789755585095765,-0.05504186030196702,-0.028751906408923653,-0.02050198725108307,-0.014632799960523003,-0.007707440291012206,-0.0076788717040119055,-0.0022072515802804855,-0.0012274567121102478,0.0006327726681385349,-0.002826234250134409,-0.004489127588644336,-0.0032293420736199787,-0.0106616574663645,-0.015279301041064173,-0.017711198191339865,0.00791560701565106,-0.008548969184120665,0.014301082554213501
5617,1,taiwan,random_forest,shap,0.016234644716160943,-2.0948595464189872e-05,0.0005527716368989217,-0.0007502743011039144,2.3792535479962836e-05,0.19563070565813218,0.09179243312346333,0.059341313926301216,-0.007169416045197744,-0.0060403667899565664,-0.006815213897683951,0.0007217695897589525,0.0016978067511415355,0.004413897753531891,-0.0009299911137293146,-0.0029075512598324147,-0.002770001714524679,-0.004052011754437285,0.01689220341209189,-0.0018677055497541865,-0.0009663618152645823,0.0033441655783762745,-0.003783849153981024
5761,0,taiwan,random_forest,shap,-0.00589175455636746,0.000588934984920704,2.6575839165004258e-05,-0.0015860486965692789,-0.002487434692970096,-0.04563777899105164,-0.029763397474973002,-0.020879138875517646,-0.014045245902911027,-0.012707968707686918,-0.009900922799009716,0.013289026457348207,0.0024942139934574954,-0.003239841555433458,-0.0055079283699830586,0.004245277634669819,-0.00755953702229668,0.004715332833198555,0.020041844492742156,-0.01860287078921521,0.019389542160782192,-0.01654189427027832,0.006718783834159399
5763,0,taiwan,random_forest,shap,-0.03304793807829603,-0.00048336079609875306,0.0008037829260507691,-0.0008328681111791206,-0.0001715487878656432,-0.06464667354245705,-0.021241023538481448,-0.018254187333734666,-0.012492484808373616,-0.009878818478218818,-0.00985111288696092,-0.012041499706837913,-0.005769327245153693,-0.005453714095863931,-0.004217546079608271,-0.005664225033758579,-0.004530262249645851,-0.021157519243918038,-0.041685037109532155,-0.01454396446017143,-0.01691266354228323,-0.009800113658547431,-0.01242571626189821
5764,1,taiwan,random_forest,shap,-0.034208025154770734,-0.000788472683371139,-0.0011193126527955096,-0.001644812067164884,-0.0031618138483754544,-0.05271692585831991,-0.027927861317290692,-0.01889560345337182,-0.013166669146270288,-0.010548172445950722,-0.006976598875644639,-0.015928993182926555,-0.005948729872932324,-0.00039571965391094714,-0.0019475707183072846,0.0027606845842692777,-0.003773722969356768,-0.03486633888168805,0.014216630332434903,0.02044661597464575,0.014240463678117148,0.0006777814151424254,0.013926708194224246
5942,0,taiwan,random_forest,shap,0.008845379793398432,0.0013507198576439034,-0.002479535512341765,0.0010641523560518957,-0.000995041263290439,-0.07690674310445449,-0.025401598737190778,-0.013251824576612063,-0.011654528099326142,-0.009031170257970131,-0.008412248853695709,-0.01299898189953254,-0.0023471441095906332,-0.003797437390550356,-0.003124808297279104,-0.004068015768038329,-0.004289699151498438,-0.007857843845601595,-0.0053974633505628755,-0.007301907548823911,-0.015297543913191412,0.011803826079141143,0.010708517859332377
