instance_index,LIMIT_BAL,SEX,EDUCATION,MARRIAGE,AGE,PAY_0,PAY_2,PAY_3,PAY_4,PAY_5,PAY_6,BILL_AMT1,BILL_AMT2,BILL_AMT3,BILL_AMT4,BILL_AMT5,BILL_AMT6,PAY_AMT1,PAY_AMT2,PAY_AMT3,PAY_AMT4,PAY_AMT5,PAY_AMT6,actual_default
260,60000.0,2.0,2.0,2.0,32.0,0.0,0.0,0.0,0.0,0.0,0.0,60745.0,61085.0,56863.0,18473.0,15434.0,7301.0,2613.0,5900.0,1000.0,428.0,1000.0,2000.0,0
378,180000.0,2.0,1.0,2.0,30.0,-2.0,-2.0,-2.0,-2.0,-2.0,-2.0,50055.0,5320.0,9758.0,6494.0,32830.0,3267.0,5320.0,10008.0,6500.0,32830.0,3267.0,2650.0,0
403,410000.0,1.0,1.0,2.0,28.0,0.0,0.0,0.0,0.0,0.0,0.0,82735.0,90847.0,74122.0,72363.0,68703.0,66710.0,10000.0,6000.0,4000.0,5000.0,6000.0,3000.0,0
455,50000.0,1.0,1.0,2.0,29.0,0.0,0.0,0.0,0.0,0.0,0.0,2087.0,2632.0,3355.0,3253.0,3640.0,3512.0,1000.0,1186.0,500.0,1000.0,500.0,1000.0,0
507,320000.0,1.0,2.0,1.0,46.0,0.0,0.0,0.0,0.0,0.0,0.0,345408.0,340055.0,332945.0,327229.0,320032.0,290003.0,15004.0,13004.0,13004.0,11120.0,11004.0,11010.0,0
526,20000.0,1.0,2.0,2.0,24.0,0.0,0.0,0.0,0.0,0.0,0.0,18836.0,19147.0,20223.0,19788.0,19927.0,20045.0,1318.0,1394.0,1159.0,678.0,793.0,138.0,0
545,500000.0,1.0,1.0,1.0,40.0,-1.0,-1.0,-1.0,-1.0,-1.0,-1.0,11640.0,12831.0,11520.0,12486.0,11609.0,12660.0,12836.0,11525.0,12489.0,11614.0,12665.0,543.0,1
555,170000.0,2.0,2.0,2.0,25.0,0.0,0.0,0.0,0.0,0.0,0.0,4360.0,7927.0,49946.0,49464.0,46476.0,19417.0,7000.0,49008.0,1000.0,949.0,1143.0,17336.0,0
581,130000.0,1.0,3.0,2.0,30.0,0.0,0.0,0.0,-1.0,-1.0,-1.0,29344.0,3268.0,6186.0,700.0,1680.0,0.0,1107.0,3025.0,707.0,1680.0,0.0,0.0,0
757,50000.0,2.0,2.0,1.0,23.0,0.0,0.0,0.0,0.0,0.0,0.0,37586.0,38866.0,19240.0,20256.0,20918.0,22081.0,2000.0,1322.0,1338.0,1000.0,1500.0,1000.0,1
775,30000.0,2.0,2.0,1.0,34.0,2.0,2.0,2.0,2.0,0.0,0.0,31746.0,32743.0,32931.0,30727.0,29679.0,30088.0,1800.0,1100.0,0.0,1000.0,2327.0,0.0,1
837,120000.0,2.0,1.0,1.0,35.0,-2.0,-2.0,-2.0,-2.0,-2.0,-2.0,0.0,0.0,0.0,0.0,0.0,150.0,0.0,0.0,0.0,0.0,150.0,974.0,0
918,80000.0,2.0,2.0,1.0,35.0,1.0,2.0,2.0,2.0,2.0,2.0,30997.0,32043.0,31250.0,34109.0,34802.0,34108.0,1852.0,0.0,3711.0,1550.0,0.0,1400.0,1
960,500000.0,1.0,3.0,2.0,32.0,0.0,0.0,2.0,0.0,0.0,0.0,211508.0,183713.0,158759.0,119566.0,123098.0,132355.0,10070.0,3066.0,13366.0,20898.0,20155.0,16101.0,0
980,260000.0,2.0,2.0,1.0,41.0,-2.0,-2.0,-2.0,-2.0,-2.0,-2.0,8154.0,1365.0,717.0,717.0,2325.0,1117.0,1365.0,717.0,717.0,2325.0,1117.0,891.0,0
1079,320000.0,2.0,2.0,1.0,43.0,2.0,0.0,0.0,0.0,0.0,0.0,520651.0,383123.0,391741.0,400196.0,408503.0,156881.0,10000.0,11000.0,11000.0,10800.0,5992.0,4967.0,1
1130,240000.0,2.0,2.0,1.0,34.0,-1.0,-1.0,0.0,0.0,-1.0,-1.0,626.0,1921.0,20740.0,21274.0,888.0,360.0,1921.0,19000.0,2624.0,888.0,360.0,360.0,0
1157,30000.0,1.0,3.0,2.0,42.0,5.0,4.0,3.0,2.0,0.0,0.0,32755.0,31973.0,30937.0,29999.0,29214.0,29846.0,0.0,0.0,6.0,1054.0,1111.0,0.0,1
1189,10000.0,2.0,2.0,2.0,46.0,0.0,0.0,2.0,2.0,3.0,2.0,2496.0,4245.0,4525.0,5450.0,5073.0,4843.0,1800.0,500.0,1000.0,0.0,0.0,800.0,1
1346,50000.0,1.0,2.0,2.0,28.0,0.0,0.0,0.0,0.0,0.0,0.0,35277.0,34627.0,35096.0,9657.0,9617.0,9404.0,1800.0,1600.0,500.0,500.0,341.0,500.0,1
1354,60000.0,2.0,3.0,1.0,47.0,2.0,3.0,2.0,2.0,2.0,2.0,20347.0,19727.0,20909.0,21168.0,21520.0,21805.0,0.0,1800.0,900.0,1000.0,774.0,0.0,1
1434,430000.0,1.0,1.0,1.0,39.0,0.0,0.0,0.0,-1.0,-1.0,0.0,41428.0,32303.0,20739.0,12925.0,17566.0,14067.0,17800.0,15023.0,12925.0,17566.0,11000.0,10349.0,0
1641,20000.0,2.0,3.0,1.0,42.0,2.0,2.0,2.0,0.0,0.0,0.0,16478.0,19187.0,18592.0,19431.0,19993.0,-1000.0,2994.0,0.0,1238.0,800.0,0.0,1000.0,1
1726,30000.0,1.0,3.0,1.0,35.0,0.0,0.0,0.0,0.0,0.0,0.0,28486.0,28182.0,26168.0,23119.0,23268.0,29327.0,2000.0,3000.0,5000.0,3000.0,7000.0,1156.0,0
1868,350000.0,2.0,1.0,1.0,45.0,-1.0,-1.0,-1.0,-1.0,-1.0,-1.0,291.0,291.0,291.0,291.0,291.0,291.0,291.0,291.0,291.0,291.0,291.0,291.0,0
1941,500000.0,2.0,2.0,1.0,43.0,0.0,0.0,0.0,-1.0,-1.0,-1.0,42081.0,46495.0,39489.0,12421.0,11345.0,11968.0,16495.0,15720.0,12421.0,11345.0,11968.0,11824.0,0
1971,20000.0,1.0,2.0,1.0,37.0,0.0,0.0,0.0,0.0,2.0,0.0,17214.0,9633.0,10944.0,11280.0,11011.0,7755.0,2248.0,1500.0,757.0,0.0,430.0,1000.0,0
2104,130000.0,2.0,3.0,1.0,44.0,0.0,0.0,0.0,0.0,0.0,0.0,129329.0,123615.0,107284.0,54656.0,22534.0,8754.0,4505.0,3577.0,1231.0,2534.0,5012.0,2531.0,0
2163,280000.0,2.0,3.0,1.0,46.0,0.0,0.0,0.0,0.0,0.0,0.0,100858.0,107768.0,111858.0,83428.0,73908.0,81908.0,7768.0,5000.0,10000.0,0.0,8000.0,0.0,0
2183,50000.0,2.0,1.0,2.0,25.0,1.0,-2.0,-2.0,-2.0,-2.0,-2.0,0.0,0.0,0.0,0.0,0.0,0.0,0.0,0.0,0.0,0.0,0.0,0.0,1
2193,30000.0,1.0,1.0,2.0,31.0,-1.0,-1.0,0.0,0.0,-1.0,-1.0,6456.0,4390.0,3016.0,4504.0,5755.0,3560.0,4398.0,3000.0,3009.0,5767.0,3566.0,26444.0,1
2208,330000.0,1.0,2.0,2.0,33.0,0.0,0.0,0.0,0.0,0.0,0.0,50999.0,50055.0,47398.0,40334.0,34443.0,33898.0,2000.0,2007.0,2000.0,2000.0,2000.0,2000.0,0
2319,250000.0,2.0,2.0,2.0,30.0,0.0,0.0,0.0,0.0,0.0,-1.0,43694.0,33357.0,44167.0,19806.0,22231.0,6852.0,15284.0,20087.0,5093.0,10000.0,6876.0,0.0,0
2382,200000.0,2.0,1.0,2.0,30.0,-1.0,-1.0,-1.0,-1.0,-1.0,-1.0,665.0,2618.0,963.0,1459.0,1028.0,878.0,2618.0,963.0,1459.0,1028.0,878.0,878.0,0
2447,160000.0,1.0,2.0,1.0,43.0,1.0,-2.0,-2.0,-1.0,0.0,0.0,-3.0,-3.0,997.0,1798.0,800.0,0.0,0.0,1003.0,1804.0,202.0,0.0,50000.0,0
2553,300000.0,2.0,2.0,2.0,28.0,-2.0,-2.0,-2.0,-2.0,-2.0,-2.0,0.0,0.0,0.0,0.0,0.0,0.0,0.0,0.0,0.0,0.0,0.0,0.0,1
2588,140000.0,1.0,2.0,2.0,39.0,1.0,2.0,2.0,0.0,0.0,0.0,143673.0,146921.0,143084.0,142011.0,136431.0,128118.0,7000.0,0.0,6000.0,5200.0,5000.0,5000.0,0
2604,20000.0,1.0,2.0,2.0,22.0,1.0,2.0,2.0,2.0,0.0,0.0,19698.0,20305.0,20602.0,19850.0,20277.0,17525.0,2000.0,1300.0,0.0,702.0,620.0,0.0,1
2611,300000.0,1.0,2.0,2.0,38.0,1.0,-1.0,3.0,2.0,-1.0,-1.0,0.0,780.0,780.0,390.0,390.0,390.0,1560.0,0.0,0.0,390.0,390.0,540.0,1
2626,350000.0,2.0,2.0,1.0,49.0,-2.0,-2.0,-2.0,-2.0,-2.0,-2.0,16173.0,9122.0,12228.0,19850.0,8800.0,4260.0,9122.0,12228.0,19850.0,8800.0,4260.0,17660.0,0
2647,120000.0,1.0,2.0,2.0,28.0,0.0,0.0,0.0,0.0,0.0,0.0,92677.0,92809.0,93392.0,93609.0,95055.0,96761.0,4516.0,5005.0,5006.0,5014.0,5008.0,4008.0,0
2663,710000.0,2.0,4.0,2.0,32.0,0.0,0.0,0.0,0.0,0.0,0.0,377249.0,382116.0,391305.0,195642.0,189101.0,182062.0,11000.0,12000.0,8000.0,7000.0,7000.0,6500.0,0
2668,20000.0,1.0,2.0,1.0,50.0,0.0,0.0,0.0,0.0,2.0,0.0,6620.0,7556.0,8570.0,10020.0,9715.0,10153.0,1200.0,1300.0,1600.0,0.0,600.0,600.0,0
2761,200000.0,1.0,1.0,2.0,32.0,0.0,0.0,0.0,0.0,0.0,0.0,141634.0,145060.0,148817.0,154033.0,155435.0,151806.0,5700.0,6000.0,7600.0,5421.0,5400.0,5316.0,0
2775,300000.0,2.0,1.0,2.0,30.0,0.0,0.0,0.0,0.0,0.0,0.0,53377.0,54984.0,56738.0,57282.0,58575.0,59653.0,2500.0,2640.0,2080.0,2246.0,2174.0,3000.0,0
2799,30000.0,1.0,2.0,2.0,35.0,3.0,2.0,2.0,0.0,0.0,0.0,13461.0,14179.0,13654.0,13979.0,15525.0,0.0,1228.0,0.0,553.0,1825.0,0.0,0.0,1
2839,100000.0,2.0,2.0,2.0,30.0,2.0,2.0,2.0,2.0,2.0,2.0,96638.0,98491.0,99983.0,100555.0,103300.0,101471.0,4300.0,4000.0,3100.0,4500.0,0.0,3845.0,1
2959,160000.0,1.0,2.0,2.0,29.0,0.0,0.0,0.0,0.0,0.0,0.0,157186.0,136159.0,96395.0,58773.0,60737.0,115158.0,6227.0,5000.0,5000.0,3000.0,60000.0,5000.0,0
2960,90000.0,1.0,3.0,2.0,27.0,2.0,2.0,2.0,2.0,2.0,0.0,88072.0,90221.0,91898.0,91334.0,59253.0,58519.0,4500.0,4000.0,2090.0,0.0,2078.0,2900.0,1
3033,10000.0,1.0,2.0,1.0,50.0,1.0,2.0,0.0,0.0,0.0,0.0,10171.0,8150.0,8446.0,8067.0,8227.0,8400.0,2.0,1281.0,1134.0,294.0,305.0,1000.0,0
3108,310000.0,1.0,1.0,1.0,43.0,-2.0,-2.0,-2.0,-2.0,-2.0,-2.0,0.0,0.0,0.0,0.0,0.0,0.0,0.0,0.0,0.0,0.0,0.0,0.0,0
3230,420000.0,1.0,2.0,2.0,44.0,0.0,0.0,0.0,0.0,0.0,0.0,13620.0,13002.0,9180.0,13965.0,10245.0,20199.0,2000.0,5000.0,5000.0,5000.0,10000.0,10000.0,0
3252,180000.0,1.0,1.0,2.0,28.0,-1.0,-1.0,-1.0,-1.0,-1.0,-1.0,666.0,662.0,-4.0,55566.0,1056.0,390.0,662.0,0.0,61411.0,1056.0,0.0,1998.0,0
3287,320000.0,2.0,2.0,1.0,41.0,-2.0,-2.0,-2.0,-2.0,-2.0,-2.0,2555.0,7065.0,648.0,2258.0,722.0,15937.0,7100.0,651.0,2269.0,725.0,16014.0,3088.0,0
3371,60000.0,2.0,2.0,2.0,24.0,-1.0,2.0,-1.0,0.0,0.0,0.0,3485.0,2488.0,20956.0,22462.0,21476.0,23164.0,0.0,24419.0,2018.0,15000.0,2000.0,2000.0,0
3747,30000.0,2.0,3.0,1.0,33.0,0.0,0.0,0.0,0.0,0.0,0.0,29666.0,29033.0,29345.0,29125.0,29859.0,29016.0,1763.0,1676.0,1456.0,1190.0,1056.0,1592.0,0
3764,350000.0,1.0,1.0,2.0,33.0,-2.0,-2.0,-2.0,-2.0,-2.0,-2.0,2394.0,1685.0,563.0,7535.0,0.0,1522.0,1685.0,569.0,7572.0,0.0,1522.0,700.0,1
3811,80000.0,2.0,1.0,2.0,23.0,2.0,2.0,2.0,0.0,0.0,2.0,74860.0,80461.0,78259.0,66068.0,50748.0,51490.0,6865.0,37.0,2122.0,3600.0,1600.0,18.0,1
3815,280000.0,2.0,2.0,1.0,34.0,0.0,0.0,0.0,0.0,0.0,0.0,82691.0,75867.0,76835.0,70722.0,60694.0,62032.0,3500.0,3200.0,2500.0,2400.0,2500.0,2500.0,0
3859,200000.0,2.0,2.0,2.0,30.0,0.0,0.0,0.0,0.0,0.0,0.0,193300.0,191254.0,176720.0,164729.0,162097.0,154016.0,6860.0,5870.0,5009.0,5543.0,6037.0,5002.0,0
4000,40000.0,2.0,1.0,2.0,24.0,1.0,2.0,2.0,0.0,0.0,0.0,9958.0,12140.0,11653.0,11762.0,12418.0,13108.0,2500.0,0.0,600.0,1000.0,900.0,1000.0,0
4028,180000.0,2.0,2.0,1.0,53.0,-2.0,-2.0,-2.0,-2.0,-2.0,-2.0,0.0,533.0,2329.0,1778.0,2510.0,184.0,533.0,2329.0,1778.0,2514.0,184.0,1103.0,0
4066,230000.0,2.0,1.0,2.0,31.0,0.0,0.0,0.0,-1.0,0.0,-1.0,33109.0,29830.0,11750.0,5194.0,15450.0,9368.0,5000.0,5000.0,15897.0,12000.0,9368.0,6000.0,0
4088,310000.0,2.0,1.0,2.0,28.0,0.0,0.0,0.0,0.0,-1.0,-1.0,36513.0,37628.0,39579.0,40879.0,85.0,4381.0,2500.0,3000.0,1500.0,85.0,4381.0,11100.0,0
4096,20000.0,2.0,2.0,2.0,23.0,0.0,0.0,0.0,0.0,2.0,2.0,11564.0,13063.0,14337.0,15596.0,15204.0,17149.0,2000.0,1500.0,1500.0,0.0,2200.0,0.0,1
4115,360000.0,1.0,2.0,1.0,49.0,1.0,-2.0,-1.0,-1.0,-2.0,-2.0,0.0,0.0,8209.0,-41.0,-41.0,-41.0,0.0,8209.0,0.0,0.0,0.0,0.0,1
4158,500000.0,2.0,2.0,1.0,44.0,0.0,0.0,0.0,0.0,0.0,0.0,38034.0,39044.0,38458.0,39222.0,40043.0,40854.0,1632.0,1639.0,1403.0,1452.0,1475.0,1117.0,0
4186,90000.0,2.0,2.0,1.0,35.0,1.0,2.0,2.0,2.0,2.0,2.0,23132.0,22474.0,28067.0,27320.0,31199.0,30548.0,0.0,6000.0,0.0,4500.0,0.0,2000.0,0
4238,50000.0,2.0,2.0,1.0,29.0,2.0,3.0,2.0,0.0,0.0,0.0,50136.0,50044.0,46543.0,19359.0,17850.0,18203.0,1000.0,5.0,661.0,770.0,800.0,763.0,1
4345,270000.0,2.0,2.0,2.0,42.0,-1.0,-1.0,-1.0,-2.0,-2.0,-2.0,12263.0,10025.0,0.0,0.0,0.0,0.0,10025.0,0.0,0.0,0.0,0.0,0.0,0
4424,500000.0,2.0,1.0,1.0,47.0,-2.0,-2.0,-2.0,-2.0,-2.0,-2.0,3634.0,296.0,966.0,6675.0,-10.0,2055.0,299.0,1169.0,6708.0,0.0,2065.0,1133.0,0
4435,290000.0,1.0,1.0,2.0,34.0,-2.0,-2.0,-2.0,-2.0,-2.0,-2.0,0.0,0.0,0.0,0.0,0.0,0.0,0.0,0.0,0.0,0.0,0.0,0.0,0
4496,200000.0,2.0,1.0,2.0,31.0,-1.0,2.0,-1.0,2.0,-1.0,-1.0,2905.0,1258.0,1863.0,390.0,390.0,390.0,0.0,2253.0,0.0,390.0,390.0,390.0,0
4499,240000.0,2.0,2.0,2.0,26.0,0.0,0.0,0.0,0.0,0.0,0.0,138859.0,136521.0,135459.0,117308.0,107928.0,103799.0,5308.0,4915.0,4100.0,4000.0,4002.0,4000.0,1
4516,300000.0,2.0,1.0,2.0,31.0,0.0,0.0,0.0,-1.0,-1.0,0.0,34515.0,60700.0,33843.0,5045.0,10288.0,12565.0,30000.0,5000.0,5045.0,10288.0,5000.0,5000.0,1
4562,300000.0,2.0,2.0,1.0,35.0,0.0,0.0,0.0,0.0,-1.0,0.0,155493.0,179071.0,42404.0,71493.0,13547.0,27710.0,50706.0,30028.0,60300.0,27054.0,25003.0,10.0,0
4593,90000.0,1.0,2.0,2.0,33.0,2.0,2.0,2.0,2.0,2.0,2.0,62011.0,63426.0,64288.0,65236.0,66639.0,67893.0,3000.0,2500.0,2600.0,2600.0,2500.0,2800.0,1
4625,180000.0,1.0,1.0,1.0,51.0,0.0,0.0,0.0,0.0,0.0,0.0,40310.0,41634.0,44959.0,50198.0,52361.0,55510.0,2000.0,4000.0,6000.0,3000.0,4000.0,3000.0,0
4644,140000.0,2.0,1.0,2.0,32.0,0.0,0.0,0.0,0.0,2.0,2.0,142043.0,0.0,137909.0,138999.0,137275.0,136141.0,7000.0,0.0,5000.0,9100.0,3400.0,0.0,0
4745,70000.0,2.0,2.0,1.0,53.0,0.0,0.0,0.0,0.0,0.0,0.0,71219.0,71110.0,69843.0,70834.0,70405.0,71004.0,2900.0,3200.0,2800.0,2458.0,2800.0,2901.0,0
4816,80000.0,1.0,1.0,1.0,40.0,0.0,0.0,2.0,2.0,2.0,2.0,28054.0,31201.0,31594.0,30787.0,34513.0,34995.0,3600.0,1200.0,0.0,4246.0,1200.0,1500.0,1
4871,420000.0,1.0,2.0,1.0,41.0,0.0,0.0,0.0,0.0,0.0,0.0,193370.0,198053.0,202618.0,197985.0,200163.0,2559.0,4988.0,4976.0,6019.0,5065.0,1035.0,182778.0,0
4908,110000.0,1.0,2.0,2.0,28.0,2.0,2.0,2.0,2.0,2.0,0.0,109241.0,111541.0,113676.0,114223.0,110876.0,107710.0,5600.0,5400.0,4000.0,0.0,4000.0,3700.0,1
4964,450000.0,2.0,1.0,1.0,36.0,-2.0,-2.0,-2.0,-2.0,-2.0,-2.0,3961.0,2483.0,74.0,-73.0,14590.0,-70.0,2495.0,100.0,0.0,14663.0,0.0,14121.0,0
4976,20000.0,1.0,3.0,2.0,27.0,3.0,2.0,2.0,5.0,5.0,4.0,1200.0,1200.0,1200.0,1200.0,1200.0,600.0,0.0,0.0,0.0,0.0,0.0,0.0,1
4979,350000.0,2.0,3.0,2.0,28.0,-2.0,-2.0,-2.0,-2.0,-2.0,-2.0,0.0,0.0,0.0,0.0,0.0,0.0,0.0,0.0,0.0,0.0,0.0,0.0,1
5038,50000.0,1.0,3.0,1.0,55.0,0.0,0.0,0.0,0.0,0.0,0.0,44258.0,28040.0,27935.0,51904.0,24147.0,24425.0,2489.0,1384.0,841.0,1013.0,819.0,15154.0,0
5064,80000.0,1.0,2.0,2.0,23.0,2.0,0.0,0.0,0.0,0.0,0.0,8613.0,12438.0,15212.0,15657.0,17404.0,19103.0,4000.0,3000.0,1000.0,2000.0,2000.0,2836.0,0
5089,140000.0,2.0,2.0,1.0,58.0,2.0,2.0,2.0,2.0,2.0,2.0,68859.0,70428.0,71902.0,72924.0,72335.0,75508.0,3300.0,3200.0,2800.0,1200.0,4500.0,3000.0,1
5263,310000.0,1.0,2.0,1.0,42.0,-2.0,-2.0,-2.0,-2.0,-2.0,-2.0,2647.0,4206.0,1858.0,3057.0,2538.0,3069.0,4206.0,1858.0,3057.0,2538.0,3069.0,6591.0,1
5306,20000.0,2.0,2.0,1.0,32.0,2.0,0.0,0.0,0.0,2.0,2.0,15073.0,15431.0,16176.0,18204.0,17614.0,18826.0,1600.0,1300.0,2300.0,0.0,1500.0,0.0,1
5377,440000.0,1.0,1.0,1.0,79.0,0.0,0.0,0.0,0.0,0.0,0.0,429309.0,437906.0,447326.0,447112.0,438187.0,447543.0,15715.0,16519.0,16513.0,15800.0,16531.0,15677.0,0
5396,500000.0,1.0,1.0,2.0,29.0,-1.0,-1.0,-1.0,-1.0,0.0,-1.0,20641.0,25986.0,23721.0,20799.0,34132.0,56917.0,26111.0,24112.0,20886.0,28032.0,57196.0,49720.0,0
5483,70000.0,2.0,2.0,2.0,23.0,-2.0,-2.0,-1.0,0.0,-1.0,0.0,0.0,3999.0,44446.0,21436.0,19987.0,19939.0,3999.0,44446.0,41.0,19995.0,6000.0,10305.0,0
5492,20000.0,1.0,1.0,2.0,28.0,0.0,-1.0,-1.0,-1.0,0.0,0.0,7381.0,2769.0,3503.0,4809.0,5732.0,8632.0,3000.0,3010.0,6000.0,1000.0,3000.0,0.0,1
5617,50000.0,1.0,2.0,2.0,25.0,2.0,2.0,2.0,0.0,0.0,0.0,19775.0,21679.0,18566.0,19918.0,19584.0,18508.0,3800.0,0.0,2000.0,1500.0,1000.0,2000.0,1
5761,140000.0,1.0,3.0,2.0,33.0,-2.0,-2.0,-2.0,-2.0,-2.0,-2.0,500.0,473.0,-27.0,3788.0,0.0,9386.0,473.0,0.0,3815.0,0.0,9386.0,722.0,0
5763,360000.0,2.0,2.0,2.0,42.0,-1.0,0.0,-1.0,-1.0,-1.0,-1.0,24081.0,14231.0,23040.0,5651.0,7017.0,6495.0,6068.0,23154.0,5679.0,7052.0,6527.0,4601.0,0
5764,300000.0,2.0,1.0,2.0,28.0,-1.0,-1.0,-1.0,-1.0,-2.0,-1.0,14033.0,6500.0,1477.0,0.0,0.0,1346.0,6520.0,1477.0,0.0,0.0,1346.0,0.0,1
5942,100000.0,1.0,1.0,1.0,36.0,0.0,0.0,0.0,0.0,0.0,0.0,23070.0,18806.0,20183.0,21540.0,25775.0,0.0,1700.0,2000.0,2000.0,5000.0,0.0,0.0,0
