dataset,model,seed,perturbation_rate,n_instances,mean_pred_drift,frac_pred_preserving,frac_plausible,shap_rank_sim_mean,shap_attr_sim_mean,shap_sign_cons_mean,lime_rank_sim_mean,lime_attr_sim_mean,lime_sign_cons_mean
german,lightgbm,0,-0.1,50,0.08438751297420105,0.46,0.98,0.9719908765070057,0.942273763994109,0.9718181818181819,0.8084042553191488,0.8504358529961727,0.9210161263086795
german,lightgbm,0,-0.05,50,0.070166171100799,0.5,0.98,0.9723970891712829,0.9563752026943371,0.9772727272727273,0.8234085974815458,0.8655985604675821,0.9264001132367841
german,lightgbm,0,0.05,50,0.11673776006906693,0.5,0.88,0.9404974475942219,0.9188651929683362,0.9277272727272726,0.8451845419018672,0.8557144694176719,0.9120299145299146
german,lightgbm,0,0.1,50,0.1442093531385914,0.5,0.84,0.9357032692516565,0.8854917206676416,0.9181818181818181,0.8367867998263135,0.8242765661022815,0.8856687488924331
german,lightgbm,7,-0.1,50,0.08533066120119712,0.46,0.98,0.9578863907896168,0.9325680702787316,0.9668181818181819,0.8250238818931828,0.8878098006359685,0.9278640350877193
german,lightgbm,7,-0.05,50,0.061446693315814295,0.48,0.98,0.9608623873140003,0.9602862419831066,0.9718181818181819,0.8401172383847155,0.8737816876384459,0.933640350877193
german,lightgbm,7,0.05,50,0.12423006988695978,0.54,0.88,0.9366807863582057,0.8966014940248614,0.9277272727272726,0.8030525401650022,0.7780996945255376,0.8848874854819977
german,lightgbm,7,0.1,50,0.15718086743738902,0.44,0.84,0.9302117953730858,0.8614813569457463,0.9181818181818181,0.8104580981328702,0.7574299185321531,0.8686321138211381
german,lightgbm,42,-0.1,50,0.07789481480294624,0.56,0.98,0.9650874334745303,0.9452595052864641,0.9609090909090909,0.8123512809379071,0.8776549698078234,0.924047619047619
german,lightgbm,42,-0.05,50,0.059745931972179075,0.54,0.98,0.9704963614641035,0.9639006314083299,0.9681818181818181,0.8269843682153711,0.8838479819700917,0.9303197674418605
german,lightgbm,42,0.05,50,0.12209864298054712,0.54,0.88,0.9447854893016185,0.9166599458759116,0.9240909090909091,0.814706904038211,0.8183449276327859,0.9035118425635668
german,lightgbm,42,0.1,50,0.14894817089568632,0.52,0.84,0.9401259910937331,0.8867265029145536,0.9154545454545455,0.8108988276161528,0.8239451399008391,0.8998155929038282
german,lightgbm,123,-0.1,50,0.08357057950438371,0.52,0.98,0.9648984468339309,0.94347112745932,0.9659090909090909,0.8082805036908379,0.8787311757695744,0.9218095238095237
german,lightgbm,123,-0.05,50,0.06429679561430623,0.48,0.98,0.9671423916585208,0.9611982551179159,0.9713636363636364,0.8087168910117238,0.8606461755268765,0.9280248917748918
german,lightgbm,123,0.05,50,0.12495165769009599,0.46,0.88,0.9522906484196808,0.9147948887832144,0.9268181818181819,0.8325379939209726,0.8164463420477479,0.8983901515151516
german,lightgbm,123,0.1,50,0.1500334189976102,0.42,0.84,0.9491408710763551,0.8832663197993789,0.9186363636363636,0.832644376899696,0.8286614970405382,0.899194582299421
german,lightgbm,2024,-0.1,50,0.08067178845472808,0.44,0.98,0.9663712392744652,0.9371425513296374,0.9668181818181819,0.6476400347372991,0.7880088182738406,0.8721378549765646
german,lightgbm,2024,-0.05,50,0.06231831018407835,0.46,0.98,0.9722776148582603,0.9575889251365385,0.9740909090909091,0.6500803300043421,0.8163866649625351,0.876246349569576
german,lightgbm,2024,0.05,50,0.12614617630319663,0.48,0.88,0.9336548278483764,0.9061190447824166,0.9240909090909091,0.6847199305254016,0.7922761244562793,0.8621810344827587
german,lightgbm,2024,0.1,50,0.14992253409874506,0.5,0.84,0.9271141522754428,0.8721314423281906,0.9168181818181819,0.7135909683022145,0.7794577329646978,0.8628018018018018
german,mlp,0,-0.1,50,0.06187479025845008,0.56,0.98,0.6399644588045235,0.8538448305100372,0.9971428571428571,0.5427095093356491,0.6845603017563477,0.7980045045045046
german,mlp,0,-0.05,50,0.05618385180735786,0.62,0.98,0.6720323101777059,0.8717415610115481,1.0,0.5662440295267043,0.671671505327703,0.7905984848484848
german,mlp,0,0.05,50,0.05436442526221035,0.54,0.88,0.6750490037695207,0.8464446453163152,0.9882539682539683,0.5583999131567521,0.6616126655608743,0.7733624031007751
german,mlp,0,0.1,50,0.055709694341339676,0.54,0.84,0.6858998384491115,0.852829762980793,0.9971428571428571,0.5414871906209292,0.6369642613814139,0.7795045045045045
german,mlp,7,-0.1,50,0.12757793408692772,0.38,0.98,0.6497016693591814,0.8620336049423966,0.9801666666666666,0.5708315240990013,0.6370947775442725,0.7555172413793103
german,mlp,7,-0.05,50,0.12157253400573033,0.38,0.98,0.6477264404954226,0.858170940162511,0.9836666666666667,0.577887537993921,0.6367042873470286,0.7474473684210526
german,mlp,7,0.05,50,0.22407866647536923,0.18,0.88,0.5875311504123858,0.8120004780589063,0.9706428571428571,0.5088797221016066,0.5171198948233535,0.7108600047415837
german,mlp,7,0.1,50,0.23815768510154264,0.18,0.84,0.5981938610662358,0.7985869768158816,0.9575,0.5087386018237082,0.49428750394248405,0.6943452380952381
german,mlp,42,-0.1,50,0.04096332804916715,0.62,0.98,0.6186569736133548,0.78178974580165,0.996,0.48956144159791576,0.635511503922666,0.76075
german,mlp,42,-0.05,50,0.038123437020078914,0.66,0.98,0.6507226709746903,0.8017264024931137,1.0,0.4870212765957447,0.6584378684178557,0.772611111111111
german,mlp,42,0.05,50,0.055888363560825265,0.62,0.88,0.6550328486806677,0.8181984687391579,0.991,0.4798697351280938,0.5526697072354402,0.7260772357723577
german,mlp,42,0.1,50,0.058179997137824964,0.6,0.84,0.6459590737749058,0.8062357052833764,0.9938095238095238,0.5072405557967867,0.5220560862761584,0.7232323232323232
german,mlp,123,-0.1,50,0.0774053135062732,0.44,0.98,0.6730813139472267,0.9010238125600906,1.0,0.5231914893617021,0.6463750965800039,0.7573397435897437
german,mlp,123,-0.05,50,0.07215831664281182,0.5,0.98,0.687553042541734,0.9075359932205916,1.0,0.5727355623100303,0.7088076933852934,0.7914245014245015
german,mlp,123,0.05,50,0.07650080995026097,0.54,0.88,0.7223144857296715,0.9137509959758922,0.9971428571428571,0.5763764654798089,0.7267396197952691,0.7912393162393162
german,mlp,123,0.1,50,0.08304800269234153,0.52,0.84,0.7103715670436188,0.9135483876538137,1.0,0.5742574902301346,0.7484131331451666,0.7852205882352941
german,mlp,2024,-0.1,50,0.03798539056996256,0.74,0.98,0.7178750673128702,0.8992031464519495,1.0,0.5325835866261398,0.7261933406703841,0.821800527903469
german,mlp,2024,-0.05,50,0.03925237659872292,0.68,0.98,0.6956833602584814,0.8902856223164427,1.0,0.545308293530178,0.7254128531145929,0.8240318627450981
german,mlp,2024,0.05,50,0.053329514317600246,0.48,0.88,0.7155185783521809,0.8863738043287703,0.9977777777777778,0.5076052974381242,0.616286339389101,0.7777314814814815
german,mlp,2024,0.1,50,0.05475602569825923,0.48,0.84,0.6953979536887452,0.8675171742747453,0.9941666666666668,0.5222796352583586,0.6488437158598479,0.7681106612685561
german,random_forest,0,-0.1,50,0.03128576920793309,0.8,0.98,0.968046463659556,0.9785536404750854,0.957391304347826,0.5494398610508032,0.6763748480842089,0.7882738095238095
german,random_forest,0,-0.05,50,0.02454525944903863,0.88,0.98,0.9683938555067035,0.9840817277067719,0.9604347826086956,0.5974837168910118,0.7426217717576324,0.8156388888888888
german,random_forest,0,0.05,50,0.021361215180902438,0.94,0.88,0.9611420506974977,0.9883368307991929,0.9482608695652174,0.6098719062092922,0.7203090835996043,0.7862587412587412
german,random_forest,0,0.1,50,0.025035471196166906,0.92,0.84,0.9571318460619878,0.9854029867406716,0.9413043478260871,0.5952605297438125,0.7702227014881955,0.8072413793103448
german,random_forest,7,-0.1,50,0.027551920079202406,0.88,0.98,0.9658622374206156,0.9816287220977022,0.9543478260869566,0.5688428137212331,0.674293406979592,0.7674783549783549
german,random_forest,7,-0.05,50,0.022069386981252843,0.92,0.98,0.97080388644629,0.9867776980613752,0.957391304347826,0.5570104211897525,0.7257106490112608,0.7892001434720229
german,random_forest,7,0.05,50,0.021190022073051276,0.9,0.88,0.9585822070238289,0.9889836577641259,0.9326086956521739,0.6018497611810681,0.7425624531971927,0.7913636363636364
german,random_forest,7,0.1,50,0.02395785501260756,0.88,0.84,0.952702600010856,0.9861137973570198,0.9269565217391305,0.6114654798089448,0.7435709102626309,0.7885227272727273
german,random_forest,42,-0.1,50,0.0286703378213109,0.88,0.98,0.9673104271834121,0.9802413022887767,0.9504347826086956,0.5426812852800694,0.7252909884524478,0.7807738095238095
german,random_forest,42,-0.05,50,0.022177904575328925,0.92,0.98,0.9710296911469359,0.9860752972872051,0.9530434782608695,0.5453864524533217,0.7508569263857168,0.7949941471571907
german,random_forest,42,0.05,50,0.02057768156776951,0.92,0.88,0.9605015469793193,0.9889991630341557,0.9382608695652174,0.5694072948328267,0.7284517908268766,0.7833760683760684
german,random_forest,42,0.1,50,0.023008753766765446,0.92,0.84,0.9521011778754818,0.9863308901320448,0.9330434782608695,0.5666587060356058,0.7147846609144272,0.7833316464237516
german,random_forest,123,-0.1,50,0.03232145794466772,0.84,0.98,0.9735092004559519,0.9753062272504621,0.9543478260869566,0.5815132435953104,0.6521208994918601,0.7671564986737401
german,random_forest,123,-0.05,50,0.02637183833782363,0.86,0.98,0.9765988166965207,0.9805952950083536,0.961304347826087,0.5855188884064264,0.709050476958179,0.7851580459770114
german,random_forest,123,0.05,50,0.019207799605060534,0.92,0.88,0.9616283992835044,0.9889187909165813,0.9356521739130435,0.603727746417716,0.7476595267079746,0.786875
german,random_forest,123,0.1,50,0.02179105504907231,0.88,0.84,0.9573011995874723,0.9863460736190228,0.9360869565217391,0.5665696917064698,0.7744287145734652,0.7993217054263566
german,random_forest,2024,-0.1,50,0.02849684085202921,0.86,0.98,0.9653324648537155,0.9795765751447911,0.9543478260869566,0.5632891880156318,0.7039149830208333,0.7744871794871796
german,random_forest,2024,-0.05,50,0.021856981081530474,0.94,0.98,0.9699527764207784,0.9856776061759633,0.9586956521739132,0.570601389491967,0.671380220444774,0.7697348484848484
german,random_forest,2024,0.05,50,0.021503055817096123,0.9,0.88,0.9612028442707486,0.9894305351380436,0.9365217391304348,0.6343269648284846,0.7869945763774592,0.8009999999999999
german,random_forest,2024,0.1,50,0.02421143728833148,0.9,0.84,0.9532215165825327,0.9866900751708286,0.9343478260869565,0.5898567086409031,0.7408021214975048,0.7732883782883784
german,xgboost,0,-0.1,50,0.06885088005568832,0.6,0.98,0.9362405688541497,0.9497090727826115,0.9439130434782609,0.8212613981762918,0.8618546906740744,0.9330836236933798
german,xgboost,0,-0.05,50,0.06341153085464611,0.58,0.98,0.9513521142050698,0.9623980015370841,0.9547826086956522,0.8417585757707339,0.8970909743276931,0.9480002903600464
german,xgboost,0,0.05,50,0.10327200905885547,0.46,0.88,0.9258036150464095,0.9204646126854219,0.92,0.8158445505861919,0.812532928619375,0.882920064134659
german,xgboost,0,0.1,50,0.11112641255836934,0.48,0.84,0.9134755468707594,0.8823881135263082,0.9104347826086956,0.8001975683890578,0.8074228943980009,0.8757421630094043
german,xgboost,7,-0.1,50,0.07594644228927791,0.5,0.98,0.9491661237785017,0.9506359916176207,0.9520000000000001,0.8146721667390361,0.8416922551220287,0.8992857142857144
german,xgboost,7,-0.05,50,0.06390734717715532,0.58,0.98,0.961114006514658,0.9645287113539968,0.9586666666666666,0.8350586191923578,0.8686919977322097,0.9197023809523809
german,xgboost,7,0.05,50,0.09760800919495523,0.56,0.88,0.9407622149837134,0.9253105192922183,0.9222222222222223,0.7668258792878854,0.768248712711814,0.8453301972963098
german,xgboost,7,0.1,50,0.11943854436744004,0.48,0.84,0.9248816503800218,0.8866754552811542,0.9151111111111111,0.7697807207989578,0.700576464139785,0.8155866437484085
german,xgboost,42,-0.1,50,0.07057251200079918,0.54,0.98,0.9435379688432937,0.9487262587937754,0.9413043478260871,0.8093617021276596,0.835684893516406,0.9145656028368795
german,xgboost,42,-0.05,50,0.06620970911812037,0.56,0.98,0.9563545568039951,0.962159659633704,0.9517391304347826,0.8115892314372557,0.8719419607390225,0.9258156028368795
german,xgboost,42,0.05,50,0.09226091718766838,0.54,0.88,0.9223318677739782,0.9294503481779754,0.9152173913043478,0.8233521493703865,0.7986723415275049,0.8711879432624113
german,xgboost,42,0.1,50,0.11424537342274561,0.56,0.84,0.9142246105411713,0.8925380264397503,0.9043478260869565,0.8258727746417717,0.7576334031602101,0.8539746376811594
german,xgboost,123,-0.1,50,0.06840956004802137,0.6,0.98,0.9429576547231271,0.9519681407556159,0.9408888888888889,0.7994268345636126,0.8494396772206795,0.9125378787878787
german,xgboost,123,-0.05,50,0.06374946839408949,0.58,0.98,0.9470966340933767,0.963377472411565,0.9484444444444445,0.8090859748154581,0.859678327963832,0.9225378787878787
german,xgboost,123,0.05,50,0.09335465636104345,0.44,0.88,0.9317785016286645,0.9353631683444426,0.9155555555555556,0.8116283108988276,0.7721798262797276,0.8675370370370371
german,xgboost,123,0.1,50,0.1078748805820942,0.54,0.84,0.9203148751357222,0.8962871240910054,0.9008888888888889,0.8161202778983934,0.7234006214275881,0.852804677206851
german,xgboost,2024,-0.1,50,0.07875215863808989,0.48,0.98,0.945372421281216,0.9475943926986585,0.9417777777777778,0.7985757707338255,0.8030247996268051,0.8924242424242425
german,xgboost,2024,-0.05,50,0.06217633375432342,0.54,0.98,0.9532356134636265,0.9610870885823861,0.9471111111111111,0.8054450716456795,0.860005958832067,0.9111380105401844
german,xgboost,2024,0.05,50,0.09792129178531468,0.56,0.88,0.926970684039088,0.9289882958236008,0.9097777777777778,0.7848588797221017,0.7597123209320074,0.8592663043478261
german,xgboost,2024,0.1,50,0.11857920744689182,0.5,0.84,0.9178089033659067,0.8994520753922756,0.8968888888888888,0.7707663916630482,0.7249251667220517,0.8431576402321084
gmsc,lightgbm,0,-0.1,50,0.07352009510037552,0.58,1.0,0.8465454545454544,0.8228992113485455,0.8640000000000001,0.6676363636363635,0.8935575781675089,0.8079999999999999
gmsc,lightgbm,0,-0.05,50,0.06925406453064936,0.62,1.0,0.8465454545454544,0.8265129673086665,0.872,0.6894545454545454,0.8900142331867841,0.8059999999999999
gmsc,lightgbm,0,0.05,50,0.5543667757956002,0.04,1.0,0.2829090909090909,0.22536803601960018,0.5539999999999999,0.5709090909090908,0.6839488610403592,0.6920000000000001
gmsc,lightgbm,0,0.1,50,0.5497972574503132,0.02,1.0,0.2707878787878788,0.21997601101861655,0.5379999999999999,0.5978181818181817,0.686301620009178,0.7
gmsc,lightgbm,7,-0.1,50,0.07417929838752761,0.58,1.0,0.8058181818181818,0.8157972802105584,0.87,0.6872727272727271,0.8952273552844525,0.868
gmsc,lightgbm,7,-0.05,50,0.07160593203301938,0.56,1.0,0.836121212121212,0.8206340561110856,0.8760000000000001,0.6528484848484848,0.8982160297111693,0.838
gmsc,lightgbm,7,0.05,50,0.5466031267889196,0.04,1.0,0.2894545454545454,0.22377248090999508,0.578,0.5798787878787879,0.7070896490032896,0.72
gmsc,lightgbm,7,0.1,50,0.5440175323433858,0.04,1.0,0.2678787878787878,0.22033057826697053,0.5479999999999999,0.5842424242424241,0.71482245727874,0.7040000000000001
gmsc,lightgbm,42,-0.1,50,0.0727051123916741,0.6,1.0,0.8327272727272726,0.8190815258292488,0.868,0.6812121212121212,0.8971708190368217,0.85
gmsc,lightgbm,42,-0.05,50,0.07014595202200852,0.62,1.0,0.8310303030303029,0.8228603986812181,0.8860000000000001,0.648,0.8991960845087911,0.8460000000000001
gmsc,lightgbm,42,0.05,50,0.5465518861679142,0.02,1.0,0.2962424242424242,0.2336223076660937,0.5379999999999999,0.5219393939393939,0.7154907189409866,0.726
gmsc,lightgbm,42,0.1,50,0.54147463806211,0.02,1.0,0.2729696969696969,0.22893191790338652,0.518,0.5655757575757575,0.7091998726886323,0.74
gmsc,lightgbm,123,-0.1,50,0.07509819794186634,0.56,1.0,0.8193939393939393,0.8153326092225781,0.872,0.6882424242424241,0.8933138337858089,0.868
gmsc,lightgbm,123,-0.05,50,0.07253434602980671,0.58,1.0,0.8358787878787878,0.8193332551280599,0.884,0.6433939393939393,0.8845007459211744,0.862
gmsc,lightgbm,123,0.05,50,0.5464906153781459,0.04,1.0,0.3139393939393939,0.2293836977803373,0.5479999999999999,0.5277575757575756,0.7033309924972605,0.746
gmsc,lightgbm,123,0.1,50,0.5411721277402088,0.04,1.0,0.29478787878787877,0.2277824633573591,0.54,0.592,0.69080381929971,0.716
gmsc,lightgbm,2024,-0.1,50,0.07155644810201235,0.56,1.0,0.8179393939393939,0.8190997142066853,0.8640000000000001,0.6855757575757575,0.9000534231987419,0.828
gmsc,lightgbm,2024,-0.05,50,0.06729915656709468,0.62,1.0,0.8426666666666666,0.8255183583401592,0.882,0.7083636363636363,0.9049966471488087,0.8220000000000001
gmsc,lightgbm,2024,0.05,50,0.5473147201171082,0.04,1.0,0.29866666666666664,0.22548669026590035,0.556,0.5633939393939393,0.7218705641048961,0.696
gmsc,lightgbm,2024,0.1,50,0.5448240957652927,0.04,1.0,0.28387878787878784,0.22024273225968244,0.5319999999999999,0.5837575757575757,0.6962705642699557,0.722
gmsc,mlp,0,-0.1,50,0.027196563730311735,0.86,1.0,0.908121212121212,0.7912165071563154,0.8937777777777778,0.7272727272727272,0.9400846943282082,0.76
gmsc,mlp,0,-0.05,50,0.02731194857635113,0.86,1.0,0.9098181818181817,0.7914258760004833,0.892888888888889,0.7743030303030303,0.9482823214026875,0.7859999999999999
gmsc,mlp,0,0.05,50,0.3708183608137235,0.0,1.0,0.8157575757575757,-0.4433025435304552,0.5326666666666666,0.660121212121212,0.8153593565004877,0.732
gmsc,mlp,0,0.1,50,0.36501913411769393,0.02,1.0,0.8067878787878787,-0.4407668471111993,0.5297777777777778,0.6848484848484848,0.8080390313974664,0.672
gmsc,mlp,7,-0.1,50,0.028446216780066168,0.82,1.0,0.9352083392301944,0.7903609566666586,0.8700555555555556,0.7473939393939394,0.9371412438833037,0.748
gmsc,mlp,7,-0.05,50,0.028418734581596737,0.82,1.0,0.9366636226597876,0.7897283950453508,0.8671666666666666,0.7398787878787878,0.9442907463967671,0.778
gmsc,mlp,7,0.05,50,0.4069086952473947,0.0,1.0,0.8280553481285837,-0.40000567979434215,0.5183333333333333,0.6703030303030302,0.7671316283144833,0.696
gmsc,mlp,7,0.1,50,0.39808152614541464,0.0,1.0,0.8270841752087911,-0.39513898484383175,0.4956111111111111,0.6848484848484847,0.7923957128167726,0.7
gmsc,mlp,42,-0.1,50,0.033339377917056406,0.8,1.0,0.8556931877150429,0.7957526599638085,0.884388888888889,0.7115151515151514,0.9302403781741961,0.736
gmsc,mlp,42,-0.05,50,0.03342521343558868,0.8,1.0,0.8609591811056522,0.7957091506611158,0.8839444444444444,0.7597575757575757,0.9413459504401273,0.7440000000000001
gmsc,mlp,42,0.05,50,0.38822971182642724,0.0,1.0,0.7556802731517067,-0.423944245023724,0.5431111111111111,0.6887272727272726,0.7894454796856162,0.69
gmsc,mlp,42,0.1,50,0.3867656011545211,0.0,1.0,0.7475682857185919,-0.4276644533752025,0.5311111111111111,0.6174545454545454,0.8066614436264453,0.68
gmsc,mlp,123,-0.1,50,0.02931843425415053,0.8,1.0,0.8979393939393938,0.7856482600530122,0.8888888888888888,0.787151515151515,0.9487108632135659,0.8
gmsc,mlp,123,-0.05,50,0.02945001073226128,0.8,1.0,0.8957575757575756,0.7851936899662849,0.8891666666666667,0.7808484848484848,0.9490371408999381,0.8059999999999999
gmsc,mlp,123,0.05,50,0.4438932303144131,0.0,1.0,0.7624242424242423,-0.3709931612476154,0.49644444444444447,0.632,0.7728553407565323,0.7240000000000001
gmsc,mlp,123,0.1,50,0.4419350779453506,0.0,1.0,0.7561212121212121,-0.373904167613699,0.5035555555555555,0.5949090909090908,0.7638461538162261,0.71
gmsc,mlp,2024,-0.1,50,0.023572061856637225,0.82,1.0,0.8839806284353818,0.8215368008930121,0.9011111111111112,0.7638787878787877,0.9435386461392511,0.792
gmsc,mlp,2024,-0.05,50,0.023666270545130645,0.82,1.0,0.8860504591840852,0.8216449342700686,0.9036666666666667,0.7599999999999999,0.9461917730744195,0.782
gmsc,mlp,2024,0.05,50,0.37346489030596564,0.02,1.0,0.8269618561250073,-0.41865987825052586,0.5897777777777777,0.700121212121212,0.7973705700209931,0.706
gmsc,mlp,2024,0.1,50,0.36632519658838336,0.02,1.0,0.821628522791674,-0.41619287797744997,0.5687222222222222,0.696,0.8124064933244587,0.72
gmsc,random_forest,0,-0.1,50,0.06275796806300708,0.72,1.0,0.9456969696969696,0.8428882198941848,0.8959999999999999,0.7088484848484847,0.911836781645829,0.83
gmsc,random_forest,0,-0.05,50,0.05891124724083045,0.74,1.0,0.9503030303030302,0.8453873397631093,0.904,0.703030303030303,0.9268646810482274,0.87
gmsc,random_forest,0,0.05,50,0.45293699311411223,0.04,1.0,0.750060606060606,0.08695498588133065,0.594,0.5883636363636363,0.6908134481074694,0.7020000000000001
gmsc,random_forest,0,0.1,50,0.44888916410248375,0.04,1.0,0.7503030303030301,0.0906420134607494,0.592,0.6147878787878787,0.741996733890299,0.726
gmsc,random_forest,7,-0.1,50,0.061120836760130144,0.74,1.0,0.9452121212121212,0.840701247035243,0.8960000000000001,0.6913939393939392,0.9032187983780341,0.8540000000000001
gmsc,random_forest,7,-0.05,50,0.05810641056049816,0.76,1.0,0.9488484848484847,0.8433201646341381,0.9079999999999999,0.670060606060606,0.8955280468687847,0.8540000000000001
gmsc,random_forest,7,0.05,50,0.45162139720690564,0.04,1.0,0.7503030303030301,0.09868668882166076,0.58,0.6169696969696968,0.7240152652443562,0.726
gmsc,random_forest,7,0.1,50,0.4508624230940573,0.04,1.0,0.7461818181818181,0.10056237640787287,0.582,0.6176969696969696,0.7444955900756294,0.738
gmsc,random_forest,42,-0.1,50,0.06234164225036459,0.72,1.0,0.950060606060606,0.8459223027479869,0.9079999999999999,0.6877575757575757,0.9045894977483857,0.8220000000000001
gmsc,random_forest,42,-0.05,50,0.05858049608533967,0.74,1.0,0.9573333333333331,0.8495889853959698,0.9079999999999999,0.7117575757575757,0.9098636841138418,0.8220000000000001
gmsc,random_forest,42,0.05,50,0.4560887442866164,0.02,1.0,0.7711515151515151,0.1086510964106004,0.606,0.5856969696969696,0.7121111034818836,0.732
gmsc,random_forest,42,0.1,50,0.4532915300556241,0.02,1.0,0.7689696969696969,0.11305517783265558,0.598,0.615030303030303,0.7180703372494122,0.742
gmsc,random_forest,123,-0.1,50,0.06107741267352785,0.72,1.0,0.9437575757575758,0.841868043289304,0.898,0.7585454545454544,0.9152663406341977,0.8220000000000001
gmsc,random_forest,123,-0.05,50,0.05754656304641172,0.74,1.0,0.9503030303030302,0.8448179645980395,0.9059999999999999,0.7153939393939394,0.9140199333479135,0.852
gmsc,random_forest,123,0.05,50,0.4566051033530954,0.04,1.0,0.7522424242424242,0.09329460352672778,0.606,0.5573333333333332,0.6970658760890163,0.69
gmsc,random_forest,123,0.1,50,0.4517917518125671,0.02,1.0,0.7517575757575757,0.09838736680335439,0.6,0.5847272727272727,0.688135349790731,0.72
gmsc,random_forest,2024,-0.1,50,0.0636550540750631,0.74,1.0,0.9519999999999998,0.8414552015915375,0.8960000000000001,0.7056969696969696,0.9026680885710907,0.836
gmsc,random_forest,2024,-0.05,50,0.0606766665569388,0.74,1.0,0.9549090909090908,0.8444364119733295,0.904,0.6926060606060606,0.9004914450044353,0.8420000000000001
gmsc,random_forest,2024,0.05,50,0.4467575495097354,0.04,1.0,0.7568484848484848,0.11715622706839092,0.604,0.5917575757575757,0.741431004391712,0.752
gmsc,random_forest,2024,0.1,50,0.443077823001028,0.04,1.0,0.7553939393939393,0.12042493900989056,0.598,0.6133333333333333,0.7246828196179779,0.7340000000000001
gmsc,xgboost,0,-0.1,50,0.07527601968497039,0.56,1.0,0.8732121212121211,0.8658464848103036,0.88,0.6943030303030302,0.9064842196275972,0.868
gmsc,xgboost,0,-0.05,50,0.06831842437386512,0.66,1.0,0.8821818181818181,0.8675858861650201,0.89,0.7139393939393939,0.9032859072002961,0.8560000000000001
gmsc,xgboost,0,0.05,50,0.5321097993478179,0.02,1.0,0.6072727272727272,0.17244563282336714,0.54,0.5983030303030302,0.6778161482716965,0.75
gmsc,xgboost,0,0.1,50,0.5336707746610045,0.02,1.0,0.5878787878787878,0.1747428780818804,0.516,0.6121212121212121,0.7130083510818459,0.76
gmsc,xgboost,7,-0.1,50,0.07147956192493439,0.66,1.0,0.8477575757575757,0.8614493260643467,0.89,0.6509090909090908,0.8958599143826191,0.8859999999999999
gmsc,xgboost,7,-0.05,50,0.06715815752744675,0.66,1.0,0.8516363636363635,0.8598732697095639,0.892,0.6276363636363635,0.8907980611224755,0.872
gmsc,xgboost,7,0.05,50,0.5409893423318863,0.02,1.0,0.6007272727272727,0.1720444630515644,0.5479999999999999,0.5726060606060606,0.6720048011489002,0.762
gmsc,xgboost,7,0.1,50,0.5398958891630172,0.02,1.0,0.5459393939393938,0.18170166601869578,0.504,0.568,0.674621036380096,0.754
gmsc,xgboost,42,-0.1,50,0.07508024055510759,0.64,1.0,0.8753939393939393,0.8593685775296034,0.8859999999999999,0.6543030303030303,0.899288849590087,0.8560000000000001
gmsc,xgboost,42,-0.05,50,0.06799357064068318,0.6,1.0,0.8826666666666665,0.8580629648741785,0.89,0.6698181818181816,0.9003184702661894,0.86
gmsc,xgboost,42,0.05,50,0.5335806683450938,0.02,1.0,0.6012121212121211,0.1641894502412164,0.544,0.5852121212121212,0.7056498960322959,0.74
gmsc,xgboost,42,0.1,50,0.529326896443963,0.02,1.0,0.5781818181818181,0.17401314275056096,0.506,0.5507878787878787,0.7056883291948226,0.764
gmsc,xgboost,123,-0.1,50,0.07097118835896253,0.66,1.0,0.8669090909090909,0.8632238939066462,0.892,0.694060606060606,0.8944115638063738,0.846
gmsc,xgboost,123,-0.05,50,0.06708007883280516,0.66,1.0,0.875151515151515,0.8641628886846323,0.894,0.6753939393939393,0.8941216918179292,0.84
gmsc,xgboost,123,0.05,50,0.5459764385968446,0.04,1.0,0.5987878787878788,0.16367363624221898,0.528,0.5694545454545454,0.7044057012018515,0.728
gmsc,xgboost,123,0.1,50,0.541217843964696,0.04,1.0,0.5563636363636363,0.16603384297525398,0.502,0.5958787878787878,0.6855336405079268,0.7120000000000001
gmsc,xgboost,2024,-0.1,50,0.07212147988379002,0.64,1.0,0.8535757575757574,0.8586902179484529,0.8760000000000001,0.6189090909090909,0.8910835074721309,0.88
gmsc,xgboost,2024,-0.05,50,0.06906236849725246,0.58,1.0,0.8707878787878788,0.8591964126494482,0.892,0.6395151515151515,0.8929770943405341,0.848
gmsc,xgboost,2024,0.05,50,0.5482593906670808,0.04,1.0,0.5767272727272726,0.16116687448760017,0.55,0.5585454545454546,0.6983656028489702,0.7559999999999999
gmsc,xgboost,2024,0.1,50,0.5451309079676867,0.04,1.0,0.5364848484848485,0.16619215266788503,0.532,0.6065454545454545,0.6578785651868269,0.75
taiwan,lightgbm,0,-0.1,50,0.09083324088224545,0.4,0.94,0.7841304347826088,0.8246706690264066,0.9026086956521739,0.4194071146245059,0.7288899656761302,0.8008695652173913
taiwan,lightgbm,0,-0.05,50,0.0834192382984264,0.42,0.94,0.8157707509881423,0.8467365631330611,0.92,0.44816205533596837,0.7519971983517965,0.8147826086956522
taiwan,lightgbm,0,0.05,50,0.14377359657206074,0.32,0.92,0.560296442687747,0.6647098386041995,0.8017391304347826,0.38895256916996046,0.7065878777545928,0.7930434782608695
taiwan,lightgbm,0,0.1,50,0.14784957474638907,0.36,0.92,0.5212648221343873,0.6526935010896021,0.7817391304347826,0.35276679841897235,0.6438700540946146,0.7756521739130434
taiwan,lightgbm,7,-0.1,50,0.09793436509679579,0.38,0.94,0.7687549407114624,0.8112214118993251,0.8930434782608695,0.43324110671936755,0.6869961719685286,0.7660869565217391
taiwan,lightgbm,7,-0.05,50,0.09355830437176019,0.44,0.94,0.8069565217391305,0.8315576451857233,0.9121739130434783,0.4337154150197629,0.7087074043849287,0.782608695652174
taiwan,lightgbm,7,0.05,50,0.14762448732526373,0.3,0.92,0.5522332015810276,0.6626531404304058,0.7956521739130434,0.33788537549407116,0.6347784485765826,0.7460869565217391
taiwan,lightgbm,7,0.1,50,0.1541674964361576,0.38,0.92,0.5227667984189723,0.6519303370871451,0.7852173913043479,0.38484189723320156,0.5661187811475051,0.7373913043478261
taiwan,lightgbm,42,-0.1,50,0.08648614637862755,0.38,0.94,0.7642094861660079,0.8313217401021693,0.9095652173913044,0.43395256916996044,0.733012994017719,0.8017391304347826
taiwan,lightgbm,42,-0.05,50,0.08411671467294342,0.42,0.94,0.799505928853755,0.8550634717565829,0.9286956521739129,0.4581818181818182,0.7293723673217634,0.7895652173913044
taiwan,lightgbm,42,0.05,50,0.15764066112682196,0.28,0.92,0.5734387351778656,0.6380975358149061,0.8104347826086956,0.3657114624505929,0.6917273101019448,0.7617391304347827
taiwan,lightgbm,42,0.1,50,0.1644144905486644,0.3,0.92,0.5400988142292491,0.6266796913681602,0.7895652173913044,0.3800197628458498,0.6369655021365438,0.7504347826086957
taiwan,lightgbm,123,-0.1,50,0.09725453439305229,0.34,0.94,0.7633399209486166,0.8229495183647674,0.8956521739130434,0.45205533596837943,0.6867328681822571,0.7834782608695652
taiwan,lightgbm,123,-0.05,50,0.08875002182558302,0.4,0.94,0.7962450592885376,0.8404407302374782,0.9165217391304349,0.4543675889328063,0.7412060545740136,0.8034782608695652
taiwan,lightgbm,123,0.05,50,0.1578714400520253,0.3,0.92,0.5637351778656127,0.6282926557404509,0.7895652173913044,0.3206719367588933,0.6284181112128384,0.7617391304347827
taiwan,lightgbm,123,0.1,50,0.16806590298448218,0.34,0.92,0.5237549407114624,0.6129127861360466,0.7704347826086956,0.3572134387351779,0.5733609284528836,0.748695652173913
taiwan,lightgbm,2024,-0.1,50,0.09065237594183044,0.44,0.94,0.7674110671936759,0.8361242226061151,0.8895652173913043,0.4299407114624506,0.706984605294973,0.7852173913043479
taiwan,lightgbm,2024,-0.05,50,0.08694041141433778,0.5,0.94,0.8113043478260871,0.8558124067219931,0.9156521739130434,0.49084980237154147,0.7248863453617428,0.788695652173913
taiwan,lightgbm,2024,0.05,50,0.154780514340832,0.24,0.92,0.579505928853755,0.6390180332297,0.8121739130434783,0.38152173913043474,0.655347514972139,0.7713043478260869
taiwan,lightgbm,2024,0.1,50,0.16376952965705652,0.34,0.92,0.5441501976284585,0.626309971490458,0.7913043478260868,0.35448616600790517,0.5231456129629933,0.7156521739130435
taiwan,mlp,0,-0.1,50,0.07107880256285432,0.66,0.94,0.6943373493975905,0.8246932109019736,0.9810634920634921,0.543201581027668,0.7945354622213404,0.8139130434782609
taiwan,mlp,0,-0.05,50,0.07125049857326973,0.66,0.94,0.679831325301205,0.8184322706465669,0.9776269841269841,0.49266798418972335,0.768437301553171,0.8086956521739129
taiwan,mlp,0,0.05,50,0.16911166505500624,0.24,0.92,0.5587951807228917,0.5144080955736583,0.8045873015873016,0.3862450592885376,0.5784841692406766,0.7095652173913044
taiwan,mlp,0,0.1,50,0.17190432398748295,0.24,0.92,0.5700000000000001,0.5110315959842029,0.7911111111111111,0.3617193675889328,0.5578919353857562,0.7052173913043478
taiwan,mlp,7,-0.1,50,0.07843007216786134,0.62,0.94,0.6737831325301206,0.7797958518760404,0.9656190476190476,0.5650395256916996,0.7935470107034018,0.8226086956521739
taiwan,mlp,7,-0.05,50,0.07947939560181937,0.6,0.94,0.665277108433735,0.7959721215213524,0.9663968253968254,0.5133399209486167,0.7714103847988931,0.8156521739130435
taiwan,mlp,7,0.05,50,0.18061134684241784,0.24,0.92,0.556120481927711,0.4277249559982777,0.8037619047619047,0.41430830039525696,0.6345381984433783,0.7539130434782609
taiwan,mlp,7,0.1,50,0.17830963724182133,0.24,0.92,0.5685783132530121,0.42989849527511326,0.7992380952380952,0.4199604743083004,0.6162423693058072,0.74
taiwan,mlp,42,-0.1,50,0.06819524128849562,0.68,0.94,0.6616144578313253,0.8293318221084486,0.9877857142857143,0.48930830039525697,0.7961938046129088,0.8365217391304348
taiwan,mlp,42,-0.05,50,0.06879676340735588,0.68,0.94,0.6535421686746988,0.8176605443305917,0.9824285714285714,0.4795059288537549,0.7919222479339136,0.8365217391304348
taiwan,mlp,42,0.05,50,0.17216828693496297,0.2,0.92,0.5134939759036146,0.4320839471853048,0.7760714285714286,0.3395059288537549,0.6076731635313724,0.7373913043478261
taiwan,mlp,42,0.1,50,0.1677586410075223,0.22,0.92,0.5278795180722892,0.4335245863122354,0.7834682539682539,0.2961067193675889,0.6082244346691698,0.7417391304347827
taiwan,mlp,123,-0.1,50,0.07672154090173124,0.64,0.94,0.6706506024096386,0.7560968329075091,0.9771825396825398,0.4814624505928854,0.7737742233340512,0.8086956521739129
taiwan,mlp,123,-0.05,50,0.0770887888938634,0.66,0.94,0.6941204819277109,0.780688923070213,0.9798809523809524,0.48513833992094857,0.7689901761650936,0.8104347826086956
taiwan,mlp,123,0.05,50,0.17973354811073963,0.24,0.92,0.5593734939759037,0.4356367381812552,0.7953571428571429,0.3848221343873518,0.5933351986344324,0.7365217391304348
taiwan,mlp,123,0.1,50,0.17791668675309227,0.24,0.92,0.5833975903614459,0.4335111347184856,0.7890714285714285,0.3657707509881423,0.5906383751770659,0.7243478260869566
taiwan,mlp,2024,-0.1,50,0.0696942823689016,0.68,0.94,0.6746506024096387,0.8000348321993529,0.9692063492063493,0.5231027667984189,0.762776528468241,0.8104347826086956
taiwan,mlp,2024,-0.05,50,0.06902768156530907,0.68,0.94,0.7198795180722892,0.8121511512344217,0.9726428571428571,0.5058498023715415,0.7715499430128488,0.82
taiwan,mlp,2024,0.05,50,0.165869009817944,0.34,0.92,0.5820240963855423,0.48364556595028796,0.8164761904761905,0.32626482213438734,0.6173913282876642,0.7278260869565217
taiwan,mlp,2024,0.1,50,0.16436276088636184,0.34,0.92,0.5826265060240965,0.48176886760156007,0.8255714285714285,0.36438735177865617,0.6423288289233693,0.7356521739130435
taiwan,random_forest,0,-0.1,50,0.06136133988672105,0.72,0.94,0.9125691699604743,0.8518441378182982,0.933913043478261,0.5254150197628459,0.805803915119666,0.8339130434782609
taiwan,random_forest,0,-0.05,50,0.06273012031108609,0.7,0.94,0.9178853754940712,0.8527244220911336,0.9426086956521739,0.5110474308300396,0.8170832270194868,0.8365217391304348
taiwan,random_forest,0,0.05,50,0.09485004631287204,0.46,0.92,0.9046837944664031,0.4794664576967477,0.8791304347826088,0.395,0.6618096494008744,0.7721739130434783
taiwan,random_forest,0,0.1,50,0.09452113770847598,0.46,0.92,0.8983596837944664,0.4793262618427673,0.8713043478260869,0.44833992094861663,0.6389525968435162,0.74
taiwan,random_forest,7,-0.1,50,0.060505839477813295,0.72,0.94,0.9052766798418972,0.8479193655314832,0.9313043478260871,0.49462450592885376,0.8015383248796898,0.8426086956521739
taiwan,random_forest,7,-0.05,50,0.06150297228236367,0.72,0.94,0.9119367588932806,0.8498997952654797,0.9365217391304348,0.5125691699604743,0.8063727961535281,0.8521739130434782
taiwan,random_forest,7,0.05,50,0.09696848099063558,0.48,0.92,0.8873320158102768,0.4688143183812248,0.8756521739130434,0.3479841897233202,0.6822607495477726,0.7704347826086956
taiwan,random_forest,7,0.1,50,0.09521590542350214,0.48,0.92,0.8811660079051384,0.469068453242996,0.8652173913043478,0.39280632411067196,0.632741243973384,0.7495652173913043
taiwan,random_forest,42,-0.1,50,0.06065400994890374,0.74,0.94,0.8976877470355731,0.8539782348716419,0.9356521739130435,0.511403162055336,0.8045756667635583,0.8356521739130435
taiwan,random_forest,42,-0.05,50,0.061569743732225,0.7,0.94,0.904505928853755,0.8561888011198241,0.9426086956521739,0.5029644268774703,0.8025797711635206,0.8417391304347827
taiwan,random_forest,42,0.05,50,0.09909316505135538,0.46,0.92,0.8563438735177865,0.45481870655138645,0.8782608695652173,0.3701778656126482,0.6720749906981319,0.7678260869565218
taiwan,random_forest,42,0.1,50,0.09717874419963783,0.46,0.92,0.8553359683794467,0.4571827121834576,0.8695652173913043,0.39341897233201584,0.6609851373475735,0.7634782608695652
taiwan,random_forest,123,-0.1,50,0.06021639871622018,0.72,0.94,0.9004150197628459,0.8521296769382306,0.9286956521739131,0.484802371541502,0.7943080470756039,0.84
taiwan,random_forest,123,-0.05,50,0.06109771188237722,0.72,0.94,0.9116205533596837,0.8535229378243799,0.9269565217391305,0.515,0.7954101006251564,0.8269565217391305
taiwan,random_forest,123,0.05,50,0.1008835669830928,0.44,0.92,0.8845849802371543,0.46654498989632953,0.8669565217391305,0.39391304347826084,0.6719041172693193,0.7634782608695652
taiwan,random_forest,123,0.1,50,0.09924471794606816,0.44,0.92,0.8782806324110672,0.46737639708141104,0.8582608695652173,0.39108695652173914,0.6789813931313798,0.7652173913043478
taiwan,random_forest,2024,-0.1,50,0.06308974789506311,0.72,0.94,0.91300395256917,0.8497017471524754,0.9330434782608695,0.5169762845849802,0.7822928819266868,0.8243478260869566
taiwan,random_forest,2024,-0.05,50,0.06392755050145867,0.7,0.94,0.9202766798418972,0.8507908230362463,0.9382608695652174,0.5223122529644268,0.7952270885375331,0.837391304347826
taiwan,random_forest,2024,0.05,50,0.09533639500639046,0.46,0.92,0.8938537549407115,0.4747222367630146,0.8852173913043478,0.3846442687747036,0.7064085727524477,0.7782608695652173
taiwan,random_forest,2024,0.1,50,0.09366534431053852,0.48,0.92,0.8851383399209486,0.47528161754303744,0.8834782608695652,0.36438735177865617,0.6676417209084938,0.7530434782608695
taiwan,xgboost,0,-0.1,50,0.0925430828332901,0.38,0.94,0.7500790513833993,0.8376016901030643,0.8982608695652173,0.4897233201581027,0.7450493026239952,0.7921739130434783
taiwan,xgboost,0,-0.05,50,0.08479970276355743,0.5,0.94,0.7768577075098814,0.8484971375258437,0.9104347826086956,0.4710474308300395,0.732613108769649,0.7852173913043479
taiwan,xgboost,0,0.05,50,0.12774287894368172,0.38,0.92,0.6902371541501977,0.7381181886214452,0.868695652173913,0.3174308300395257,0.6179493261676303,0.7660869565217391
taiwan,xgboost,0,0.1,50,0.12903119526803494,0.36,0.92,0.6401185770750989,0.7287132404977404,0.8513043478260869,0.36673913043478257,0.6338730638641061,0.7643478260869565
taiwan,xgboost,7,-0.1,50,0.10052194863557816,0.4,0.94,0.7500988142292491,0.8408165580029866,0.9060869565217391,0.4593280632411067,0.7084797445884073,0.7652173913043478
taiwan,xgboost,7,-0.05,50,0.09182651355862617,0.48,0.94,0.7829051383399209,0.852884962709985,0.9156521739130434,0.4131422924901186,0.7204028681738103,0.7852173913043479
taiwan,xgboost,7,0.05,50,0.11703823074698448,0.38,0.92,0.7302173913043478,0.7307745981335162,0.8791304347826088,0.34954545454545455,0.662515085208225,0.7773913043478261
taiwan,xgboost,7,0.1,50,0.12320918530225754,0.34,0.92,0.6790118577075098,0.7214740040603073,0.8713043478260869,0.33551383399209483,0.6628312575497927,0.7730434782608695
taiwan,xgboost,42,-0.1,50,0.0935641060769558,0.38,0.94,0.7198221343873519,0.8420932707961817,0.888695652173913,0.46598814229249014,0.7276519695060892,0.7834782608695652
taiwan,xgboost,42,-0.05,50,0.08584283679723739,0.44,0.94,0.7584782608695653,0.8538226964205403,0.9043478260869565,0.48776679841897236,0.74296751075079,0.782608695652174
taiwan,xgboost,42,0.05,50,0.11306387647986411,0.42,0.92,0.7204150197628459,0.7354264014030453,0.8652173913043478,0.37330039525691705,0.7132185697366376,0.7939130434782607
taiwan,xgboost,42,0.1,50,0.1139423231780529,0.36,0.92,0.6768577075098814,0.7270880667194182,0.8469565217391305,0.34883399209486166,0.6758954762198366,0.7791304347826088
taiwan,xgboost,123,-0.1,50,0.09612341850996017,0.4,0.94,0.7590711462450593,0.847945681578711,0.8860869565217391,0.4515415019762846,0.7147405202801314,0.7869565217391304
taiwan,xgboost,123,-0.05,50,0.08715516149997711,0.42,0.94,0.8036758893280633,0.8588791749582454,0.8921739130434783,0.5116403162055336,0.7389207555333208,0.7817391304347826
taiwan,xgboost,123,0.05,50,0.11701102450489997,0.38,0.92,0.7191106719367589,0.7343834643555128,0.868695652173913,0.3498418972332016,0.7188971535435141,0.7956521739130434
taiwan,xgboost,123,0.1,50,0.11979212954640389,0.34,0.92,0.6752766798418972,0.7266291076694167,0.8573913043478261,0.3500395256916996,0.6948141672360444,0.7930434782608695
taiwan,xgboost,2024,-0.1,50,0.09650348126888275,0.38,0.94,0.7411462450592886,0.8290112509067314,0.913913043478261,0.47411067193675893,0.6918766978523068,0.7626086956521739
taiwan,xgboost,2024,-0.05,50,0.09317902535200119,0.44,0.94,0.776403162055336,0.8375244922194877,0.9278260869565217,0.4751778656126482,0.6916059341198515,0.7582608695652173
taiwan,xgboost,2024,0.05,50,0.11166586980223656,0.4,0.92,0.7079249011857708,0.7530970830329272,0.8834782608695652,0.30175889328063243,0.6721591295140281,0.7834782608695652
taiwan,xgboost,2024,0.1,50,0.11322146341204643,0.38,0.92,0.6709683794466403,0.7458776171453914,0.8643478260869566,0.3143675889328063,0.669531687401252,0.7817391304347826
