dataset,model,seed,instance_index,perturbation_rate,p_orig,p_pert,prediction_drift,prediction_preserving,plausibility_pass,plausibility_max_z,shap_rank_sim,shap_attr_sim,shap_sign_cons,shap_topk_overlap,lime_rank_sim,lime_attr_sim,lime_sign_cons,lime_topk_overlap
gmsc,mlp,0,1905,-0.1,0.033775974707224744,0.03387804022753557,0.00010206552031082755,True,True,0.30823489771542667,0.9999999999999999,0.9978451101184963,1.0,1.0,0.6121212121212121,0.9950356647300556,1.0,0.8
gmsc,mlp,0,1905,-0.05,0.033775974707224744,0.03348091918498888,0.0002950555222358611,True,True,0.29728572640890855,0.9999999999999999,0.9986797040891342,1.0,1.0,0.8303030303030302,0.9755689304919787,0.6,0.8
gmsc,mlp,0,1905,0.05,0.033775974707224744,0.40478886115237217,0.3710128864451474,False,True,0.8673323051435078,0.9393939393939393,-0.8026298635647748,0.6,0.8,0.6606060606060605,0.9705467291432402,1.0,0.8
gmsc,mlp,0,1905,0.1,0.033775974707224744,0.39823724393009297,0.3644612692228682,False,True,1.0779884236059345,0.9636363636363635,-0.8107499987751653,0.5,0.8,0.7696969696969697,0.9860411479446146,0.9,0.8
gmsc,mlp,0,2029,-0.1,0.08295017325942071,0.08018531453959656,0.0027648587198241537,True,True,1.2599910123282463,0.8181818181818182,0.9632596389057548,1.0,0.8,0.6727272727272726,0.888067099382499,0.7,0.8
gmsc,mlp,0,2029,-0.05,0.08295017325942071,0.07999487371899153,0.002955299540429182,True,True,1.2599910123282463,0.8181818181818182,0.9605979227567981,1.0,0.8,0.6484848484848483,0.9118713891486274,0.7,0.8
gmsc,mlp,0,2029,0.05,0.08295017325942071,0.5312385265111874,0.4482883532517667,False,True,2.9449344475524075,0.5515151515151515,-0.5001588027163671,0.5555555555555556,0.6,0.5030303030303029,0.6099682921726121,0.7,0.6
gmsc,mlp,0,2029,0.1,0.08295017325942071,0.5255307678525383,0.44258059459311755,False,True,2.9449344475524075,0.5515151515151515,-0.5092829384286508,0.5555555555555556,0.6,0.7696969696969697,0.4343878667681371,0.5,1.0
gmsc,mlp,0,2564,-0.1,0.0268890101198282,0.028693433515658655,0.0018044233958304547,True,True,1.3410781088539778,0.9030303030303028,0.9408694010699156,0.8,0.8,0.5393939393939393,0.7895332556007857,1.0,0.8
gmsc,mlp,0,2564,-0.05,0.0268890101198282,0.029274223801089527,0.0023852136812613257,True,True,1.4245593826786969,0.9151515151515152,0.9344954245589081,0.8,0.8,0.6848484848484848,0.7993465709443804,0.8,0.8
gmsc,mlp,0,2564,0.05,0.0268890101198282,0.2517668638998708,0.2248778537800426,False,True,2.9449344475524075,0.7454545454545454,-0.4151298904103154,0.5,0.8,-0.24848484848484845,0.5923114607082478,0.8,0.6
gmsc,mlp,0,2564,0.1,0.0268890101198282,0.23610471634957345,0.20921570622974525,False,True,2.9449344475524075,0.6848484848484848,-0.4220099465517717,0.4,0.8,-0.01818181818181818,0.22448950842132792,0.4,0.4
gmsc,mlp,0,2662,-0.1,0.025613698235258643,0.0313106580799314,0.005696959844672757,True,True,0.9009113680039178,0.9636363636363635,0.8965598619319258,0.7,1.0,0.7696969696969697,0.988075636861168,0.7,0.8
gmsc,mlp,0,2662,-0.05,0.025613698235258643,0.0305318898774614,0.0049181916422027586,True,True,0.9009113680039178,0.9636363636363635,0.8952159230851753,0.7,1.0,0.8909090909090909,0.983216414799908,0.8,1.0
gmsc,mlp,0,2662,0.05,0.025613698235258643,0.42533738477169514,0.3997236865364365,False,True,1.1387031501025813,0.6969696969696969,-0.9049078987197288,0.5,0.6,0.8303030303030302,0.9862745368213828,0.7,0.8
gmsc,mlp,0,2662,0.1,0.025613698235258643,0.41396634551288963,0.38835264727763097,False,True,1.1387031501025813,0.6727272727272726,-0.9050158109910394,0.4444444444444444,0.6,0.7333333333333332,0.9725419433707139,0.8,0.8
gmsc,mlp,0,2751,-0.1,0.10422792930181489,0.03871245295097013,0.06551547635084476,False,True,1.557343315564687,0.8909090909090909,0.038703655810687625,0.7777777777777778,0.8,0.8424242424242423,0.9274466313966144,0.8,0.8
gmsc,mlp,0,2751,-0.05,0.10422792930181489,0.03827215988864887,0.06595576941316603,False,True,1.6719357209423222,0.9030303030303028,0.03570337573684325,0.7,0.8,0.7212121212121211,0.9490263403887907,0.7,0.8
gmsc,mlp,0,2751,0.05,0.10422792930181489,0.5861317321700912,0.4819038028682763,False,True,1.9011205316975937,0.8303030303030302,0.3190111012971072,0.6,1.0,0.7696969696969697,0.7105266920201193,0.6,0.8
gmsc,mlp,0,2751,0.1,0.10422792930181489,0.5978974355709342,0.4936695062691193,False,True,2.015712937075229,0.8424242424242423,0.3201842549646203,0.6,0.8,0.5030303030303029,0.6587390272221663,0.6,0.6
gmsc,mlp,0,2810,-0.1,0.01074666314843152,0.012472044559585671,0.0017253814111541504,True,True,1.9741832262102472,0.9636363636363635,0.9555742235585581,0.9,1.0,0.6848484848484848,0.8690032319820276,0.7,0.8
gmsc,mlp,0,2810,-0.05,0.01074666314843152,0.012042048594536116,0.0012953854461045956,True,True,2.111933404401525,0.9272727272727272,0.9559043124118733,0.9,0.8,0.7696969696969697,0.9052450900419893,0.9,0.8
gmsc,mlp,0,2810,0.05,0.01074666314843152,0.1938275410624569,0.1830808779140254,False,True,2.3874337607840808,0.8303030303030302,-0.2973531423236079,0.6,0.8,0.5757575757575757,0.7450019683493578,0.8,0.6
gmsc,mlp,0,2810,0.1,0.01074666314843152,0.1833008315316007,0.17255416838316917,False,True,2.5251839389753585,0.8181818181818182,-0.2706013137363566,0.6,0.8,0.2121212121212121,0.4981580046060398,0.7,0.6
gmsc,mlp,0,3823,-0.1,0.023576303525939462,0.028530163701700986,0.004953860175761524,True,True,0.9009113680039178,0.9636363636363635,0.9415331662477525,0.9,1.0,0.8424242424242423,0.9724816954712092,0.5,0.8
gmsc,mlp,0,3823,-0.05,0.023576303525939462,0.02815257164946885,0.0045762681235293895,True,True,0.9009113680039178,0.9636363636363635,0.9457827897790957,0.9,1.0,0.6606060606060605,0.9853872224647919,0.9,0.8
gmsc,mlp,0,3823,0.05,0.023576303525939462,0.45591392446887724,0.43233762094293776,False,True,0.8658023818280449,0.9393939393939393,-0.8720487945527599,0.6,1.0,0.7212121212121211,0.9720309842041344,0.7,0.8
gmsc,mlp,0,3823,0.1,0.023576303525939462,0.4451354750792729,0.42155917155333344,False,True,0.8658023818280449,0.9515151515151514,-0.8734527558022797,0.6,1.0,0.709090909090909,0.9726580495642815,0.7,0.8
gmsc,mlp,0,4935,-0.1,0.05859534239798802,0.015326675364093545,0.043268667033894474,True,True,1.6569402006969283,0.8545454545454544,0.2752590051177045,0.6666666666666666,0.8,0.7575757575757575,0.9497475664080628,0.9,1.0
gmsc,mlp,0,4935,-0.05,0.05859534239798802,0.014764467999533383,0.043830874398454636,True,True,1.6569402006969283,0.8666666666666665,0.28843791979237077,0.6,0.8,0.7454545454545454,0.9297743601174254,0.8,0.8
gmsc,mlp,0,4935,0.05,0.05859534239798802,0.33869369625414303,0.280098353856155,False,True,2.632516131660007,0.8545454545454544,0.20524742302210255,0.6,0.8,0.309090909090909,0.16658156171554106,0.4,0.4
gmsc,mlp,0,4935,0.1,0.05859534239798802,0.32294236670104376,0.26434702430305573,False,True,2.632516131660007,0.8424242424242423,0.2222101315502395,0.6,0.8,0.3939393939393939,0.6682655061509142,0.6,0.6
gmsc,mlp,0,5449,-0.1,0.03928991576821514,0.0356016085257219,0.0036883072424932356,True,True,0.9009113680039178,0.9515151515151514,0.9113502257445121,0.7,1.0,0.8060606060606059,0.9760572300382341,0.7,1.0
gmsc,mlp,0,5449,-0.05,0.03928991576821514,0.03537239278984045,0.0039175229783746865,True,True,0.9009113680039178,0.9515151515151514,0.9062713915254731,0.7777777777777778,1.0,0.709090909090909,0.9698194313400065,0.6,0.8
gmsc,mlp,0,5449,0.05,0.03928991576821514,0.5014819087639167,0.4621919929957016,False,True,1.1387031501025813,0.8787878787878788,-0.7066599369188226,0.4,1.0,0.8303030303030302,0.9539160690714927,0.9,1.0
gmsc,mlp,0,5449,0.1,0.03928991576821514,0.48785107876087025,0.44856116299265514,False,True,1.1387031501025813,0.8787878787878788,-0.7161674627810867,0.4,1.0,0.7818181818181817,0.9903484396050575,0.9,0.8
gmsc,mlp,0,6011,-0.1,0.040097923263488704,0.036067537378597976,0.004030385884890728,True,True,1.1387031501025813,0.9151515151515152,0.986135184176684,1.0,0.8,0.7212121212121211,0.970166409741424,0.5,0.8
gmsc,mlp,0,6011,-0.05,0.040097923263488704,0.03510438678805843,0.004993536475430271,True,True,1.1387031501025813,0.8787878787878788,0.9879215276671529,1.0,0.6,0.7454545454545454,0.9608624299080274,0.7,1.0
gmsc,mlp,0,6011,0.05,0.040097923263488704,0.4762226422732884,0.4361247190097997,False,True,2.9449344475524075,0.8303030303030302,-0.8166529120709249,0.4444444444444444,0.8,0.5636363636363636,0.5818459429074888,0.7,0.8
gmsc,mlp,0,6011,0.1,0.040097923263488704,0.4734861312995861,0.4333882080360974,False,True,2.9449344475524075,0.8060606060606059,-0.8193183939513154,0.4444444444444444,0.8,0.7818181818181817,0.7732914988940311,0.8,1.0
gmsc,mlp,0,6785,-0.1,0.013744060943685976,0.012895020542496511,0.0008490404011894642,True,True,0.48214268885486633,0.9878787878787878,0.9980356480313723,1.0,1.0,0.8909090909090909,0.9788269690081256,0.9,1.0
gmsc,mlp,0,6785,-0.05,0.013744060943685976,0.012506731030720024,0.0012373299129659517,True,True,0.48214268885486633,0.9878787878787878,0.9987880316349483,1.0,1.0,0.8060606060606059,0.9723866709245853,0.8,1.0
gmsc,mlp,0,6785,0.05,0.013744060943685976,0.40297047710644707,0.3892264161627611,False,True,1.8662500281750127,0.9272727272727272,-0.8140221319139032,0.5,0.8,0.7696969696969697,0.9701538602823656,0.9,0.8
gmsc,mlp,0,6785,0.1,0.013744060943685976,0.3973939809136329,0.38364991996994696,False,True,2.1244736572579863,0.8545454545454544,-0.800493636933134,0.4,0.8,0.9151515151515152,0.942112104496185,0.6,1.0
gmsc,mlp,0,8266,-0.1,0.022937392788379772,0.021617919456284898,0.001319473332094874,True,True,0.6766047697232113,0.9878787878787878,0.9989548732954217,1.0,1.0,0.6121212121212121,0.9380356996578705,0.8,0.8
gmsc,mlp,0,8266,-0.05,0.022937392788379772,0.02091268815885922,0.0020247046295205524,True,True,0.6766047697232113,0.9999999999999999,0.9990513418747247,1.0,1.0,0.8303030303030302,0.9754362104649867,0.9,0.8
gmsc,mlp,0,8266,0.05,0.022937392788379772,0.4150468254641454,0.39210943267576565,False,True,1.010034837005152,0.8787878787878788,-0.8661452003603852,0.5,0.8,0.7818181818181817,0.9561319773141399,0.6,0.8
gmsc,mlp,0,8266,0.1,0.022937392788379772,0.4090884560932134,0.3861510633048337,False,True,1.2274863141276564,0.9757575757575757,-0.8596975662245389,0.4,1.0,0.7696969696969697,0.9406725343315748,0.6,1.0
gmsc,mlp,0,10590,-0.1,0.018301230570078146,0.03020045616853407,0.011899225598455923,True,True,0.9009113680039178,0.9878787878787878,0.9309117637912129,0.9,1.0,0.6121212121212121,0.9679896762263718,0.7,0.8
gmsc,mlp,0,10590,-0.05,0.018301230570078146,0.02926511249872784,0.010963881928649694,True,True,0.9009113680039178,0.9757575757575757,0.9347346411650422,0.9,0.8,0.7818181818181817,0.9743179945717096,0.8,0.8
gmsc,mlp,0,10590,0.05,0.018301230570078146,0.41432691068190847,0.3960256801118303,False,True,0.8658023818280449,0.7333333333333332,-0.8569051225203078,0.7,0.8,0.7575757575757575,0.958342223629758,0.8,1.0
gmsc,mlp,0,10590,0.1,0.018301230570078146,0.4138466945397428,0.39554546396966467,False,True,0.9284905330842125,0.709090909090909,-0.8593293589932869,0.5555555555555556,0.8,0.8060606060606059,0.9513281631371857,0.6,0.8
gmsc,mlp,0,11068,-0.1,0.06081970243852205,0.0179984576502538,0.04282124478826825,True,True,0.6675281473472447,0.8666666666666665,0.011386617602653073,0.6666666666666666,1.0,0.7818181818181817,0.982743920208499,0.8,0.8
gmsc,mlp,0,11068,-0.05,0.06081970243852205,0.01702016384162045,0.0437995385969016,True,True,0.6675281473472447,0.8424242424242423,0.02289464261992561,0.6,1.0,0.9272727272727272,0.9943064218401434,0.8,0.8
gmsc,mlp,0,11068,0.05,0.06081970243852205,0.472858983653932,0.41203928121540995,False,True,1.7491592567440262,0.8303030303030302,0.1008454251431268,0.5,1.0,0.7939393939393938,0.9364899635499918,1.0,0.8
gmsc,mlp,0,11068,0.1,0.06081970243852205,0.4684391953040453,0.4076194928655233,False,True,1.7491592567440262,0.8303030303030302,0.10152637797952968,0.4,1.0,0.7696969696969697,0.9571319343107513,0.9,0.8
gmsc,mlp,0,12014,-0.1,0.013603814448533523,0.022862476715861838,0.009258662267328315,True,True,0.9009113680039178,0.9636363636363635,0.9315975237025089,0.9,0.8,0.9515151515151514,0.9908864648233873,0.9,0.8
gmsc,mlp,0,12014,-0.05,0.013603814448533523,0.022226051024743218,0.008622236576209695,True,True,0.9009113680039178,0.9878787878787878,0.9324884147222252,0.9,1.0,0.8060606060606059,0.9797588253686397,0.6,1.0
gmsc,mlp,0,12014,0.05,0.013603814448533523,0.3708073469672679,0.3572035325187344,False,True,1.0813861029359735,0.8181818181818182,-0.8480999729222599,0.5,1.0,0.5878787878787878,0.9698560864024229,0.9,0.8
gmsc,mlp,0,12014,0.1,0.013603814448533523,0.36965186695968055,0.356048052511147,False,True,1.302235259388517,0.8181818181818182,-0.8467911880952228,0.5,1.0,0.8181818181818182,0.9922504190173365,0.9,1.0
gmsc,mlp,0,12918,-0.1,0.04304550945464711,0.03300581090113879,0.010039698553508315,True,True,1.1387031501025813,0.8424242424242423,0.014267504783784394,0.8,1.0,0.7939393939393938,0.9603070396327789,0.8,1.0
gmsc,mlp,0,12918,-0.05,0.04304550945464711,0.033876426288637164,0.009169083166009943,True,True,1.1387031501025813,0.8303030303030302,0.01769539648053659,0.7777777777777778,1.0,0.7939393939393938,0.9546710856769075,0.7,0.8
gmsc,mlp,0,12918,0.05,0.04304550945464711,0.4938190657883461,0.450773556333699,False,True,2.9449344475524075,0.7575757575757575,0.12740974697278526,0.8,0.8,0.4666666666666666,0.49555563655528295,0.5,0.8
gmsc,mlp,0,12918,0.1,0.04304550945464711,0.47639300051398703,0.4333474910593399,False,True,2.9449344475524075,0.709090909090909,0.15053269112134549,0.8,0.8,0.5272727272727272,0.5332372368060676,0.6,0.8
gmsc,mlp,0,13093,-0.1,0.026616126727588695,0.033300909445061144,0.00668478271747245,True,True,0.9009113680039178,0.9878787878787878,0.9499669731451102,0.9,1.0,0.6606060606060605,0.9825037907924071,0.8,0.8
gmsc,mlp,0,13093,-0.05,0.026616126727588695,0.032832483167975844,0.00621635644038715,True,True,0.9009113680039178,0.9878787878787878,0.9513902068109814,0.9,1.0,0.7575757575757575,0.9814907899250253,0.8,0.8
gmsc,mlp,0,13093,0.05,0.026616126727588695,0.43145739752125667,0.404841270793668,False,True,0.9386835710743303,0.8545454545454544,-0.8298879067496798,0.5,1.0,0.7696969696969697,0.9535081671783936,0.6,0.8
gmsc,mlp,0,13093,0.1,0.026616126727588695,0.4274138210778912,0.40079769435030255,False,True,1.152737368866795,0.8060606060606059,-0.8270738851435429,0.5555555555555556,1.0,0.7696969696969697,0.9556667379273023,0.7,0.8
gmsc,mlp,0,13239,-0.1,0.19641884398631257,0.030257748646276603,0.16616109534003598,False,True,1.2680160389602384,0.8545454545454544,-0.3557813218999081,0.8,1.0,0.7696969696969697,0.9354979720111644,0.8,0.8
gmsc,mlp,0,13239,-0.05,0.19641884398631257,0.02994893487670072,0.16646990910961185,False,True,1.2680160389602384,0.8181818181818182,-0.3613507631054378,0.8,1.0,0.8303030303030302,0.9512989655466071,0.8,0.8
gmsc,mlp,0,13239,0.05,0.19641884398631257,0.517428589650793,0.3210097456644804,False,True,2.008952560036657,0.6606060606060605,0.8659696225743605,0.5,0.8,0.6727272727272726,0.8563417314605749,0.8,0.6
gmsc,mlp,0,13239,0.1,0.19641884398631257,0.5144186163650899,0.3179997723787773,False,True,2.2739715477797087,0.6606060606060605,0.8623808633772292,0.7,0.8,0.3696969696969697,0.8394822124817947,0.7,0.6
gmsc,mlp,0,13315,-0.1,0.024065234325196222,0.024850911608076686,0.0007856772828804641,True,True,1.2680160389602384,0.9999999999999999,0.9985925021341234,1.0,1.0,0.8181818181818182,0.9610564643562753,0.7,1.0
gmsc,mlp,0,13315,-0.05,0.024065234325196222,0.024236128875333565,0.00017089455013734323,True,True,1.2680160389602384,0.9999999999999999,0.9996219829478098,1.0,1.0,0.9272727272727272,0.9838909307809356,0.7,0.8
gmsc,mlp,0,13315,0.05,0.024065234325196222,0.35043777721233244,0.32637254288713624,False,True,1.6569402006969283,0.8424242424242423,-0.8343619136417786,0.3,0.8,0.8545454545454544,0.9054719585492671,0.7,0.8
gmsc,mlp,0,13315,0.1,0.024065234325196222,0.35926868151683417,0.33520344719163797,False,True,1.6569402006969283,0.9030303030303028,-0.8376669125685956,0.3,0.8,0.8181818181818182,0.9275495054502223,0.7,0.8
gmsc,mlp,0,13443,-0.1,0.0805391635110977,0.03243348376373856,0.048105679747359145,True,True,0.23558750137766826,0.7939393939393938,0.0085554465130653,0.9,1.0,0.8060606060606059,0.9653483293823134,0.7,0.8
gmsc,mlp,0,13443,-0.05,0.0805391635110977,0.031628978129926426,0.04891018538117128,True,True,0.23558750137766826,0.8181818181818182,0.01656504142120614,0.9,1.0,0.7454545454545454,0.9757320513652855,0.9,0.8
gmsc,mlp,0,13443,0.05,0.0805391635110977,0.5336890972118747,0.45314993370077705,False,True,2.0418187988274945,0.8909090909090909,0.08565527944876944,0.6,1.0,0.8060606060606059,0.8590008194459421,0.8,0.8
gmsc,mlp,0,13443,0.1,0.0805391635110977,0.5266141671633618,0.44607500365226416,False,True,2.0418187988274945,0.8787878787878788,0.09279397934428046,0.5,0.8,0.6727272727272726,0.8467253483051367,0.8,0.8
gmsc,mlp,0,13450,-0.1,0.12167844254062167,0.04646757214835396,0.0752108703922677,False,True,0.2957056346185135,0.8545454545454544,0.04988499708973724,0.9,0.8,0.9636363636363635,0.9673021295764385,0.7,1.0
gmsc,mlp,0,13450,-0.05,0.12167844254062167,0.04576105272400969,0.07591738981661197,False,True,0.2957056346185135,0.9030303030303028,0.04454988349290844,0.9,0.8,0.9515151515151514,0.9507980304225161,0.7,0.8
gmsc,mlp,0,13450,0.05,0.12167844254062167,0.44545841973080524,0.3237799771901836,False,True,1.844015800227719,0.8787878787878788,0.24451182111607087,0.5,0.8,0.9030303030303028,0.9447558348444631,0.7,1.0
gmsc,mlp,0,13450,0.1,0.12167844254062167,0.4391177767711875,0.31743933423056586,False,True,1.7624714963067798,0.8666666666666665,0.24212538967326583,0.5,0.8,0.8787878787878788,0.9524245037581114,0.7,0.8
gmsc,mlp,0,14935,-0.1,0.03655705858801783,0.03689103972447258,0.00033398113645474736,True,True,0.6846297963552035,0.9636363636363635,0.9973595547077312,1.0,1.0,0.9030303030303028,0.984950370564643,0.6,1.0
gmsc,mlp,0,14935,-0.05,0.03655705858801783,0.03595519248067552,0.0006018661073423151,True,True,0.6846297963552035,0.9636363636363635,0.9986433330441264,1.0,1.0,0.8181818181818182,0.9835749890851075,0.8,1.0
gmsc,mlp,0,14935,0.05,0.03655705858801783,0.43255336295995406,0.3959963043719362,False,True,1.0735539580918934,0.7818181818181817,-0.8963933730600426,0.6,0.8,0.8060606060606059,0.9828456199515073,0.7,0.8
gmsc,mlp,0,14935,0.1,0.03655705858801783,0.4262939671852491,0.38973690859723126,False,True,1.0735539580918934,0.8181818181818182,-0.8954651548193756,0.6,0.8,0.8666666666666665,0.9807792974302835,0.8,0.8
gmsc,mlp,0,15317,-0.1,0.08838850844009864,0.11768906923979912,0.029300560799700476,True,True,1.6489151740649362,0.9030303030303028,0.9561943812340225,0.8,0.8,0.6969696969696969,0.9682407053481817,0.8,0.8
gmsc,mlp,0,15317,-0.05,0.08838850844009864,0.11860848757968315,0.030219979139584505,True,True,1.6489151740649362,0.8545454545454544,0.9534621290813426,0.8888888888888888,0.8,0.8181818181818182,0.9616917536020975,0.6,1.0
gmsc,mlp,0,15317,0.05,0.08838850844009864,0.47674710440946055,0.3883585959693619,False,True,1.2599910123282463,0.8424242424242423,-0.3410564972246373,0.6,0.8,0.9636363636363635,0.886711097118385,0.7,1.0
gmsc,mlp,0,15317,0.1,0.08838850844009864,0.46621925510236223,0.3778307466622636,False,True,1.2599910123282463,0.7333333333333332,-0.3475913281572995,0.6,0.8,0.9272727272727272,0.9263929145241618,0.6,0.8
gmsc,mlp,0,15710,-0.1,0.023735570592990637,0.024876693606148692,0.0011411230131580553,True,True,0.8710668505915563,0.9272727272727272,0.9547295026325681,0.8,0.8,0.6606060606060605,0.9560973701033726,0.7,0.8
gmsc,mlp,0,15710,-0.05,0.023735570592990637,0.024469057042539488,0.0007334864495488515,True,True,0.8710668505915563,0.9515151515151514,0.9566781201892968,0.8,0.8,0.9878787878787878,0.9446778710750547,0.6,1.0
gmsc,mlp,0,15710,0.05,0.023735570592990637,0.5870472804130491,0.5633117098200585,False,True,2.632516131660007,0.9030303030303028,-0.8118294446013432,0.5,0.8,0.2606060606060606,0.6915782279877731,0.5,0.6
gmsc,mlp,0,15710,0.1,0.023735570592990637,0.5825456625101392,0.5588100919171486,False,True,2.632516131660007,0.9393939393939393,-0.8091877493280798,0.5,1.0,0.5272727272727272,0.8015898290397286,0.5,0.6
gmsc,mlp,0,16285,-0.1,0.027358184063056384,0.03422378008469605,0.006865596021639667,True,True,0.9009113680039178,0.9757575757575757,0.9535783148285621,0.9,0.8,0.6848484848484848,0.9644056524170989,0.7,0.8
gmsc,mlp,0,16285,-0.05,0.027358184063056384,0.03380502671239844,0.006446842649342057,True,True,0.9009113680039178,0.9757575757575757,0.9538237759714966,0.9,0.8,0.8181818181818182,0.9730783252268024,0.7,1.0
gmsc,mlp,0,16285,0.05,0.027358184063056384,0.4804391834306218,0.4530809993675654,False,True,0.8658023818280449,0.8060606060606059,-0.8482902634988003,0.5,0.8,0.8303030303030302,0.9757079467963321,0.7,1.0
gmsc,mlp,0,16285,0.1,0.027358184063056384,0.4647565515226789,0.4373983674596225,False,True,0.8658023818280449,0.7333333333333332,-0.8537128551205164,0.5,0.8,0.7575757575757575,0.93972755397266,0.6,1.0
gmsc,mlp,0,16561,-0.1,0.014161350478758513,0.01265910062518314,0.0015022498535753742,True,True,0.48214268885486633,0.9757575757575757,0.9947390353005963,1.0,1.0,0.8545454545454544,0.9844033018689833,0.7,1.0
gmsc,mlp,0,16561,-0.05,0.014161350478758513,0.012148782428356555,0.002012568050401958,True,True,0.48214268885486633,0.9757575757575757,0.9955504014474535,1.0,1.0,0.8909090909090909,0.9771142736764373,0.9,0.8
gmsc,mlp,0,16561,0.05,0.014161350478758513,0.45634827688906887,0.4421869264103104,False,True,1.7491592567440262,0.9030303030303028,-0.871003006879851,0.5,0.8,0.6484848484848483,0.9117348925755074,0.7,0.8
gmsc,mlp,0,16561,0.1,0.014161350478758513,0.44816758372003934,0.43400623324128085,False,True,1.7491592567440262,0.9030303030303028,-0.8642244936188814,0.5,0.8,0.5393939393939393,0.8975743688207004,0.6,0.8
gmsc,mlp,0,18867,-0.1,0.10675968231649416,0.017723765414325018,0.08903591690216914,False,True,1.0655289314599012,0.9030303030303028,-0.10802894296599388,0.9,1.0,0.8181818181818182,0.9548837287873836,0.7,0.8
gmsc,mlp,0,18867,-0.05,0.10675968231649416,0.017253919748090332,0.08950576256840383,False,True,1.0655289314599012,0.9030303030303028,-0.11356180888901292,0.9,1.0,0.7454545454545454,0.9753548076122109,0.9,0.8
gmsc,mlp,0,18867,0.05,0.10675968231649416,0.44779741980483545,0.3410377374883413,False,True,1.5094936985209038,0.9151515151515152,0.26099999518443534,0.5,1.0,0.6969696969696969,0.9515177393789456,0.7,0.8
gmsc,mlp,0,18867,0.1,0.10675968231649416,0.4451259111906964,0.3383662288742022,False,True,1.750728930953682,0.9393939393939393,0.27904689631654594,0.6,1.0,0.9151515151515152,0.9306969959133726,0.8,1.0
gmsc,mlp,0,19222,-0.1,0.00886498166436768,0.008282579541266644,0.0005824021231010355,True,True,0.6675281473472447,0.9878787878787878,0.9927882725050711,0.9,0.8,0.7818181818181817,0.973409190412655,0.9,0.8
gmsc,mlp,0,19222,-0.05,0.00886498166436768,0.008046388951222958,0.000818592713144722,True,True,0.6675281473472447,0.9999999999999999,0.9950143220824965,0.9,1.0,0.709090909090909,0.9757629145746379,0.8,0.8
gmsc,mlp,0,19222,0.05,0.00886498166436768,0.38791379012240984,0.3790488084580422,False,True,1.7491592567440262,0.7939393939393938,-0.8261308189542094,0.5,0.8,0.7454545454545454,0.9339564851011891,0.9,0.8
gmsc,mlp,0,19222,0.1,0.00886498166436768,0.3603198582111483,0.35145487654678065,False,True,1.7491592567440262,0.8666666666666665,-0.8048483489126281,0.5,0.8,0.8424242424242423,0.9733124539657614,0.6,1.0
gmsc,mlp,0,19527,-0.1,0.033284680325930224,0.031665180133291976,0.0016195001926382485,True,True,1.7491592567440262,0.8303030303030302,0.9180434630743984,1.0,1.0,0.34545454545454546,0.8250918497619862,0.9,0.6
gmsc,mlp,0,19527,-0.05,0.033284680325930224,0.030795922656410308,0.0024887576695199164,True,True,1.7491592567440262,0.8303030303030302,0.9211757226643951,1.0,1.0,0.33333333333333326,0.854459095458874,0.9,0.6
gmsc,mlp,0,19527,0.05,0.033284680325930224,0.3612416359351688,0.32795695560923854,False,True,3.5158730065759887,0.7454545454545454,-0.4232753224752317,0.5,0.8,0.5151515151515151,-0.2200276808680578,0.7,0.6
gmsc,mlp,0,19527,0.1,0.033284680325930224,0.3584525396197712,0.32516785929384096,False,True,3.5158730065759887,0.7818181818181817,-0.43067468660269353,0.5,1.0,0.3939393939393939,0.4709546084033753,0.6,0.6
gmsc,mlp,0,20254,-0.1,0.03246038105471363,0.05576057424187966,0.02330019318716603,True,True,1.2599910123282463,0.6969696969696969,0.8965793850430924,1.0,0.8,0.8181818181818182,0.9860583652332482,0.7,0.8
gmsc,mlp,0,20254,-0.05,0.03246038105471363,0.05509293152180505,0.022632550467091415,True,True,1.2599910123282463,0.7333333333333332,0.8956731017480638,1.0,0.8,0.8181818181818182,0.9762074735932975,0.6,1.0
gmsc,mlp,0,20254,0.05,0.03246038105471363,0.4535773383274929,0.4211169572727793,False,True,2.0418187988274945,0.6121212121212121,-0.8849008981536347,0.5,0.6,0.7939393939393938,0.9548995994401633,0.6,0.8
gmsc,mlp,0,20254,0.1,0.03246038105471363,0.4465663719088269,0.41410599085411326,False,True,2.0418187988274945,0.5878787878787878,-0.88561531442461,0.5,0.6,0.7454545454545454,0.8795141007963224,0.5,0.8
gmsc,mlp,0,20807,-0.1,0.029925241501008837,0.03837080976301288,0.008445568262004044,True,True,0.9009113680039178,0.9878787878787878,0.949378382480942,0.9,1.0,0.6969696969696969,0.972637558873725,0.7,0.8
gmsc,mlp,0,20807,-0.05,0.029925241501008837,0.03810158414624197,0.008176342645233134,True,True,0.9009113680039178,0.9878787878787878,0.9493522156263253,0.9,1.0,0.7696969696969697,0.9764930608154857,0.9,0.8
gmsc,mlp,0,20807,0.05,0.029925241501008837,0.4375961119069015,0.40767087040589267,False,True,0.8658023818280449,0.7575757575757575,-0.7291105612981404,0.5,0.8,0.8545454545454544,0.9562124965877297,0.8,0.8
gmsc,mlp,0,20807,0.1,0.029925241501008837,0.43829741756265217,0.40837217606164333,False,True,0.8658023818280449,0.7454545454545454,-0.7269069382916491,0.6,0.8,0.9151515151515152,0.9272248046165881,0.8,1.0
gmsc,mlp,0,20926,-0.1,0.028728376376128278,0.03095765892302482,0.002229282546896541,True,True,2.1867580981728025,0.8424242424242423,0.9434607867631164,1.0,1.0,0.1515151515151515,0.5568549033278937,0.6,0.8
gmsc,mlp,0,20926,-0.05,0.028728376376128278,0.032631435768172845,0.0039030593920445673,True,True,2.3172215936263454,0.8424242424242423,0.9336888951183376,1.0,1.0,0.6,0.7492394515684189,0.9,0.8
gmsc,mlp,0,20926,0.05,0.028728376376128278,0.19740055915018576,0.1686721827740575,False,True,2.9449344475524075,0.7939393939393938,-0.16180581470758265,0.5,0.8,0.28484848484848485,0.2962057330376293,0.8,0.8
gmsc,mlp,0,20926,0.1,0.028728376376128278,0.18407904532284,0.15535066894671173,False,True,2.9449344475524075,0.7575757575757575,-0.14732718999834266,0.6,0.8,0.19999999999999998,0.17827637991951106,0.5,0.6
gmsc,mlp,0,21412,-0.1,0.013339745147288968,0.024372618084057086,0.011032872936768119,True,True,0.9009113680039178,0.9030303030303028,0.9147003073816113,0.8,1.0,0.7939393939393938,0.9816873126824663,0.8,0.8
gmsc,mlp,0,21412,-0.05,0.013339745147288968,0.0235852291777614,0.010245484030472431,True,True,0.9009113680039178,0.9151515151515152,0.915010041355871,0.8,1.0,0.9151515151515152,0.9921210672157953,0.9,0.8
gmsc,mlp,0,21412,0.05,0.013339745147288968,0.4098536146093801,0.3965138694620911,False,True,2.0418187988274945,0.7212121212121211,-0.8298860994943724,0.7,0.8,0.7454545454545454,0.9792604008194811,0.7,0.8
gmsc,mlp,0,21412,0.1,0.013339745147288968,0.40414986714483314,0.39081012199754417,False,True,2.0418187988274945,0.709090909090909,-0.8296057105714301,0.7,0.8,0.6969696969696969,0.9750226609264433,0.8,0.8
gmsc,mlp,0,21956,-0.1,0.024307767425846255,0.029605242958425582,0.005297475532579327,True,True,0.2957056346185135,0.8424242424242423,0.980293727028127,0.8888888888888888,1.0,0.7575757575757575,0.9872326731456199,0.7,1.0
gmsc,mlp,0,21956,-0.05,0.024307767425846255,0.028080086721182437,0.0037723192953361823,True,True,0.2957056346185135,0.8909090909090909,0.9851541135264513,0.9,1.0,0.709090909090909,0.9855434388333653,0.9,0.8
gmsc,mlp,0,21956,0.05,0.024307767425846255,0.4479527449551218,0.42364497752927555,False,True,2.0418187988274945,0.7212121212121211,-0.922973213036431,0.6,0.8,0.7818181818181817,0.8928994037359319,0.9,0.6
gmsc,mlp,0,21956,0.1,0.024307767425846255,0.44058696892550947,0.41627920149966324,False,True,2.0418187988274945,0.6606060606060605,-0.9185080903105091,0.5,0.6,0.5515151515151515,0.8866948658805548,0.7,0.6
gmsc,mlp,0,22644,-0.1,0.610027001624165,0.4087979305930802,0.20122907103108478,False,True,1.7655769130996246,0.6121212121212121,0.9206749471464043,0.6,0.6,0.8545454545454544,0.9520116505460172,1.0,0.8
gmsc,mlp,0,22644,-0.05,0.610027001624165,0.406732250275299,0.203294751348866,False,True,1.7655769130996246,0.6242424242424242,0.9205785592042612,0.7,0.6,0.8060606060606059,0.9020528848086299,0.9,0.8
gmsc,mlp,0,22644,0.05,0.610027001624165,0.6637265859415914,0.053699584317426385,False,True,2.2992647474508376,0.38181818181818183,0.9341830008008347,0.7,0.6,0.6606060606060605,0.9173734240737835,0.7,0.8
gmsc,mlp,0,22644,0.1,0.610027001624165,0.654977078869871,0.04495007724570599,True,True,2.2992647474508376,0.5272727272727272,0.9293181506594829,0.6666666666666666,0.6,0.9515151515151514,0.9448101048999761,0.8,1.0
gmsc,mlp,0,22714,-0.1,0.031390349232648995,0.02190479867850508,0.009485550554143914,True,True,0.4901677154868585,0.7818181818181817,0.9643624480792583,0.9,0.8,0.7212121212121211,0.9593298388309125,0.6,0.8
gmsc,mlp,0,22714,-0.05,0.031390349232648995,0.021344306950898714,0.010046042281750281,True,True,0.4901677154868585,0.7818181818181817,0.9658857708591834,0.9,0.8,0.8787878787878788,0.9838687977172202,0.9,1.0
gmsc,mlp,0,22714,0.05,0.031390349232648995,0.4256795212174185,0.3942891719847695,False,True,1.7491592567440262,0.7575757575757575,-0.8942980811791343,0.4,0.6,0.5878787878787878,0.9807147057593248,1.0,0.8
gmsc,mlp,0,22714,0.1,0.031390349232648995,0.4160353395536238,0.3846449903209748,False,True,1.7491592567440262,0.5878787878787878,-0.8949069446950848,0.5,0.6,0.9515151515151514,0.9786284603703765,1.0,1.0
gmsc,mlp,0,23087,-0.1,0.015990039074369918,0.015446483609147556,0.0005435554652223618,True,True,0.6766047697232113,0.9999999999999999,0.9993954441926075,1.0,1.0,0.5757575757575757,0.8853103603606225,0.7,0.8
gmsc,mlp,0,23087,-0.05,0.015990039074369918,0.015040987315051121,0.0009490517593187964,True,True,0.6766047697232113,0.9999999999999999,0.9992932173148236,1.0,1.0,0.8787878787878788,0.9323686377649614,0.7,1.0
gmsc,mlp,0,23087,0.05,0.015990039074369918,0.3932891652655593,0.3772991261911894,False,True,2.2230063578291217,0.9515151515151514,-0.6745400438768002,0.4,1.0,0.7212121212121211,0.8991233639351219,0.6,0.8
gmsc,mlp,0,23087,0.1,0.015990039074369918,0.3885848001334655,0.3725947610590956,False,True,2.498218383562291,0.9393939393939393,-0.6659483725565594,0.5,1.0,0.9272727272727272,0.8512364904677445,0.5,1.0
gmsc,mlp,0,23257,-0.1,0.0259165660956179,0.010027595032222707,0.015888971063395194,True,True,2.0418187988274945,0.8545454545454544,0.39396661090565066,0.8888888888888888,1.0,0.2727272727272727,0.6718002707560016,0.6,0.4
gmsc,mlp,0,23257,-0.05,0.0259165660956179,0.010409959423054678,0.015506606672563223,True,True,2.0418187988274945,0.8545454545454544,0.38522178176517025,0.9,1.0,0.5030303030303029,0.7500256471348059,0.8,0.4
gmsc,mlp,0,23257,0.05,0.0259165660956179,0.30136626615828593,0.27544970006266806,False,True,3.848050096277321,0.6848484848484848,0.30758835222782627,0.7,0.8,-0.33333333333333326,0.1046512034292725,0.7,0.2
gmsc,mlp,0,23257,0.1,0.0259165660956179,0.29926082406739085,0.273344257971773,False,True,3.848050096277321,0.6606060606060605,0.3094246170778412,0.7,0.8,0.7454545454545454,-0.3818070174462277,0.5,0.8
gmsc,mlp,0,23332,-0.1,0.03917668350864243,0.024295451193904034,0.014881232314738396,True,True,0.8658023818280449,0.9515151515151514,0.8948309536965746,0.9,0.8,0.7939393939393938,0.9402254467116542,0.7,0.8
gmsc,mlp,0,23332,-0.05,0.03917668350864243,0.023774275647591766,0.015402407861050665,True,True,0.8658023818280449,0.9515151515151514,0.8961797738188916,0.9,0.8,0.8545454545454544,0.9753009838814493,0.7,0.8
gmsc,mlp,0,23332,0.05,0.03917668350864243,0.5147698686279075,0.47559318511926507,False,True,2.632516131660007,0.9030303030303028,-0.6245251264243038,0.7,1.0,0.6363636363636362,0.7991489083792929,0.7,0.8
gmsc,mlp,0,23332,0.1,0.03917668350864243,0.5072208761828827,0.46804419267424024,False,True,2.632516131660007,0.9030303030303028,-0.6272789909217195,0.7,1.0,0.43030303030303024,0.7196713855916672,0.7,0.6
gmsc,mlp,0,23460,-0.1,0.011450227644602745,0.010051851584596934,0.0013983760600058109,True,True,0.2957056346185135,0.9515151515151514,0.9921417713149129,0.8,0.8,0.9151515151515152,0.974838259160174,0.8,1.0
gmsc,mlp,0,23460,-0.05,0.011450227644602745,0.009404169310319318,0.0020460583342834272,True,True,0.2957056346185135,0.9636363636363635,0.9930440862825387,0.8,1.0,0.9151515151515152,0.9626226578828868,0.6,0.8
gmsc,mlp,0,23460,0.05,0.011450227644602745,0.42637585092797387,0.4149256232833711,False,True,1.7491592567440262,0.9515151515151514,-0.8686065478053767,0.4,0.8,0.5757575757575757,0.9103335911558296,0.6,0.8
gmsc,mlp,0,23460,0.1,0.011450227644602745,0.4323105880256078,0.42086036038100505,False,True,1.750728930953682,0.9515151515151514,-0.865154283451238,0.4,0.8,0.7575757575757575,0.8834445999250273,0.6,0.8
gmsc,mlp,0,24565,-0.1,0.028494867437336282,0.028030506285952647,0.00046436115138363473,True,True,0.28768060798652134,0.9878787878787878,0.9980755550815936,1.0,1.0,0.5878787878787878,0.9746508127244634,0.7,0.8
gmsc,mlp,0,24565,-0.05,0.028494867437336282,0.027669663656856493,0.0008252037804797885,True,True,0.28768060798652134,0.9999999999999999,0.9986606322768447,1.0,1.0,0.7818181818181817,0.9775505189102539,0.9,0.8
gmsc,mlp,0,24565,0.05,0.028494867437336282,0.4138169244955235,0.38532205705818723,False,True,1.130503140919501,0.8787878787878788,-0.8365614154944186,0.5,0.8,0.6484848484848483,0.9824552071630273,1.0,0.8
gmsc,mlp,0,24565,0.1,0.028494867437336282,0.4099527851332358,0.38145791769589954,False,True,1.014982043698171,0.8424242424242423,-0.8386288210481598,0.5,0.8,0.6484848484848483,0.9819552591038786,0.7,0.8
gmsc,mlp,0,24718,-0.1,0.021129847841424094,0.03406573873744743,0.012935890896023334,True,True,1.454453093196591,0.8545454545454544,0.9325369611192176,1.0,1.0,0.7939393939393938,0.9769719289105535,0.8,0.8
gmsc,mlp,0,24718,-0.05,0.021129847841424094,0.03397101267922437,0.01284116483780028,True,True,1.454453093196591,0.8666666666666665,0.9298061805751023,1.0,1.0,0.7454545454545454,0.9782096716488127,0.8,0.8
gmsc,mlp,0,24718,0.05,0.021129847841424094,0.41921833377231116,0.3980884859308871,False,True,1.0813861029359735,0.9515151515151514,-0.7787463164731072,0.6,1.0,0.7333333333333332,0.953884431140259,0.6,0.8
gmsc,mlp,0,24718,0.1,0.021129847841424094,0.42730084064524215,0.4061709928038181,False,True,1.302235259388517,0.9636363636363635,-0.7775147304523528,0.6,1.0,0.6121212121212121,0.9209023408115322,0.4,0.8
gmsc,mlp,0,25064,-0.1,0.04814444791402401,0.060786001052195004,0.012641553138170995,True,True,0.9009113680039178,0.9757575757575757,0.9089442624657842,0.9,1.0,0.7212121212121211,0.9854928217671849,0.5,0.8
gmsc,mlp,0,25064,-0.05,0.04814444791402401,0.060413946223840095,0.012269498309816086,True,True,0.9009113680039178,0.9757575757575757,0.9091980555615147,0.9,1.0,0.8909090909090909,0.9948452997372401,0.9,1.0
gmsc,mlp,0,25064,0.05,0.04814444791402401,0.49125323403717497,0.44310878612315097,False,True,2.0418187988274945,0.7939393939393938,-0.6319819980763896,0.5,1.0,0.9151515151515152,0.8742203940198721,0.6,0.8
gmsc,mlp,0,25064,0.1,0.04814444791402401,0.4832696512764549,0.4351252033624309,False,True,2.0418187988274945,0.8181818181818182,-0.6421066080881106,0.5,1.0,0.6969696969696969,0.8792456866903335,0.7,0.8
gmsc,mlp,0,25616,-0.1,0.028028877078822016,0.03495394678909881,0.006925069710276791,True,True,1.4624781198285832,0.9999999999999999,0.9257758080514469,0.9,1.0,0.6727272727272726,0.9559125544366608,0.9,0.8
gmsc,mlp,0,25616,-0.05,0.028028877078822016,0.034274162132092924,0.006245285053270908,True,True,1.4624781198285832,0.9878787878787878,0.9268575466346534,0.9,0.8,0.709090909090909,0.9653665523003359,0.7,0.8
gmsc,mlp,0,25616,0.05,0.028028877078822016,0.36521557923736775,0.33718670215854574,False,True,1.8514022815652733,0.9272727272727272,-0.8312025151445184,0.4,1.0,0.8060606060606059,0.9305220681727111,0.9,1.0
gmsc,mlp,0,25616,0.1,0.028028877078822016,0.36176163136898215,0.33373275429016014,False,True,1.8514022815652733,0.9757575757575757,-0.8267542807157874,0.4,1.0,0.6242424242424242,0.9396232904361571,0.7,0.8
gmsc,mlp,0,25633,-0.1,0.48869412514069455,0.29333630582192294,0.1953578193187716,False,True,1.6489151740649362,0.8666666666666665,0.9128756718749328,0.7,0.8,0.9878787878787878,0.9759482616221179,0.8,1.0
gmsc,mlp,0,25633,-0.05,0.48869412514069455,0.29486159042625565,0.1938325347144389,False,True,1.6489151740649362,0.8424242424242423,0.9118471398378301,0.7,0.8,0.8060606060606059,0.9429329468989233,1.0,0.8
gmsc,mlp,0,25633,0.05,0.48869412514069455,0.6699340031841945,0.18123987804349995,False,True,1.4872594705736102,0.8545454545454544,0.9716032855825877,0.8,0.8,0.9030303030303028,0.9305101454148048,0.9,1.0
gmsc,mlp,0,25633,0.1,0.48869412514069455,0.6645400488146477,0.17584592367395313,False,True,1.3887267700024752,0.8303030303030302,0.9714443540400933,0.9,0.8,0.7696969696969697,0.9196062155994053,1.0,0.8
gmsc,mlp,0,26515,-0.1,0.3587070787882432,0.18931947190016918,0.16938760688807403,False,True,0.8710668505915563,0.6121212121212121,0.9880589101747393,1.0,0.6,0.6484848484848483,0.978352450696254,1.0,0.8
gmsc,mlp,0,26515,-0.05,0.3587070787882432,0.18934441723638687,0.16936266155185634,False,True,0.8710668505915563,0.6121212121212121,0.9878684578035885,0.9,0.6,0.6363636363636362,0.9665838150858623,0.8,0.8
gmsc,mlp,0,26515,0.05,0.3587070787882432,0.537860315841001,0.17915323705275782,False,True,2.0418187988274945,0.8060606060606059,0.9009586296903098,0.6,0.8,0.9393939393939393,0.9664859862857827,1.0,0.8
gmsc,mlp,0,26515,0.1,0.3587070787882432,0.5372076210764148,0.17850054228817164,False,True,2.0418187988274945,0.8303030303030302,0.9046885173252737,0.6,0.8,0.7575757575757575,0.9481331353826827,0.7,0.8
gmsc,mlp,0,26683,-0.1,0.01206624707217645,0.011776293433865565,0.0002899536383108841,True,True,1.0655289314599012,0.9757575757575757,0.9974846902615412,1.0,0.8,0.7333333333333332,0.917704212877848,0.8,0.8
gmsc,mlp,0,26683,-0.05,0.01206624707217645,0.011451770091311562,0.0006144769808648868,True,True,1.0655289314599012,0.9757575757575757,0.9979097581093169,1.0,0.8,0.5030303030303029,0.8592213153878573,0.7,0.8
gmsc,mlp,0,26683,0.05,0.01206624707217645,0.3604807011807359,0.3484144541085594,False,True,2.7224652193448744,0.9151515151515152,-0.6142527614094538,0.5,1.0,0.5515151515151515,0.7323714182246427,0.5,0.8
gmsc,mlp,0,26683,0.1,0.01206624707217645,0.35854591287099064,0.3464796657988142,False,True,3.0214610003883173,0.9151515151515152,-0.6016847351336618,0.5,1.0,0.7575757575757575,0.47382738716933215,0.4,0.8
gmsc,mlp,0,27666,-0.1,0.029579247970983,0.029110897291496986,0.0004683506794860119,True,True,0.8710668505915563,0.9757575757575757,0.9995178655979011,1.0,1.0,0.8909090909090909,0.9644214475038724,0.9,0.8
gmsc,mlp,0,27666,-0.05,0.029579247970983,0.028879861011021364,0.0006993869599616342,True,True,0.8710668505915563,0.9878787878787878,0.999571606281291,1.0,1.0,0.7454545454545454,0.9499333009839566,0.8,0.8
gmsc,mlp,0,27666,0.05,0.029579247970983,0.4707615587845065,0.4411823108135235,False,True,1.7013132683660752,0.8666666666666665,-0.6917766082333865,0.3333333333333333,0.8,0.6727272727272726,0.8820511745251872,0.5,0.8
gmsc,mlp,0,27666,0.1,0.029579247970983,0.4649102656733628,0.4353310177023798,False,True,1.6129736057850579,0.7575757575757575,-0.6905285690594457,0.3333333333333333,0.8,0.8303030303030302,0.8885457434246173,0.5,0.8
gmsc,mlp,0,28999,-0.1,0.032649253395962516,0.032028262383532305,0.0006209910124302109,True,True,1.0735539580918934,0.9515151515151514,0.9930800092741731,1.0,1.0,0.406060606060606,0.8661251630020453,0.8,0.6
gmsc,mlp,0,28999,-0.05,0.032649253395962516,0.03182295385252758,0.0008262995434349385,True,True,1.0735539580918934,0.9515151515151514,0.993489864983162,1.0,1.0,0.6606060606060605,0.9031277300941699,0.8,0.8
gmsc,mlp,0,28999,0.05,0.032649253395962516,0.3692991040295471,0.33664985063358455,False,True,2.3657088896907656,0.8181818181818182,-0.6735329829367253,0.3,0.8,0.5515151515151515,0.7221245584899386,0.7,0.8
gmsc,mlp,0,28999,0.1,0.032649253395962516,0.37045936068169005,0.3378101072857275,False,True,2.6477162740840128,0.7696969696969697,-0.6637632188387376,0.4,0.8,0.23636363636363633,0.6979758858813522,0.6,0.6
gmsc,mlp,0,29113,-0.1,0.06318834741817617,0.09312562250385627,0.0299372750856801,True,True,1.6489151740649362,0.9636363636363635,0.9518252776941178,1.0,0.8,0.9151515151515152,0.9730733766890595,0.8,0.8
gmsc,mlp,0,29113,-0.05,0.06318834741817617,0.09384210773914496,0.030653760320968795,True,True,1.6489151740649362,0.9515151515151514,0.9507778942816525,1.0,0.8,0.9030303030303028,0.9805806310261561,0.9,0.8
gmsc,mlp,0,29113,0.05,0.06318834741817617,0.5077358234292799,0.4445474760111038,False,True,1.3445569387119667,0.8787878787878788,-0.4574676597595691,0.5,1.0,0.8303030303030302,0.8938827868668007,0.6,0.8
gmsc,mlp,0,29113,0.1,0.06318834741817617,0.5029966224518821,0.439808275033706,False,True,1.2599910123282463,0.8666666666666665,-0.45842999489685293,0.3333333333333333,1.0,0.9151515151515152,0.9708900747870512,0.7,1.0
